CUDA_VISIBLE_DEVICES=0,1
Wed Sep 24 19:42:56 2025       
+-----------------------------------------------------------------------------------------+
| NVIDIA-SMI 575.57.08              Driver Version: 575.57.08      CUDA Version: 12.9     |
|-----------------------------------------+------------------------+----------------------+
| GPU  Name                 Persistence-M | Bus-Id          Disp.A | Volatile Uncorr. ECC |
| Fan  Temp   Perf          Pwr:Usage/Cap |           Memory-Usage | GPU-Util  Compute M. |
|                                         |                        |               MIG M. |
|=========================================+========================+======================|
|   0  NVIDIA RTX A6000               Off |   00000000:5E:00.0 Off |                  Off |
| 30%   33C    P8             20W /  300W |       1MiB /  49140MiB |      0%      Default |
|                                         |                        |                  N/A |
+-----------------------------------------+------------------------+----------------------+
|   1  NVIDIA RTX A6000               Off |   00000000:86:00.0 Off |                  Off |
| 30%   32C    P8             17W /  300W |       1MiB /  49140MiB |      0%      Default |
|                                         |                        |                  N/A |
+-----------------------------------------+------------------------+----------------------+
                                                                                         
+-----------------------------------------------------------------------------------------+
| Processes:                                                                              |
|  GPU   GI   CI              PID   Type   Process name                        GPU Memory |
|        ID   ID                                                               Usage      |
|=========================================================================================|
|  No running processes found                                                             |
+-----------------------------------------------------------------------------------------+
W0924 19:43:04.881688 570930 site-packages/torch/distributed/run.py:774] 
W0924 19:43:04.881688 570930 site-packages/torch/distributed/run.py:774] *****************************************
W0924 19:43:04.881688 570930 site-packages/torch/distributed/run.py:774] Setting OMP_NUM_THREADS environment variable for each process to be 1 in default, to avoid your system being overloaded, please further tune the variable for optimal performance in your application as needed. 
W0924 19:43:04.881688 570930 site-packages/torch/distributed/run.py:774] *****************************************
[2025-09-24 19:43:10,874] [INFO] [real_accelerator.py:203:get_accelerator] Setting ds_accelerator to cuda (auto detect)
[2025-09-24 19:43:10,908] [INFO] [real_accelerator.py:203:get_accelerator] Setting ds_accelerator to cuda (auto detect)
Warning: The default cache directory for DeepSpeed Triton autotune, /home/ashmal/.triton/autotune, appears to be on an NFS system. While this is generally acceptable, if you experience slowdowns or hanging when DeepSpeed exits, it is recommended to set the TRITON_CACHE_DIR environment variable to a non-NFS path.
Warning: The default cache directory for DeepSpeed Triton autotune, /home/ashmal/.triton/autotune, appears to be on an NFS system. While this is generally acceptable, if you experience slowdowns or hanging when DeepSpeed exits, it is recommended to set the TRITON_CACHE_DIR environment variable to a non-NFS path.
[93m [WARNING] [0m async_io requires the dev libaio .so object and headers but these were not found.
[93m [WARNING] [0m async_io requires the dev libaio .so object and headers but these were not found.
[93m [WARNING] [0m async_io: please install the libaio-dev package with apt
[93m [WARNING] [0m If libaio is already installed (perhaps from source), try setting the CFLAGS and LDFLAGS environment variables to where it can be found.
[93m [WARNING] [0m Please specify the CUTLASS repo directory as environment variable $CUTLASS_PATH
[93m [WARNING] [0m async_io: please install the libaio-dev package with apt
[93m [WARNING] [0m If libaio is already installed (perhaps from source), try setting the CFLAGS and LDFLAGS environment variables to where it can be found.
[93m [WARNING] [0m Please specify the CUTLASS repo directory as environment variable $CUTLASS_PATH
[93m [WARNING] [0m sparse_attn requires a torch version >= 1.5 and < 2.0 but detected 2.8
[93m [WARNING] [0m sparse_attn requires a torch version >= 1.5 and < 2.0 but detected 2.8
[93m [WARNING] [0m using untested triton version (3.4.0), only 1.0.0 is known to be compatible
[93m [WARNING] [0m using untested triton version (3.4.0), only 1.0.0 is known to be compatible
/home/ashmal/anaconda3/envs/cvs_ass5_internvl/lib/python3.9/site-packages/deepspeed/runtime/zero/linear.py:49: FutureWarning: `torch.cuda.amp.custom_fwd(args...)` is deprecated. Please use `torch.amp.custom_fwd(args..., device_type='cuda')` instead.
  def forward(ctx, input, weight, bias=None):
/home/ashmal/anaconda3/envs/cvs_ass5_internvl/lib/python3.9/site-packages/deepspeed/runtime/zero/linear.py:67: FutureWarning: `torch.cuda.amp.custom_bwd(args...)` is deprecated. Please use `torch.amp.custom_bwd(args..., device_type='cuda')` instead.
  def backward(ctx, grad_output):
/home/ashmal/anaconda3/envs/cvs_ass5_internvl/lib/python3.9/site-packages/deepspeed/runtime/zero/linear.py:49: FutureWarning: `torch.cuda.amp.custom_fwd(args...)` is deprecated. Please use `torch.amp.custom_fwd(args..., device_type='cuda')` instead.
  def forward(ctx, input, weight, bias=None):
/home/ashmal/anaconda3/envs/cvs_ass5_internvl/lib/python3.9/site-packages/deepspeed/runtime/zero/linear.py:67: FutureWarning: `torch.cuda.amp.custom_bwd(args...)` is deprecated. Please use `torch.amp.custom_bwd(args..., device_type='cuda')` instead.
  def backward(ctx, grad_output):
petrel_client is not installed. If you read data locally instead of from ceph, ignore it.
petrel_client is not installed. If you read data locally instead of from ceph, ignore it.
petrel_client is not installed. Using PIL to load images.
petrel_client is not installed. Using PIL to load images.
[2025-09-24 19:43:29,639] [INFO] [comm.py:637:init_distributed] cdb=None
[2025-09-24 19:43:29,650] [INFO] [comm.py:637:init_distributed] cdb=None
[2025-09-24 19:43:29,650] [INFO] [comm.py:668:init_distributed] Initializing TorchBackend in DeepSpeed with backend nccl
09/24/2025 19:43:29 - WARNING - __main__ - Process rank: 1, device: cuda:1, n_gpu: 1distributed training: True, 16-bits training: False
09/24/2025 19:43:29 - WARNING - __main__ - Process rank: 0, device: cuda:0, n_gpu: 1distributed training: True, 16-bits training: False
09/24/2025 19:43:29 - INFO - __main__ - Training/evaluation parameters TrainingArguments(
_n_gpu=1,
adafactor=False,
adam_beta1=0.9,
adam_beta2=0.999,
adam_epsilon=1e-08,
auto_find_batch_size=False,
bf16=True,
bf16_full_eval=False,
data_seed=None,
dataloader_drop_last=False,
dataloader_num_workers=4,
dataloader_persistent_workers=False,
dataloader_pin_memory=True,
ddp_backend=None,
ddp_broadcast_buffers=None,
ddp_bucket_cap_mb=None,
ddp_find_unused_parameters=None,
ddp_timeout=1800,
debug=[],
deepspeed=zero_stage1_config.json,
disable_tqdm=False,
dispatch_batches=None,
do_eval=False,
do_predict=False,
do_train=True,
eval_accumulation_steps=None,
eval_delay=0,
eval_steps=None,
evaluation_strategy=no,
fp16=False,
fp16_backend=auto,
fp16_full_eval=False,
fp16_opt_level=O1,
fsdp=[],
fsdp_config={'min_num_params': 0, 'xla': False, 'xla_fsdp_grad_ckpt': False},
fsdp_min_num_params=0,
fsdp_transformer_layer_cls_to_wrap=None,
full_determinism=False,
gradient_accumulation_steps=32,
gradient_checkpointing=False,
gradient_checkpointing_kwargs=None,
greater_is_better=None,
group_by_length=True,
half_precision_backend=auto,
hub_always_push=False,
hub_model_id=None,
hub_private_repo=False,
hub_strategy=every_save,
hub_token=<HUB_TOKEN>,
ignore_data_skip=False,
include_inputs_for_metrics=False,
include_num_input_tokens_seen=False,
include_tokens_per_second=False,
jit_mode_eval=False,
label_names=None,
label_smoothing_factor=0.0,
learning_rate=2e-05,
length_column_name=length,
load_best_model_at_end=False,
local_rank=0,
log_level=passive,
log_level_replica=warning,
log_on_each_node=True,
logging_dir=work_dirs/internvl_chat_v3/internvl3_8b_dynamic_res_2nd_finetune_full/runs/Sep24_19-43-29_c1-8,
logging_first_step=False,
logging_nan_inf_filter=True,
logging_steps=1.0,
logging_strategy=steps,
lr_scheduler_kwargs={},
lr_scheduler_type=cosine,
max_grad_norm=1.0,
max_steps=-1,
metric_for_best_model=None,
mp_parameters=,
neftune_noise_alpha=None,
no_cuda=False,
num_train_epochs=1.0,
optim=adamw_torch,
optim_args=None,
output_dir=work_dirs/internvl_chat_v3/internvl3_8b_dynamic_res_2nd_finetune_full,
overwrite_output_dir=True,
past_index=-1,
per_device_eval_batch_size=8,
per_device_train_batch_size=1,
prediction_loss_only=False,
push_to_hub=False,
push_to_hub_model_id=None,
push_to_hub_organization=None,
push_to_hub_token=<PUSH_TO_HUB_TOKEN>,
ray_scope=last,
remove_unused_columns=True,
report_to=['tensorboard'],
resume_from_checkpoint=None,
run_name=work_dirs/internvl_chat_v3/internvl3_8b_dynamic_res_2nd_finetune_full,
save_on_each_node=False,
save_only_model=False,
save_safetensors=True,
save_steps=200,
save_strategy=steps,
save_total_limit=1,
seed=42,
skip_memory_metrics=True,
split_batches=False,
tf32=None,
torch_compile=False,
torch_compile_backend=None,
torch_compile_mode=None,
torchdynamo=None,
tpu_metrics_debug=False,
tpu_num_cores=None,
use_cpu=False,
use_ipex=False,
use_legacy_prediction_loop=False,
use_mps_device=False,
warmup_ratio=0.03,
warmup_steps=0,
weight_decay=0.05,
)
09/24/2025 19:43:29 - INFO - __main__ - Loading Tokenizer: OpenGVLab/InternVL3-8B
[INFO|tokenization_utils_base.py:2027] 2025-09-24 19:43:30,976 >> loading file vocab.json from cache at /home/ashmal/.cache/huggingface/hub/models--OpenGVLab--InternVL3-8B/snapshots/853e3a797a661694b1b8ece0cb72dc2b23e3dac9/vocab.json
[INFO|tokenization_utils_base.py:2027] 2025-09-24 19:43:30,977 >> loading file merges.txt from cache at /home/ashmal/.cache/huggingface/hub/models--OpenGVLab--InternVL3-8B/snapshots/853e3a797a661694b1b8ece0cb72dc2b23e3dac9/merges.txt
[INFO|tokenization_utils_base.py:2027] 2025-09-24 19:43:30,977 >> loading file added_tokens.json from cache at /home/ashmal/.cache/huggingface/hub/models--OpenGVLab--InternVL3-8B/snapshots/853e3a797a661694b1b8ece0cb72dc2b23e3dac9/added_tokens.json
[INFO|tokenization_utils_base.py:2027] 2025-09-24 19:43:30,977 >> loading file special_tokens_map.json from cache at /home/ashmal/.cache/huggingface/hub/models--OpenGVLab--InternVL3-8B/snapshots/853e3a797a661694b1b8ece0cb72dc2b23e3dac9/special_tokens_map.json
[INFO|tokenization_utils_base.py:2027] 2025-09-24 19:43:30,977 >> loading file tokenizer_config.json from cache at /home/ashmal/.cache/huggingface/hub/models--OpenGVLab--InternVL3-8B/snapshots/853e3a797a661694b1b8ece0cb72dc2b23e3dac9/tokenizer_config.json
[INFO|tokenization_utils_base.py:2027] 2025-09-24 19:43:30,977 >> loading file tokenizer.json from cache at /home/ashmal/.cache/huggingface/hub/models--OpenGVLab--InternVL3-8B/snapshots/853e3a797a661694b1b8ece0cb72dc2b23e3dac9/tokenizer.json
[WARNING|logging.py:314] 2025-09-24 19:43:31,722 >> Special tokens have been added in the vocabulary, make sure the associated word embeddings are fine-tuned or trained.
[WARNING|logging.py:314] 2025-09-24 19:43:31,731 >> Special tokens have been added in the vocabulary, make sure the associated word embeddings are fine-tuned or trained.
09/24/2025 19:43:31 - INFO - __main__ - Loading InternVLChatModel...
[INFO|configuration_utils.py:729] 2025-09-24 19:43:31,886 >> loading configuration file config.json from cache at /home/ashmal/.cache/huggingface/hub/models--OpenGVLab--InternVL3-8B/snapshots/853e3a797a661694b1b8ece0cb72dc2b23e3dac9/config.json
[INFO|configuration_utils.py:792] 2025-09-24 19:43:31,894 >> Model config InternVLChatConfig {
  "_commit_hash": "853e3a797a661694b1b8ece0cb72dc2b23e3dac9",
  "_name_or_path": "/mnt/petrelfs/wangweiyun/workspace_wwy/open_source/InternVL/internvl_chat/work_dirs/internvl_chat_v3_0/InternVL3_0-8B-MPO-try0-2",
  "architectures": [
    "InternVLChatModel"
  ],
  "auto_map": {
    "AutoConfig": "OpenGVLab/InternVL3-8B--configuration_internvl_chat.InternVLChatConfig",
    "AutoModel": "OpenGVLab/InternVL3-8B--modeling_internvl_chat.InternVLChatModel",
    "AutoModelForCausalLM": "OpenGVLab/InternVL3-8B--modeling_internvl_chat.InternVLChatModel"
  },
  "downsample_ratio": 0.5,
  "dynamic_image_size": true,
  "force_image_size": 448,
  "hidden_size": 3584,
  "image_fold": null,
  "llm_config": {
    "_attn_implementation_autoset": true,
    "_name_or_path": "./pretrained/Qwen2.5-32B-Instruct",
    "add_cross_attention": false,
    "architectures": [
      "Qwen2ForCausalLM"
    ],
    "attention_dropout": 0.0,
    "bad_words_ids": null,
    "begin_suppress_tokens": null,
    "bos_token_id": 151643,
    "chunk_size_feed_forward": 0,
    "cross_attention_hidden_size": null,
    "decoder_start_token_id": null,
    "diversity_penalty": 0.0,
    "do_sample": false,
    "early_stopping": false,
    "encoder_no_repeat_ngram_size": 0,
    "eos_token_id": 151643,
    "exponential_decay_length_penalty": null,
    "finetuning_task": null,
    "forced_bos_token_id": null,
    "forced_eos_token_id": null,
    "hidden_act": "silu",
    "hidden_size": 3584,
    "id2label": {
      "0": "LABEL_0",
      "1": "LABEL_1"
    },
    "initializer_range": 0.02,
    "intermediate_size": 18944,
    "is_decoder": false,
    "is_encoder_decoder": false,
    "label2id": {
      "LABEL_0": 0,
      "LABEL_1": 1
    },
    "length_penalty": 1.0,
    "max_length": 20,
    "max_position_embeddings": 32768,
    "max_window_layers": 70,
    "min_length": 0,
    "model_type": "qwen2",
    "moe_config": null,
    "no_repeat_ngram_size": 0,
    "num_attention_heads": 28,
    "num_beam_groups": 1,
    "num_beams": 1,
    "num_hidden_layers": 28,
    "num_key_value_heads": 4,
    "num_return_sequences": 1,
    "output_attentions": false,
    "output_hidden_states": false,
    "output_scores": false,
    "pad_token_id": null,
    "prefix": null,
    "problem_type": null,
    "pruned_heads": {},
    "remove_invalid_values": false,
    "repetition_penalty": 1.0,
    "return_dict": true,
    "return_dict_in_generate": false,
    "rms_norm_eps": 1e-06,
    "rope_scaling": {
      "factor": 2.0,
      "rope_type": "dynamic",
      "type": "dynamic"
    },
    "rope_theta": 1000000.0,
    "sep_token_id": null,
    "sliding_window": null,
    "suppress_tokens": null,
    "task_specific_params": null,
    "temperature": 1.0,
    "tf_legacy_loss": false,
    "tie_encoder_decoder": false,
    "tie_word_embeddings": false,
    "tokenizer_class": null,
    "top_k": 50,
    "top_p": 1.0,
    "torch_dtype": "bfloat16",
    "torchscript": false,
    "transformers_version": "4.37.2",
    "typical_p": 1.0,
    "use_bfloat16": true,
    "use_cache": false,
    "use_sliding_window": false,
    "vocab_size": 151674
  },
  "max_dynamic_patch": 12,
  "min_dynamic_patch": 1,
  "model_type": "internvl_chat",
  "pad2square": false,
  "ps_version": "v2",
  "select_layer": -1,
  "system_message": null,
  "template": "internvl2_5",
  "tie_word_embeddings": false,
  "torch_dtype": "bfloat16",
  "transformers_version": null,
  "use_backbone_lora": 0,
  "use_llm_lora": 0,
  "use_thumbnail": true,
  "vision_config": {
    "_attn_implementation_autoset": true,
    "_name_or_path": "OpenGVLab/InternViT-6B-448px-V1-5",
    "add_cross_attention": false,
    "architectures": [
      "InternVisionModel"
    ],
    "attention_dropout": 0.0,
    "auto_map": {
      "AutoConfig": "configuration_intern_vit.InternVisionConfig",
      "AutoModel": "modeling_intern_vit.InternVisionModel"
    },
    "bad_words_ids": null,
    "begin_suppress_tokens": null,
    "bos_token_id": null,
    "capacity_factor": 1.2,
    "chunk_size_feed_forward": 0,
    "cross_attention_hidden_size": null,
    "decoder_start_token_id": null,
    "diversity_penalty": 0.0,
    "do_sample": false,
    "drop_path_rate": 0.1,
    "dropout": 0.0,
    "early_stopping": false,
    "encoder_no_repeat_ngram_size": 0,
    "eos_token_id": null,
    "eval_capacity_factor": 1.4,
    "exponential_decay_length_penalty": null,
    "finetuning_task": null,
    "forced_bos_token_id": null,
    "forced_eos_token_id": null,
    "hidden_act": "gelu",
    "hidden_size": 1024,
    "id2label": {
      "0": "LABEL_0",
      "1": "LABEL_1"
    },
    "image_size": 448,
    "initializer_factor": 0.1,
    "initializer_range": 1e-10,
    "intermediate_size": 4096,
    "is_decoder": false,
    "is_encoder_decoder": false,
    "label2id": {
      "LABEL_0": 0,
      "LABEL_1": 1
    },
    "laux_allreduce": "all_nodes",
    "layer_norm_eps": 1e-06,
    "length_penalty": 1.0,
    "max_length": 20,
    "min_length": 0,
    "model_type": "intern_vit_6b",
    "moe_coeff_ratio": 0.5,
    "moe_intermediate_size": 768,
    "moe_output_scale": 4.0,
    "no_repeat_ngram_size": 0,
    "noisy_gate_policy": "RSample_before",
    "norm_type": "layer_norm",
    "num_attention_heads": 16,
    "num_beam_groups": 1,
    "num_beams": 1,
    "num_channels": 3,
    "num_experts": 8,
    "num_hidden_layers": 24,
    "num_return_sequences": 1,
    "num_routed_experts": 4,
    "num_shared_experts": 4,
    "output_attentions": false,
    "output_hidden_states": false,
    "output_scores": false,
    "pad_token_id": null,
    "patch_size": 14,
    "prefix": null,
    "problem_type": null,
    "pruned_heads": {},
    "qk_normalization": false,
    "qkv_bias": true,
    "remove_invalid_values": false,
    "repetition_penalty": 1.0,
    "return_dict": true,
    "return_dict_in_generate": false,
    "sep_token_id": null,
    "shared_expert_intermediate_size": 3072,
    "suppress_tokens": null,
    "task_specific_params": null,
    "temperature": 1.0,
    "tf_legacy_loss": false,
    "tie_encoder_decoder": false,
    "tie_word_embeddings": true,
    "tokenizer_class": null,
    "top_k": 50,
    "top_p": 1.0,
    "torch_dtype": "bfloat16",
    "torchscript": false,
    "transformers_version": "4.37.2",
    "typical_p": 1.0,
    "use_bfloat16": true,
    "use_flash_attn": true,
    "use_moe": false,
    "use_residual": true,
    "use_rts": false,
    "use_weighted_residual": false
  }
}

09/24/2025 19:43:31 - INFO - __main__ - Using flash_attention_2 for LLaMA
[INFO|modeling_utils.py:3476] 2025-09-24 19:43:32,177 >> loading weights file model.safetensors from cache at /home/ashmal/.cache/huggingface/hub/models--OpenGVLab--InternVL3-8B/snapshots/853e3a797a661694b1b8ece0cb72dc2b23e3dac9/model.safetensors.index.json
Downloading shards:   0%|          | 0/4 [00:00<?, ?it/s]Downloading shards:   0%|          | 0/4 [00:00<?, ?it/s]Downloading shards:  50%|#####     | 2/4 [00:00<00:00, 13.48it/s]Downloading shards:  50%|#####     | 2/4 [00:00<00:00, 10.90it/s]Downloading shards: 100%|##########| 4/4 [00:00<00:00, 13.16it/s]Downloading shards: 100%|##########| 4/4 [00:00<00:00, 13.18it/s]
[INFO|modeling_utils.py:1426] 2025-09-24 19:43:32,567 >> Instantiating InternVLChatModel model under default dtype torch.bfloat16.
[INFO|configuration_utils.py:826] 2025-09-24 19:43:32,575 >> Generate config GenerationConfig {}

Downloading shards: 100%|##########| 4/4 [00:00<00:00, 10.39it/s]Downloading shards: 100%|##########| 4/4 [00:00<00:00, 10.45it/s]
[INFO|configuration_utils.py:826] 2025-09-24 19:43:32,720 >> Generate config GenerationConfig {
  "bos_token_id": 151643,
  "eos_token_id": 151643,
  "use_cache": false
}

Loading checkpoint shards:   0%|          | 0/4 [00:00<?, ?it/s]Loading checkpoint shards:   0%|          | 0/4 [00:00<?, ?it/s]Loading checkpoint shards:  25%|##5       | 1/4 [00:52<02:36, 52.23s/it]Loading checkpoint shards:  25%|##5       | 1/4 [00:52<02:37, 52.36s/it]Loading checkpoint shards:  50%|#####     | 2/4 [01:37<01:36, 48.18s/it]Loading checkpoint shards:  50%|#####     | 2/4 [01:37<01:36, 48.24s/it]Loading checkpoint shards:  75%|#######5  | 3/4 [02:19<00:45, 45.13s/it]Loading checkpoint shards:  75%|#######5  | 3/4 [02:19<00:45, 45.16s/it]Loading checkpoint shards: 100%|##########| 4/4 [02:28<00:00, 30.83s/it]Loading checkpoint shards: 100%|##########| 4/4 [02:28<00:00, 37.01s/it]
Loading checkpoint shards: 100%|##########| 4/4 [02:28<00:00, 30.85s/it]Loading checkpoint shards: 100%|##########| 4/4 [02:28<00:00, 37.02s/it]
[INFO|modeling_utils.py:4350] 2025-09-24 19:46:04,187 >> All model checkpoint weights were used when initializing InternVLChatModel.

[INFO|modeling_utils.py:4358] 2025-09-24 19:46:04,187 >> All the weights of InternVLChatModel were initialized from the model checkpoint at OpenGVLab/InternVL3-8B.
If your task is similar to the task the model of the checkpoint was trained on, you can already use InternVLChatModel for predictions without further training.
[INFO|configuration_utils.py:781] 2025-09-24 19:46:04,283 >> loading configuration file generation_config.json from cache at /home/ashmal/.cache/huggingface/hub/models--OpenGVLab--InternVL3-8B/snapshots/853e3a797a661694b1b8ece0cb72dc2b23e3dac9/generation_config.json
[INFO|configuration_utils.py:826] 2025-09-24 19:46:04,284 >> Generate config GenerationConfig {}

09/24/2025 19:46:04 - INFO - __main__ - Finished
09/24/2025 19:46:04 - INFO - __main__ - model.config.force_image_size: 448
09/24/2025 19:46:04 - INFO - __main__ - data_args.force_image_size: 448
09/24/2025 19:46:04 - INFO - __main__ - model.config.vision_config.image_size: 448
09/24/2025 19:46:04 - INFO - __main__ - max_dynamic_patch is set to 12 according to the meta file
09/24/2025 19:46:04 - INFO - __main__ - [Dataset] num_image_token: 256
09/24/2025 19:46:04 - INFO - __main__ - [Dataset] dynamic_image_size: True
09/24/2025 19:46:04 - INFO - __main__ - [Dataset] use_thumbnail: True
09/24/2025 19:46:04 - INFO - __main__ - [Dataset] min_dynamic_patch: 1, max_dynamic_patch: 12
09/24/2025 19:46:04 - INFO - __main__ - Formatting inputs...Skip in lazy mode
09/24/2025 19:46:04 - INFO - __main__ - Add dataset: mathvista_testmini with length: 1000
trainable params: 40,370,176 || all params: 7,653,191,168 || trainable%: 0.5274946765840411
09/24/2025 19:46:05 - INFO - __main__ - language_model.base_model.model.model.layers.0.self_attn.q_proj.lora_A.default.weight
09/24/2025 19:46:05 - INFO - __main__ - language_model.base_model.model.model.layers.0.self_attn.q_proj.lora_B.default.weight
09/24/2025 19:46:05 - INFO - __main__ - language_model.base_model.model.model.layers.0.self_attn.k_proj.lora_A.default.weight
09/24/2025 19:46:05 - INFO - __main__ - language_model.base_model.model.model.layers.0.self_attn.k_proj.lora_B.default.weight
09/24/2025 19:46:05 - INFO - __main__ - language_model.base_model.model.model.layers.0.self_attn.v_proj.lora_A.default.weight
09/24/2025 19:46:05 - INFO - __main__ - language_model.base_model.model.model.layers.0.self_attn.v_proj.lora_B.default.weight
09/24/2025 19:46:05 - INFO - __main__ - language_model.base_model.model.model.layers.0.self_attn.o_proj.lora_A.default.weight
09/24/2025 19:46:05 - INFO - __main__ - language_model.base_model.model.model.layers.0.self_attn.o_proj.lora_B.default.weight
09/24/2025 19:46:05 - INFO - __main__ - language_model.base_model.model.model.layers.0.mlp.gate_proj.lora_A.default.weight
09/24/2025 19:46:05 - INFO - __main__ - language_model.base_model.model.model.layers.0.mlp.gate_proj.lora_B.default.weight
09/24/2025 19:46:05 - INFO - __main__ - language_model.base_model.model.model.layers.0.mlp.up_proj.lora_A.default.weight
09/24/2025 19:46:05 - INFO - __main__ - language_model.base_model.model.model.layers.0.mlp.up_proj.lora_B.default.weight
09/24/2025 19:46:05 - INFO - __main__ - language_model.base_model.model.model.layers.0.mlp.down_proj.lora_A.default.weight
09/24/2025 19:46:05 - INFO - __main__ - language_model.base_model.model.model.layers.0.mlp.down_proj.lora_B.default.weight
09/24/2025 19:46:05 - INFO - __main__ - language_model.base_model.model.model.layers.1.self_attn.q_proj.lora_A.default.weight
09/24/2025 19:46:05 - INFO - __main__ - language_model.base_model.model.model.layers.1.self_attn.q_proj.lora_B.default.weight
09/24/2025 19:46:05 - INFO - __main__ - language_model.base_model.model.model.layers.1.self_attn.k_proj.lora_A.default.weight
09/24/2025 19:46:05 - INFO - __main__ - language_model.base_model.model.model.layers.1.self_attn.k_proj.lora_B.default.weight
09/24/2025 19:46:05 - INFO - __main__ - language_model.base_model.model.model.layers.1.self_attn.v_proj.lora_A.default.weight
09/24/2025 19:46:05 - INFO - __main__ - language_model.base_model.model.model.layers.1.self_attn.v_proj.lora_B.default.weight
09/24/2025 19:46:05 - INFO - __main__ - language_model.base_model.model.model.layers.1.self_attn.o_proj.lora_A.default.weight
09/24/2025 19:46:05 - INFO - __main__ - language_model.base_model.model.model.layers.1.self_attn.o_proj.lora_B.default.weight
09/24/2025 19:46:05 - INFO - __main__ - language_model.base_model.model.model.layers.1.mlp.gate_proj.lora_A.default.weight
09/24/2025 19:46:05 - INFO - __main__ - language_model.base_model.model.model.layers.1.mlp.gate_proj.lora_B.default.weight
09/24/2025 19:46:05 - INFO - __main__ - language_model.base_model.model.model.layers.1.mlp.up_proj.lora_A.default.weight
09/24/2025 19:46:05 - INFO - __main__ - language_model.base_model.model.model.layers.1.mlp.up_proj.lora_B.default.weight
09/24/2025 19:46:05 - INFO - __main__ - language_model.base_model.model.model.layers.1.mlp.down_proj.lora_A.default.weight
09/24/2025 19:46:05 - INFO - __main__ - language_model.base_model.model.model.layers.1.mlp.down_proj.lora_B.default.weight
09/24/2025 19:46:05 - INFO - __main__ - language_model.base_model.model.model.layers.2.self_attn.q_proj.lora_A.default.weight
09/24/2025 19:46:05 - INFO - __main__ - language_model.base_model.model.model.layers.2.self_attn.q_proj.lora_B.default.weight
09/24/2025 19:46:05 - INFO - __main__ - language_model.base_model.model.model.layers.2.self_attn.k_proj.lora_A.default.weight
09/24/2025 19:46:05 - INFO - __main__ - language_model.base_model.model.model.layers.2.self_attn.k_proj.lora_B.default.weight
09/24/2025 19:46:05 - INFO - __main__ - language_model.base_model.model.model.layers.2.self_attn.v_proj.lora_A.default.weight
09/24/2025 19:46:05 - INFO - __main__ - language_model.base_model.model.model.layers.2.self_attn.v_proj.lora_B.default.weight
09/24/2025 19:46:05 - INFO - __main__ - language_model.base_model.model.model.layers.2.self_attn.o_proj.lora_A.default.weight
09/24/2025 19:46:05 - INFO - __main__ - language_model.base_model.model.model.layers.2.self_attn.o_proj.lora_B.default.weight
09/24/2025 19:46:05 - INFO - __main__ - language_model.base_model.model.model.layers.2.mlp.gate_proj.lora_A.default.weight
09/24/2025 19:46:05 - INFO - __main__ - language_model.base_model.model.model.layers.2.mlp.gate_proj.lora_B.default.weight
09/24/2025 19:46:05 - INFO - __main__ - language_model.base_model.model.model.layers.2.mlp.up_proj.lora_A.default.weight
09/24/2025 19:46:05 - INFO - __main__ - language_model.base_model.model.model.layers.2.mlp.up_proj.lora_B.default.weight
09/24/2025 19:46:05 - INFO - __main__ - language_model.base_model.model.model.layers.2.mlp.down_proj.lora_A.default.weight
09/24/2025 19:46:05 - INFO - __main__ - language_model.base_model.model.model.layers.2.mlp.down_proj.lora_B.default.weight
09/24/2025 19:46:05 - INFO - __main__ - language_model.base_model.model.model.layers.3.self_attn.q_proj.lora_A.default.weight
09/24/2025 19:46:05 - INFO - __main__ - language_model.base_model.model.model.layers.3.self_attn.q_proj.lora_B.default.weight
09/24/2025 19:46:05 - INFO - __main__ - language_model.base_model.model.model.layers.3.self_attn.k_proj.lora_A.default.weight
09/24/2025 19:46:05 - INFO - __main__ - language_model.base_model.model.model.layers.3.self_attn.k_proj.lora_B.default.weight
09/24/2025 19:46:05 - INFO - __main__ - language_model.base_model.model.model.layers.3.self_attn.v_proj.lora_A.default.weight
09/24/2025 19:46:05 - INFO - __main__ - language_model.base_model.model.model.layers.3.self_attn.v_proj.lora_B.default.weight
09/24/2025 19:46:05 - INFO - __main__ - language_model.base_model.model.model.layers.3.self_attn.o_proj.lora_A.default.weight
09/24/2025 19:46:05 - INFO - __main__ - language_model.base_model.model.model.layers.3.self_attn.o_proj.lora_B.default.weight
09/24/2025 19:46:05 - INFO - __main__ - language_model.base_model.model.model.layers.3.mlp.gate_proj.lora_A.default.weight
09/24/2025 19:46:05 - INFO - __main__ - language_model.base_model.model.model.layers.3.mlp.gate_proj.lora_B.default.weight
09/24/2025 19:46:05 - INFO - __main__ - language_model.base_model.model.model.layers.3.mlp.up_proj.lora_A.default.weight
09/24/2025 19:46:05 - INFO - __main__ - language_model.base_model.model.model.layers.3.mlp.up_proj.lora_B.default.weight
09/24/2025 19:46:05 - INFO - __main__ - language_model.base_model.model.model.layers.3.mlp.down_proj.lora_A.default.weight
09/24/2025 19:46:05 - INFO - __main__ - language_model.base_model.model.model.layers.3.mlp.down_proj.lora_B.default.weight
09/24/2025 19:46:05 - INFO - __main__ - language_model.base_model.model.model.layers.4.self_attn.q_proj.lora_A.default.weight
09/24/2025 19:46:05 - INFO - __main__ - language_model.base_model.model.model.layers.4.self_attn.q_proj.lora_B.default.weight
09/24/2025 19:46:05 - INFO - __main__ - language_model.base_model.model.model.layers.4.self_attn.k_proj.lora_A.default.weight
09/24/2025 19:46:05 - INFO - __main__ - language_model.base_model.model.model.layers.4.self_attn.k_proj.lora_B.default.weight
09/24/2025 19:46:05 - INFO - __main__ - language_model.base_model.model.model.layers.4.self_attn.v_proj.lora_A.default.weight
09/24/2025 19:46:05 - INFO - __main__ - language_model.base_model.model.model.layers.4.self_attn.v_proj.lora_B.default.weight
09/24/2025 19:46:05 - INFO - __main__ - language_model.base_model.model.model.layers.4.self_attn.o_proj.lora_A.default.weight
09/24/2025 19:46:05 - INFO - __main__ - language_model.base_model.model.model.layers.4.self_attn.o_proj.lora_B.default.weight
09/24/2025 19:46:05 - INFO - __main__ - language_model.base_model.model.model.layers.4.mlp.gate_proj.lora_A.default.weight
09/24/2025 19:46:05 - INFO - __main__ - language_model.base_model.model.model.layers.4.mlp.gate_proj.lora_B.default.weight
09/24/2025 19:46:05 - INFO - __main__ - language_model.base_model.model.model.layers.4.mlp.up_proj.lora_A.default.weight
09/24/2025 19:46:05 - INFO - __main__ - language_model.base_model.model.model.layers.4.mlp.up_proj.lora_B.default.weight
09/24/2025 19:46:05 - INFO - __main__ - language_model.base_model.model.model.layers.4.mlp.down_proj.lora_A.default.weight
09/24/2025 19:46:05 - INFO - __main__ - language_model.base_model.model.model.layers.4.mlp.down_proj.lora_B.default.weight
09/24/2025 19:46:05 - INFO - __main__ - language_model.base_model.model.model.layers.5.self_attn.q_proj.lora_A.default.weight
09/24/2025 19:46:05 - INFO - __main__ - language_model.base_model.model.model.layers.5.self_attn.q_proj.lora_B.default.weight
09/24/2025 19:46:05 - INFO - __main__ - language_model.base_model.model.model.layers.5.self_attn.k_proj.lora_A.default.weight
09/24/2025 19:46:05 - INFO - __main__ - language_model.base_model.model.model.layers.5.self_attn.k_proj.lora_B.default.weight
09/24/2025 19:46:05 - INFO - __main__ - language_model.base_model.model.model.layers.5.self_attn.v_proj.lora_A.default.weight
09/24/2025 19:46:05 - INFO - __main__ - language_model.base_model.model.model.layers.5.self_attn.v_proj.lora_B.default.weight
09/24/2025 19:46:05 - INFO - __main__ - language_model.base_model.model.model.layers.5.self_attn.o_proj.lora_A.default.weight
09/24/2025 19:46:05 - INFO - __main__ - language_model.base_model.model.model.layers.5.self_attn.o_proj.lora_B.default.weight
09/24/2025 19:46:05 - INFO - __main__ - language_model.base_model.model.model.layers.5.mlp.gate_proj.lora_A.default.weight
09/24/2025 19:46:05 - INFO - __main__ - language_model.base_model.model.model.layers.5.mlp.gate_proj.lora_B.default.weight
09/24/2025 19:46:05 - INFO - __main__ - language_model.base_model.model.model.layers.5.mlp.up_proj.lora_A.default.weight
09/24/2025 19:46:05 - INFO - __main__ - language_model.base_model.model.model.layers.5.mlp.up_proj.lora_B.default.weight
09/24/2025 19:46:05 - INFO - __main__ - language_model.base_model.model.model.layers.5.mlp.down_proj.lora_A.default.weight
09/24/2025 19:46:05 - INFO - __main__ - language_model.base_model.model.model.layers.5.mlp.down_proj.lora_B.default.weight
09/24/2025 19:46:05 - INFO - __main__ - language_model.base_model.model.model.layers.6.self_attn.q_proj.lora_A.default.weight
09/24/2025 19:46:05 - INFO - __main__ - language_model.base_model.model.model.layers.6.self_attn.q_proj.lora_B.default.weight
09/24/2025 19:46:05 - INFO - __main__ - language_model.base_model.model.model.layers.6.self_attn.k_proj.lora_A.default.weight
09/24/2025 19:46:05 - INFO - __main__ - language_model.base_model.model.model.layers.6.self_attn.k_proj.lora_B.default.weight
09/24/2025 19:46:05 - INFO - __main__ - language_model.base_model.model.model.layers.6.self_attn.v_proj.lora_A.default.weight
09/24/2025 19:46:05 - INFO - __main__ - language_model.base_model.model.model.layers.6.self_attn.v_proj.lora_B.default.weight
09/24/2025 19:46:05 - INFO - __main__ - language_model.base_model.model.model.layers.6.self_attn.o_proj.lora_A.default.weight
09/24/2025 19:46:05 - INFO - __main__ - language_model.base_model.model.model.layers.6.self_attn.o_proj.lora_B.default.weight
09/24/2025 19:46:05 - INFO - __main__ - language_model.base_model.model.model.layers.6.mlp.gate_proj.lora_A.default.weight
09/24/2025 19:46:05 - INFO - __main__ - language_model.base_model.model.model.layers.6.mlp.gate_proj.lora_B.default.weight
09/24/2025 19:46:05 - INFO - __main__ - language_model.base_model.model.model.layers.6.mlp.up_proj.lora_A.default.weight
09/24/2025 19:46:05 - INFO - __main__ - language_model.base_model.model.model.layers.6.mlp.up_proj.lora_B.default.weight
09/24/2025 19:46:05 - INFO - __main__ - language_model.base_model.model.model.layers.6.mlp.down_proj.lora_A.default.weight
09/24/2025 19:46:05 - INFO - __main__ - language_model.base_model.model.model.layers.6.mlp.down_proj.lora_B.default.weight
09/24/2025 19:46:05 - INFO - __main__ - language_model.base_model.model.model.layers.7.self_attn.q_proj.lora_A.default.weight
09/24/2025 19:46:05 - INFO - __main__ - language_model.base_model.model.model.layers.7.self_attn.q_proj.lora_B.default.weight
09/24/2025 19:46:05 - INFO - __main__ - language_model.base_model.model.model.layers.7.self_attn.k_proj.lora_A.default.weight
09/24/2025 19:46:05 - INFO - __main__ - language_model.base_model.model.model.layers.7.self_attn.k_proj.lora_B.default.weight
09/24/2025 19:46:05 - INFO - __main__ - language_model.base_model.model.model.layers.7.self_attn.v_proj.lora_A.default.weight
09/24/2025 19:46:05 - INFO - __main__ - language_model.base_model.model.model.layers.7.self_attn.v_proj.lora_B.default.weight
09/24/2025 19:46:05 - INFO - __main__ - language_model.base_model.model.model.layers.7.self_attn.o_proj.lora_A.default.weight
09/24/2025 19:46:05 - INFO - __main__ - language_model.base_model.model.model.layers.7.self_attn.o_proj.lora_B.default.weight
09/24/2025 19:46:05 - INFO - __main__ - language_model.base_model.model.model.layers.7.mlp.gate_proj.lora_A.default.weight
09/24/2025 19:46:05 - INFO - __main__ - language_model.base_model.model.model.layers.7.mlp.gate_proj.lora_B.default.weight
09/24/2025 19:46:05 - INFO - __main__ - language_model.base_model.model.model.layers.7.mlp.up_proj.lora_A.default.weight
09/24/2025 19:46:05 - INFO - __main__ - language_model.base_model.model.model.layers.7.mlp.up_proj.lora_B.default.weight
09/24/2025 19:46:05 - INFO - __main__ - language_model.base_model.model.model.layers.7.mlp.down_proj.lora_A.default.weight
09/24/2025 19:46:05 - INFO - __main__ - language_model.base_model.model.model.layers.7.mlp.down_proj.lora_B.default.weight
09/24/2025 19:46:05 - INFO - __main__ - language_model.base_model.model.model.layers.8.self_attn.q_proj.lora_A.default.weight
09/24/2025 19:46:05 - INFO - __main__ - language_model.base_model.model.model.layers.8.self_attn.q_proj.lora_B.default.weight
09/24/2025 19:46:05 - INFO - __main__ - language_model.base_model.model.model.layers.8.self_attn.k_proj.lora_A.default.weight
09/24/2025 19:46:05 - INFO - __main__ - language_model.base_model.model.model.layers.8.self_attn.k_proj.lora_B.default.weight
09/24/2025 19:46:05 - INFO - __main__ - language_model.base_model.model.model.layers.8.self_attn.v_proj.lora_A.default.weight
09/24/2025 19:46:05 - INFO - __main__ - language_model.base_model.model.model.layers.8.self_attn.v_proj.lora_B.default.weight
09/24/2025 19:46:05 - INFO - __main__ - language_model.base_model.model.model.layers.8.self_attn.o_proj.lora_A.default.weight
09/24/2025 19:46:05 - INFO - __main__ - language_model.base_model.model.model.layers.8.self_attn.o_proj.lora_B.default.weight
09/24/2025 19:46:05 - INFO - __main__ - language_model.base_model.model.model.layers.8.mlp.gate_proj.lora_A.default.weight
09/24/2025 19:46:05 - INFO - __main__ - language_model.base_model.model.model.layers.8.mlp.gate_proj.lora_B.default.weight
09/24/2025 19:46:05 - INFO - __main__ - language_model.base_model.model.model.layers.8.mlp.up_proj.lora_A.default.weight
09/24/2025 19:46:05 - INFO - __main__ - language_model.base_model.model.model.layers.8.mlp.up_proj.lora_B.default.weight
09/24/2025 19:46:05 - INFO - __main__ - language_model.base_model.model.model.layers.8.mlp.down_proj.lora_A.default.weight
09/24/2025 19:46:05 - INFO - __main__ - language_model.base_model.model.model.layers.8.mlp.down_proj.lora_B.default.weight
09/24/2025 19:46:05 - INFO - __main__ - language_model.base_model.model.model.layers.9.self_attn.q_proj.lora_A.default.weight
09/24/2025 19:46:05 - INFO - __main__ - language_model.base_model.model.model.layers.9.self_attn.q_proj.lora_B.default.weight
09/24/2025 19:46:05 - INFO - __main__ - language_model.base_model.model.model.layers.9.self_attn.k_proj.lora_A.default.weight
09/24/2025 19:46:05 - INFO - __main__ - language_model.base_model.model.model.layers.9.self_attn.k_proj.lora_B.default.weight
09/24/2025 19:46:05 - INFO - __main__ - language_model.base_model.model.model.layers.9.self_attn.v_proj.lora_A.default.weight
09/24/2025 19:46:05 - INFO - __main__ - language_model.base_model.model.model.layers.9.self_attn.v_proj.lora_B.default.weight
09/24/2025 19:46:05 - INFO - __main__ - language_model.base_model.model.model.layers.9.self_attn.o_proj.lora_A.default.weight
09/24/2025 19:46:05 - INFO - __main__ - language_model.base_model.model.model.layers.9.self_attn.o_proj.lora_B.default.weight
09/24/2025 19:46:05 - INFO - __main__ - language_model.base_model.model.model.layers.9.mlp.gate_proj.lora_A.default.weight
09/24/2025 19:46:05 - INFO - __main__ - language_model.base_model.model.model.layers.9.mlp.gate_proj.lora_B.default.weight
09/24/2025 19:46:05 - INFO - __main__ - language_model.base_model.model.model.layers.9.mlp.up_proj.lora_A.default.weight
09/24/2025 19:46:05 - INFO - __main__ - language_model.base_model.model.model.layers.9.mlp.up_proj.lora_B.default.weight
09/24/2025 19:46:05 - INFO - __main__ - language_model.base_model.model.model.layers.9.mlp.down_proj.lora_A.default.weight
09/24/2025 19:46:05 - INFO - __main__ - language_model.base_model.model.model.layers.9.mlp.down_proj.lora_B.default.weight
09/24/2025 19:46:05 - INFO - __main__ - language_model.base_model.model.model.layers.10.self_attn.q_proj.lora_A.default.weight
09/24/2025 19:46:05 - INFO - __main__ - language_model.base_model.model.model.layers.10.self_attn.q_proj.lora_B.default.weight
09/24/2025 19:46:05 - INFO - __main__ - language_model.base_model.model.model.layers.10.self_attn.k_proj.lora_A.default.weight
09/24/2025 19:46:05 - INFO - __main__ - language_model.base_model.model.model.layers.10.self_attn.k_proj.lora_B.default.weight
09/24/2025 19:46:05 - INFO - __main__ - language_model.base_model.model.model.layers.10.self_attn.v_proj.lora_A.default.weight
09/24/2025 19:46:05 - INFO - __main__ - language_model.base_model.model.model.layers.10.self_attn.v_proj.lora_B.default.weight
09/24/2025 19:46:05 - INFO - __main__ - language_model.base_model.model.model.layers.10.self_attn.o_proj.lora_A.default.weight
09/24/2025 19:46:05 - INFO - __main__ - language_model.base_model.model.model.layers.10.self_attn.o_proj.lora_B.default.weight
09/24/2025 19:46:05 - INFO - __main__ - language_model.base_model.model.model.layers.10.mlp.gate_proj.lora_A.default.weight
09/24/2025 19:46:05 - INFO - __main__ - language_model.base_model.model.model.layers.10.mlp.gate_proj.lora_B.default.weight
09/24/2025 19:46:05 - INFO - __main__ - language_model.base_model.model.model.layers.10.mlp.up_proj.lora_A.default.weight
09/24/2025 19:46:05 - INFO - __main__ - language_model.base_model.model.model.layers.10.mlp.up_proj.lora_B.default.weight
09/24/2025 19:46:05 - INFO - __main__ - language_model.base_model.model.model.layers.10.mlp.down_proj.lora_A.default.weight
09/24/2025 19:46:05 - INFO - __main__ - language_model.base_model.model.model.layers.10.mlp.down_proj.lora_B.default.weight
09/24/2025 19:46:05 - INFO - __main__ - language_model.base_model.model.model.layers.11.self_attn.q_proj.lora_A.default.weight
09/24/2025 19:46:05 - INFO - __main__ - language_model.base_model.model.model.layers.11.self_attn.q_proj.lora_B.default.weight
09/24/2025 19:46:05 - INFO - __main__ - language_model.base_model.model.model.layers.11.self_attn.k_proj.lora_A.default.weight
09/24/2025 19:46:05 - INFO - __main__ - language_model.base_model.model.model.layers.11.self_attn.k_proj.lora_B.default.weight
09/24/2025 19:46:05 - INFO - __main__ - language_model.base_model.model.model.layers.11.self_attn.v_proj.lora_A.default.weight
09/24/2025 19:46:05 - INFO - __main__ - language_model.base_model.model.model.layers.11.self_attn.v_proj.lora_B.default.weight
09/24/2025 19:46:05 - INFO - __main__ - language_model.base_model.model.model.layers.11.self_attn.o_proj.lora_A.default.weight
09/24/2025 19:46:05 - INFO - __main__ - language_model.base_model.model.model.layers.11.self_attn.o_proj.lora_B.default.weight
09/24/2025 19:46:05 - INFO - __main__ - language_model.base_model.model.model.layers.11.mlp.gate_proj.lora_A.default.weight
09/24/2025 19:46:05 - INFO - __main__ - language_model.base_model.model.model.layers.11.mlp.gate_proj.lora_B.default.weight
09/24/2025 19:46:05 - INFO - __main__ - language_model.base_model.model.model.layers.11.mlp.up_proj.lora_A.default.weight
09/24/2025 19:46:05 - INFO - __main__ - language_model.base_model.model.model.layers.11.mlp.up_proj.lora_B.default.weight
09/24/2025 19:46:05 - INFO - __main__ - language_model.base_model.model.model.layers.11.mlp.down_proj.lora_A.default.weight
09/24/2025 19:46:05 - INFO - __main__ - language_model.base_model.model.model.layers.11.mlp.down_proj.lora_B.default.weight
09/24/2025 19:46:05 - INFO - __main__ - language_model.base_model.model.model.layers.12.self_attn.q_proj.lora_A.default.weight
09/24/2025 19:46:05 - INFO - __main__ - language_model.base_model.model.model.layers.12.self_attn.q_proj.lora_B.default.weight
09/24/2025 19:46:05 - INFO - __main__ - language_model.base_model.model.model.layers.12.self_attn.k_proj.lora_A.default.weight
09/24/2025 19:46:05 - INFO - __main__ - language_model.base_model.model.model.layers.12.self_attn.k_proj.lora_B.default.weight
09/24/2025 19:46:05 - INFO - __main__ - language_model.base_model.model.model.layers.12.self_attn.v_proj.lora_A.default.weight
09/24/2025 19:46:05 - INFO - __main__ - language_model.base_model.model.model.layers.12.self_attn.v_proj.lora_B.default.weight
09/24/2025 19:46:05 - INFO - __main__ - language_model.base_model.model.model.layers.12.self_attn.o_proj.lora_A.default.weight
09/24/2025 19:46:05 - INFO - __main__ - language_model.base_model.model.model.layers.12.self_attn.o_proj.lora_B.default.weight
09/24/2025 19:46:05 - INFO - __main__ - language_model.base_model.model.model.layers.12.mlp.gate_proj.lora_A.default.weight
09/24/2025 19:46:05 - INFO - __main__ - language_model.base_model.model.model.layers.12.mlp.gate_proj.lora_B.default.weight
09/24/2025 19:46:05 - INFO - __main__ - language_model.base_model.model.model.layers.12.mlp.up_proj.lora_A.default.weight
09/24/2025 19:46:05 - INFO - __main__ - language_model.base_model.model.model.layers.12.mlp.up_proj.lora_B.default.weight
09/24/2025 19:46:05 - INFO - __main__ - language_model.base_model.model.model.layers.12.mlp.down_proj.lora_A.default.weight
09/24/2025 19:46:05 - INFO - __main__ - language_model.base_model.model.model.layers.12.mlp.down_proj.lora_B.default.weight
09/24/2025 19:46:05 - INFO - __main__ - language_model.base_model.model.model.layers.13.self_attn.q_proj.lora_A.default.weight
09/24/2025 19:46:05 - INFO - __main__ - language_model.base_model.model.model.layers.13.self_attn.q_proj.lora_B.default.weight
09/24/2025 19:46:05 - INFO - __main__ - language_model.base_model.model.model.layers.13.self_attn.k_proj.lora_A.default.weight
09/24/2025 19:46:05 - INFO - __main__ - language_model.base_model.model.model.layers.13.self_attn.k_proj.lora_B.default.weight
09/24/2025 19:46:05 - INFO - __main__ - language_model.base_model.model.model.layers.13.self_attn.v_proj.lora_A.default.weight
09/24/2025 19:46:05 - INFO - __main__ - language_model.base_model.model.model.layers.13.self_attn.v_proj.lora_B.default.weight
09/24/2025 19:46:05 - INFO - __main__ - language_model.base_model.model.model.layers.13.self_attn.o_proj.lora_A.default.weight
09/24/2025 19:46:05 - INFO - __main__ - language_model.base_model.model.model.layers.13.self_attn.o_proj.lora_B.default.weight
09/24/2025 19:46:05 - INFO - __main__ - language_model.base_model.model.model.layers.13.mlp.gate_proj.lora_A.default.weight
09/24/2025 19:46:05 - INFO - __main__ - language_model.base_model.model.model.layers.13.mlp.gate_proj.lora_B.default.weight
09/24/2025 19:46:05 - INFO - __main__ - language_model.base_model.model.model.layers.13.mlp.up_proj.lora_A.default.weight
09/24/2025 19:46:05 - INFO - __main__ - language_model.base_model.model.model.layers.13.mlp.up_proj.lora_B.default.weight
09/24/2025 19:46:05 - INFO - __main__ - language_model.base_model.model.model.layers.13.mlp.down_proj.lora_A.default.weight
09/24/2025 19:46:05 - INFO - __main__ - language_model.base_model.model.model.layers.13.mlp.down_proj.lora_B.default.weight
09/24/2025 19:46:05 - INFO - __main__ - language_model.base_model.model.model.layers.14.self_attn.q_proj.lora_A.default.weight
09/24/2025 19:46:05 - INFO - __main__ - language_model.base_model.model.model.layers.14.self_attn.q_proj.lora_B.default.weight
09/24/2025 19:46:05 - INFO - __main__ - language_model.base_model.model.model.layers.14.self_attn.k_proj.lora_A.default.weight
09/24/2025 19:46:05 - INFO - __main__ - language_model.base_model.model.model.layers.14.self_attn.k_proj.lora_B.default.weight
09/24/2025 19:46:05 - INFO - __main__ - language_model.base_model.model.model.layers.14.self_attn.v_proj.lora_A.default.weight
09/24/2025 19:46:05 - INFO - __main__ - language_model.base_model.model.model.layers.14.self_attn.v_proj.lora_B.default.weight
09/24/2025 19:46:05 - INFO - __main__ - language_model.base_model.model.model.layers.14.self_attn.o_proj.lora_A.default.weight
09/24/2025 19:46:05 - INFO - __main__ - language_model.base_model.model.model.layers.14.self_attn.o_proj.lora_B.default.weight
09/24/2025 19:46:05 - INFO - __main__ - language_model.base_model.model.model.layers.14.mlp.gate_proj.lora_A.default.weight
09/24/2025 19:46:05 - INFO - __main__ - language_model.base_model.model.model.layers.14.mlp.gate_proj.lora_B.default.weight
09/24/2025 19:46:05 - INFO - __main__ - language_model.base_model.model.model.layers.14.mlp.up_proj.lora_A.default.weight
09/24/2025 19:46:05 - INFO - __main__ - language_model.base_model.model.model.layers.14.mlp.up_proj.lora_B.default.weight
09/24/2025 19:46:05 - INFO - __main__ - language_model.base_model.model.model.layers.14.mlp.down_proj.lora_A.default.weight
09/24/2025 19:46:05 - INFO - __main__ - language_model.base_model.model.model.layers.14.mlp.down_proj.lora_B.default.weight
09/24/2025 19:46:05 - INFO - __main__ - language_model.base_model.model.model.layers.15.self_attn.q_proj.lora_A.default.weight
09/24/2025 19:46:05 - INFO - __main__ - language_model.base_model.model.model.layers.15.self_attn.q_proj.lora_B.default.weight
09/24/2025 19:46:05 - INFO - __main__ - language_model.base_model.model.model.layers.15.self_attn.k_proj.lora_A.default.weight
09/24/2025 19:46:05 - INFO - __main__ - language_model.base_model.model.model.layers.15.self_attn.k_proj.lora_B.default.weight
09/24/2025 19:46:05 - INFO - __main__ - language_model.base_model.model.model.layers.15.self_attn.v_proj.lora_A.default.weight
09/24/2025 19:46:05 - INFO - __main__ - language_model.base_model.model.model.layers.15.self_attn.v_proj.lora_B.default.weight
09/24/2025 19:46:05 - INFO - __main__ - language_model.base_model.model.model.layers.15.self_attn.o_proj.lora_A.default.weight
09/24/2025 19:46:05 - INFO - __main__ - language_model.base_model.model.model.layers.15.self_attn.o_proj.lora_B.default.weight
09/24/2025 19:46:05 - INFO - __main__ - language_model.base_model.model.model.layers.15.mlp.gate_proj.lora_A.default.weight
09/24/2025 19:46:05 - INFO - __main__ - language_model.base_model.model.model.layers.15.mlp.gate_proj.lora_B.default.weight
09/24/2025 19:46:05 - INFO - __main__ - language_model.base_model.model.model.layers.15.mlp.up_proj.lora_A.default.weight
09/24/2025 19:46:05 - INFO - __main__ - language_model.base_model.model.model.layers.15.mlp.up_proj.lora_B.default.weight
09/24/2025 19:46:05 - INFO - __main__ - language_model.base_model.model.model.layers.15.mlp.down_proj.lora_A.default.weight
09/24/2025 19:46:05 - INFO - __main__ - language_model.base_model.model.model.layers.15.mlp.down_proj.lora_B.default.weight
09/24/2025 19:46:05 - INFO - __main__ - language_model.base_model.model.model.layers.16.self_attn.q_proj.lora_A.default.weight
09/24/2025 19:46:05 - INFO - __main__ - language_model.base_model.model.model.layers.16.self_attn.q_proj.lora_B.default.weight
09/24/2025 19:46:05 - INFO - __main__ - language_model.base_model.model.model.layers.16.self_attn.k_proj.lora_A.default.weight
09/24/2025 19:46:05 - INFO - __main__ - language_model.base_model.model.model.layers.16.self_attn.k_proj.lora_B.default.weight
09/24/2025 19:46:05 - INFO - __main__ - language_model.base_model.model.model.layers.16.self_attn.v_proj.lora_A.default.weight
09/24/2025 19:46:05 - INFO - __main__ - language_model.base_model.model.model.layers.16.self_attn.v_proj.lora_B.default.weight
09/24/2025 19:46:05 - INFO - __main__ - language_model.base_model.model.model.layers.16.self_attn.o_proj.lora_A.default.weight
09/24/2025 19:46:05 - INFO - __main__ - language_model.base_model.model.model.layers.16.self_attn.o_proj.lora_B.default.weight
09/24/2025 19:46:05 - INFO - __main__ - language_model.base_model.model.model.layers.16.mlp.gate_proj.lora_A.default.weight
09/24/2025 19:46:05 - INFO - __main__ - language_model.base_model.model.model.layers.16.mlp.gate_proj.lora_B.default.weight
09/24/2025 19:46:05 - INFO - __main__ - language_model.base_model.model.model.layers.16.mlp.up_proj.lora_A.default.weight
09/24/2025 19:46:05 - INFO - __main__ - language_model.base_model.model.model.layers.16.mlp.up_proj.lora_B.default.weight
09/24/2025 19:46:05 - INFO - __main__ - language_model.base_model.model.model.layers.16.mlp.down_proj.lora_A.default.weight
09/24/2025 19:46:05 - INFO - __main__ - language_model.base_model.model.model.layers.16.mlp.down_proj.lora_B.default.weight
09/24/2025 19:46:05 - INFO - __main__ - language_model.base_model.model.model.layers.17.self_attn.q_proj.lora_A.default.weight
09/24/2025 19:46:05 - INFO - __main__ - language_model.base_model.model.model.layers.17.self_attn.q_proj.lora_B.default.weight
09/24/2025 19:46:05 - INFO - __main__ - language_model.base_model.model.model.layers.17.self_attn.k_proj.lora_A.default.weight
09/24/2025 19:46:05 - INFO - __main__ - language_model.base_model.model.model.layers.17.self_attn.k_proj.lora_B.default.weight
09/24/2025 19:46:05 - INFO - __main__ - language_model.base_model.model.model.layers.17.self_attn.v_proj.lora_A.default.weight
09/24/2025 19:46:05 - INFO - __main__ - language_model.base_model.model.model.layers.17.self_attn.v_proj.lora_B.default.weight
09/24/2025 19:46:05 - INFO - __main__ - language_model.base_model.model.model.layers.17.self_attn.o_proj.lora_A.default.weight
09/24/2025 19:46:05 - INFO - __main__ - language_model.base_model.model.model.layers.17.self_attn.o_proj.lora_B.default.weight
09/24/2025 19:46:05 - INFO - __main__ - language_model.base_model.model.model.layers.17.mlp.gate_proj.lora_A.default.weight
09/24/2025 19:46:05 - INFO - __main__ - language_model.base_model.model.model.layers.17.mlp.gate_proj.lora_B.default.weight
09/24/2025 19:46:05 - INFO - __main__ - language_model.base_model.model.model.layers.17.mlp.up_proj.lora_A.default.weight
09/24/2025 19:46:05 - INFO - __main__ - language_model.base_model.model.model.layers.17.mlp.up_proj.lora_B.default.weight
09/24/2025 19:46:05 - INFO - __main__ - language_model.base_model.model.model.layers.17.mlp.down_proj.lora_A.default.weight
09/24/2025 19:46:05 - INFO - __main__ - language_model.base_model.model.model.layers.17.mlp.down_proj.lora_B.default.weight
09/24/2025 19:46:05 - INFO - __main__ - language_model.base_model.model.model.layers.18.self_attn.q_proj.lora_A.default.weight
09/24/2025 19:46:05 - INFO - __main__ - language_model.base_model.model.model.layers.18.self_attn.q_proj.lora_B.default.weight
09/24/2025 19:46:05 - INFO - __main__ - language_model.base_model.model.model.layers.18.self_attn.k_proj.lora_A.default.weight
09/24/2025 19:46:05 - INFO - __main__ - language_model.base_model.model.model.layers.18.self_attn.k_proj.lora_B.default.weight
09/24/2025 19:46:05 - INFO - __main__ - language_model.base_model.model.model.layers.18.self_attn.v_proj.lora_A.default.weight
09/24/2025 19:46:05 - INFO - __main__ - language_model.base_model.model.model.layers.18.self_attn.v_proj.lora_B.default.weight
09/24/2025 19:46:05 - INFO - __main__ - language_model.base_model.model.model.layers.18.self_attn.o_proj.lora_A.default.weight
09/24/2025 19:46:05 - INFO - __main__ - language_model.base_model.model.model.layers.18.self_attn.o_proj.lora_B.default.weight
09/24/2025 19:46:05 - INFO - __main__ - language_model.base_model.model.model.layers.18.mlp.gate_proj.lora_A.default.weight
09/24/2025 19:46:05 - INFO - __main__ - language_model.base_model.model.model.layers.18.mlp.gate_proj.lora_B.default.weight
09/24/2025 19:46:05 - INFO - __main__ - language_model.base_model.model.model.layers.18.mlp.up_proj.lora_A.default.weight
09/24/2025 19:46:05 - INFO - __main__ - language_model.base_model.model.model.layers.18.mlp.up_proj.lora_B.default.weight
09/24/2025 19:46:05 - INFO - __main__ - language_model.base_model.model.model.layers.18.mlp.down_proj.lora_A.default.weight
09/24/2025 19:46:05 - INFO - __main__ - language_model.base_model.model.model.layers.18.mlp.down_proj.lora_B.default.weight
09/24/2025 19:46:05 - INFO - __main__ - language_model.base_model.model.model.layers.19.self_attn.q_proj.lora_A.default.weight
09/24/2025 19:46:05 - INFO - __main__ - language_model.base_model.model.model.layers.19.self_attn.q_proj.lora_B.default.weight
09/24/2025 19:46:05 - INFO - __main__ - language_model.base_model.model.model.layers.19.self_attn.k_proj.lora_A.default.weight
09/24/2025 19:46:05 - INFO - __main__ - language_model.base_model.model.model.layers.19.self_attn.k_proj.lora_B.default.weight
09/24/2025 19:46:05 - INFO - __main__ - language_model.base_model.model.model.layers.19.self_attn.v_proj.lora_A.default.weight
09/24/2025 19:46:05 - INFO - __main__ - language_model.base_model.model.model.layers.19.self_attn.v_proj.lora_B.default.weight
09/24/2025 19:46:05 - INFO - __main__ - language_model.base_model.model.model.layers.19.self_attn.o_proj.lora_A.default.weight
09/24/2025 19:46:05 - INFO - __main__ - language_model.base_model.model.model.layers.19.self_attn.o_proj.lora_B.default.weight
09/24/2025 19:46:05 - INFO - __main__ - language_model.base_model.model.model.layers.19.mlp.gate_proj.lora_A.default.weight
09/24/2025 19:46:05 - INFO - __main__ - language_model.base_model.model.model.layers.19.mlp.gate_proj.lora_B.default.weight
09/24/2025 19:46:05 - INFO - __main__ - language_model.base_model.model.model.layers.19.mlp.up_proj.lora_A.default.weight
09/24/2025 19:46:05 - INFO - __main__ - language_model.base_model.model.model.layers.19.mlp.up_proj.lora_B.default.weight
09/24/2025 19:46:05 - INFO - __main__ - language_model.base_model.model.model.layers.19.mlp.down_proj.lora_A.default.weight
09/24/2025 19:46:05 - INFO - __main__ - language_model.base_model.model.model.layers.19.mlp.down_proj.lora_B.default.weight
09/24/2025 19:46:05 - INFO - __main__ - language_model.base_model.model.model.layers.20.self_attn.q_proj.lora_A.default.weight
09/24/2025 19:46:05 - INFO - __main__ - language_model.base_model.model.model.layers.20.self_attn.q_proj.lora_B.default.weight
09/24/2025 19:46:05 - INFO - __main__ - language_model.base_model.model.model.layers.20.self_attn.k_proj.lora_A.default.weight
09/24/2025 19:46:05 - INFO - __main__ - language_model.base_model.model.model.layers.20.self_attn.k_proj.lora_B.default.weight
09/24/2025 19:46:05 - INFO - __main__ - language_model.base_model.model.model.layers.20.self_attn.v_proj.lora_A.default.weight
09/24/2025 19:46:05 - INFO - __main__ - language_model.base_model.model.model.layers.20.self_attn.v_proj.lora_B.default.weight
09/24/2025 19:46:05 - INFO - __main__ - language_model.base_model.model.model.layers.20.self_attn.o_proj.lora_A.default.weight
09/24/2025 19:46:05 - INFO - __main__ - language_model.base_model.model.model.layers.20.self_attn.o_proj.lora_B.default.weight
09/24/2025 19:46:05 - INFO - __main__ - language_model.base_model.model.model.layers.20.mlp.gate_proj.lora_A.default.weight
09/24/2025 19:46:05 - INFO - __main__ - language_model.base_model.model.model.layers.20.mlp.gate_proj.lora_B.default.weight
09/24/2025 19:46:05 - INFO - __main__ - language_model.base_model.model.model.layers.20.mlp.up_proj.lora_A.default.weight
09/24/2025 19:46:05 - INFO - __main__ - language_model.base_model.model.model.layers.20.mlp.up_proj.lora_B.default.weight
09/24/2025 19:46:05 - INFO - __main__ - language_model.base_model.model.model.layers.20.mlp.down_proj.lora_A.default.weight
09/24/2025 19:46:05 - INFO - __main__ - language_model.base_model.model.model.layers.20.mlp.down_proj.lora_B.default.weight
09/24/2025 19:46:05 - INFO - __main__ - language_model.base_model.model.model.layers.21.self_attn.q_proj.lora_A.default.weight
09/24/2025 19:46:05 - INFO - __main__ - language_model.base_model.model.model.layers.21.self_attn.q_proj.lora_B.default.weight
09/24/2025 19:46:05 - INFO - __main__ - language_model.base_model.model.model.layers.21.self_attn.k_proj.lora_A.default.weight
09/24/2025 19:46:05 - INFO - __main__ - language_model.base_model.model.model.layers.21.self_attn.k_proj.lora_B.default.weight
09/24/2025 19:46:05 - INFO - __main__ - language_model.base_model.model.model.layers.21.self_attn.v_proj.lora_A.default.weight
09/24/2025 19:46:05 - INFO - __main__ - language_model.base_model.model.model.layers.21.self_attn.v_proj.lora_B.default.weight
09/24/2025 19:46:05 - INFO - __main__ - language_model.base_model.model.model.layers.21.self_attn.o_proj.lora_A.default.weight
09/24/2025 19:46:05 - INFO - __main__ - language_model.base_model.model.model.layers.21.self_attn.o_proj.lora_B.default.weight
09/24/2025 19:46:05 - INFO - __main__ - language_model.base_model.model.model.layers.21.mlp.gate_proj.lora_A.default.weight
09/24/2025 19:46:05 - INFO - __main__ - language_model.base_model.model.model.layers.21.mlp.gate_proj.lora_B.default.weight
09/24/2025 19:46:05 - INFO - __main__ - language_model.base_model.model.model.layers.21.mlp.up_proj.lora_A.default.weight
09/24/2025 19:46:05 - INFO - __main__ - language_model.base_model.model.model.layers.21.mlp.up_proj.lora_B.default.weight
09/24/2025 19:46:05 - INFO - __main__ - language_model.base_model.model.model.layers.21.mlp.down_proj.lora_A.default.weight
09/24/2025 19:46:05 - INFO - __main__ - language_model.base_model.model.model.layers.21.mlp.down_proj.lora_B.default.weight
09/24/2025 19:46:05 - INFO - __main__ - language_model.base_model.model.model.layers.22.self_attn.q_proj.lora_A.default.weight
09/24/2025 19:46:05 - INFO - __main__ - language_model.base_model.model.model.layers.22.self_attn.q_proj.lora_B.default.weight
09/24/2025 19:46:05 - INFO - __main__ - language_model.base_model.model.model.layers.22.self_attn.k_proj.lora_A.default.weight
09/24/2025 19:46:05 - INFO - __main__ - language_model.base_model.model.model.layers.22.self_attn.k_proj.lora_B.default.weight
09/24/2025 19:46:05 - INFO - __main__ - language_model.base_model.model.model.layers.22.self_attn.v_proj.lora_A.default.weight
09/24/2025 19:46:05 - INFO - __main__ - language_model.base_model.model.model.layers.22.self_attn.v_proj.lora_B.default.weight
09/24/2025 19:46:05 - INFO - __main__ - language_model.base_model.model.model.layers.22.self_attn.o_proj.lora_A.default.weight
09/24/2025 19:46:05 - INFO - __main__ - language_model.base_model.model.model.layers.22.self_attn.o_proj.lora_B.default.weight
09/24/2025 19:46:05 - INFO - __main__ - language_model.base_model.model.model.layers.22.mlp.gate_proj.lora_A.default.weight
09/24/2025 19:46:05 - INFO - __main__ - language_model.base_model.model.model.layers.22.mlp.gate_proj.lora_B.default.weight
09/24/2025 19:46:05 - INFO - __main__ - language_model.base_model.model.model.layers.22.mlp.up_proj.lora_A.default.weight
09/24/2025 19:46:05 - INFO - __main__ - language_model.base_model.model.model.layers.22.mlp.up_proj.lora_B.default.weight
09/24/2025 19:46:05 - INFO - __main__ - language_model.base_model.model.model.layers.22.mlp.down_proj.lora_A.default.weight
09/24/2025 19:46:05 - INFO - __main__ - language_model.base_model.model.model.layers.22.mlp.down_proj.lora_B.default.weight
09/24/2025 19:46:05 - INFO - __main__ - language_model.base_model.model.model.layers.23.self_attn.q_proj.lora_A.default.weight
09/24/2025 19:46:05 - INFO - __main__ - language_model.base_model.model.model.layers.23.self_attn.q_proj.lora_B.default.weight
09/24/2025 19:46:05 - INFO - __main__ - language_model.base_model.model.model.layers.23.self_attn.k_proj.lora_A.default.weight
09/24/2025 19:46:05 - INFO - __main__ - language_model.base_model.model.model.layers.23.self_attn.k_proj.lora_B.default.weight
09/24/2025 19:46:05 - INFO - __main__ - language_model.base_model.model.model.layers.23.self_attn.v_proj.lora_A.default.weight
09/24/2025 19:46:05 - INFO - __main__ - language_model.base_model.model.model.layers.23.self_attn.v_proj.lora_B.default.weight
09/24/2025 19:46:05 - INFO - __main__ - language_model.base_model.model.model.layers.23.self_attn.o_proj.lora_A.default.weight
09/24/2025 19:46:05 - INFO - __main__ - language_model.base_model.model.model.layers.23.self_attn.o_proj.lora_B.default.weight
09/24/2025 19:46:05 - INFO - __main__ - language_model.base_model.model.model.layers.23.mlp.gate_proj.lora_A.default.weight
09/24/2025 19:46:05 - INFO - __main__ - language_model.base_model.model.model.layers.23.mlp.gate_proj.lora_B.default.weight
09/24/2025 19:46:05 - INFO - __main__ - language_model.base_model.model.model.layers.23.mlp.up_proj.lora_A.default.weight
09/24/2025 19:46:05 - INFO - __main__ - language_model.base_model.model.model.layers.23.mlp.up_proj.lora_B.default.weight
09/24/2025 19:46:05 - INFO - __main__ - language_model.base_model.model.model.layers.23.mlp.down_proj.lora_A.default.weight
09/24/2025 19:46:05 - INFO - __main__ - language_model.base_model.model.model.layers.23.mlp.down_proj.lora_B.default.weight
09/24/2025 19:46:05 - INFO - __main__ - language_model.base_model.model.model.layers.24.self_attn.q_proj.lora_A.default.weight
09/24/2025 19:46:05 - INFO - __main__ - language_model.base_model.model.model.layers.24.self_attn.q_proj.lora_B.default.weight
09/24/2025 19:46:05 - INFO - __main__ - language_model.base_model.model.model.layers.24.self_attn.k_proj.lora_A.default.weight
09/24/2025 19:46:05 - INFO - __main__ - language_model.base_model.model.model.layers.24.self_attn.k_proj.lora_B.default.weight
09/24/2025 19:46:05 - INFO - __main__ - language_model.base_model.model.model.layers.24.self_attn.v_proj.lora_A.default.weight
09/24/2025 19:46:05 - INFO - __main__ - language_model.base_model.model.model.layers.24.self_attn.v_proj.lora_B.default.weight
09/24/2025 19:46:05 - INFO - __main__ - language_model.base_model.model.model.layers.24.self_attn.o_proj.lora_A.default.weight
09/24/2025 19:46:05 - INFO - __main__ - language_model.base_model.model.model.layers.24.self_attn.o_proj.lora_B.default.weight
09/24/2025 19:46:05 - INFO - __main__ - language_model.base_model.model.model.layers.24.mlp.gate_proj.lora_A.default.weight
09/24/2025 19:46:05 - INFO - __main__ - language_model.base_model.model.model.layers.24.mlp.gate_proj.lora_B.default.weight
09/24/2025 19:46:05 - INFO - __main__ - language_model.base_model.model.model.layers.24.mlp.up_proj.lora_A.default.weight
09/24/2025 19:46:05 - INFO - __main__ - language_model.base_model.model.model.layers.24.mlp.up_proj.lora_B.default.weight
09/24/2025 19:46:05 - INFO - __main__ - language_model.base_model.model.model.layers.24.mlp.down_proj.lora_A.default.weight
09/24/2025 19:46:05 - INFO - __main__ - language_model.base_model.model.model.layers.24.mlp.down_proj.lora_B.default.weight
09/24/2025 19:46:05 - INFO - __main__ - language_model.base_model.model.model.layers.25.self_attn.q_proj.lora_A.default.weight
09/24/2025 19:46:05 - INFO - __main__ - language_model.base_model.model.model.layers.25.self_attn.q_proj.lora_B.default.weight
09/24/2025 19:46:05 - INFO - __main__ - language_model.base_model.model.model.layers.25.self_attn.k_proj.lora_A.default.weight
09/24/2025 19:46:05 - INFO - __main__ - language_model.base_model.model.model.layers.25.self_attn.k_proj.lora_B.default.weight
09/24/2025 19:46:05 - INFO - __main__ - language_model.base_model.model.model.layers.25.self_attn.v_proj.lora_A.default.weight
09/24/2025 19:46:05 - INFO - __main__ - language_model.base_model.model.model.layers.25.self_attn.v_proj.lora_B.default.weight
09/24/2025 19:46:05 - INFO - __main__ - language_model.base_model.model.model.layers.25.self_attn.o_proj.lora_A.default.weight
09/24/2025 19:46:05 - INFO - __main__ - language_model.base_model.model.model.layers.25.self_attn.o_proj.lora_B.default.weight
09/24/2025 19:46:05 - INFO - __main__ - language_model.base_model.model.model.layers.25.mlp.gate_proj.lora_A.default.weight
09/24/2025 19:46:05 - INFO - __main__ - language_model.base_model.model.model.layers.25.mlp.gate_proj.lora_B.default.weight
09/24/2025 19:46:05 - INFO - __main__ - language_model.base_model.model.model.layers.25.mlp.up_proj.lora_A.default.weight
09/24/2025 19:46:05 - INFO - __main__ - language_model.base_model.model.model.layers.25.mlp.up_proj.lora_B.default.weight
09/24/2025 19:46:05 - INFO - __main__ - language_model.base_model.model.model.layers.25.mlp.down_proj.lora_A.default.weight
09/24/2025 19:46:05 - INFO - __main__ - language_model.base_model.model.model.layers.25.mlp.down_proj.lora_B.default.weight
09/24/2025 19:46:05 - INFO - __main__ - language_model.base_model.model.model.layers.26.self_attn.q_proj.lora_A.default.weight
09/24/2025 19:46:05 - INFO - __main__ - language_model.base_model.model.model.layers.26.self_attn.q_proj.lora_B.default.weight
09/24/2025 19:46:05 - INFO - __main__ - language_model.base_model.model.model.layers.26.self_attn.k_proj.lora_A.default.weight
09/24/2025 19:46:05 - INFO - __main__ - language_model.base_model.model.model.layers.26.self_attn.k_proj.lora_B.default.weight
09/24/2025 19:46:05 - INFO - __main__ - language_model.base_model.model.model.layers.26.self_attn.v_proj.lora_A.default.weight
09/24/2025 19:46:05 - INFO - __main__ - language_model.base_model.model.model.layers.26.self_attn.v_proj.lora_B.default.weight
09/24/2025 19:46:05 - INFO - __main__ - language_model.base_model.model.model.layers.26.self_attn.o_proj.lora_A.default.weight
09/24/2025 19:46:05 - INFO - __main__ - language_model.base_model.model.model.layers.26.self_attn.o_proj.lora_B.default.weight
09/24/2025 19:46:05 - INFO - __main__ - language_model.base_model.model.model.layers.26.mlp.gate_proj.lora_A.default.weight
09/24/2025 19:46:05 - INFO - __main__ - language_model.base_model.model.model.layers.26.mlp.gate_proj.lora_B.default.weight
09/24/2025 19:46:05 - INFO - __main__ - language_model.base_model.model.model.layers.26.mlp.up_proj.lora_A.default.weight
09/24/2025 19:46:05 - INFO - __main__ - language_model.base_model.model.model.layers.26.mlp.up_proj.lora_B.default.weight
09/24/2025 19:46:05 - INFO - __main__ - language_model.base_model.model.model.layers.26.mlp.down_proj.lora_A.default.weight
09/24/2025 19:46:05 - INFO - __main__ - language_model.base_model.model.model.layers.26.mlp.down_proj.lora_B.default.weight
09/24/2025 19:46:05 - INFO - __main__ - language_model.base_model.model.model.layers.27.self_attn.q_proj.lora_A.default.weight
09/24/2025 19:46:05 - INFO - __main__ - language_model.base_model.model.model.layers.27.self_attn.q_proj.lora_B.default.weight
09/24/2025 19:46:05 - INFO - __main__ - language_model.base_model.model.model.layers.27.self_attn.k_proj.lora_A.default.weight
09/24/2025 19:46:05 - INFO - __main__ - language_model.base_model.model.model.layers.27.self_attn.k_proj.lora_B.default.weight
09/24/2025 19:46:05 - INFO - __main__ - language_model.base_model.model.model.layers.27.self_attn.v_proj.lora_A.default.weight
09/24/2025 19:46:05 - INFO - __main__ - language_model.base_model.model.model.layers.27.self_attn.v_proj.lora_B.default.weight
09/24/2025 19:46:05 - INFO - __main__ - language_model.base_model.model.model.layers.27.self_attn.o_proj.lora_A.default.weight
09/24/2025 19:46:05 - INFO - __main__ - language_model.base_model.model.model.layers.27.self_attn.o_proj.lora_B.default.weight
09/24/2025 19:46:05 - INFO - __main__ - language_model.base_model.model.model.layers.27.mlp.gate_proj.lora_A.default.weight
09/24/2025 19:46:05 - INFO - __main__ - language_model.base_model.model.model.layers.27.mlp.gate_proj.lora_B.default.weight
09/24/2025 19:46:05 - INFO - __main__ - language_model.base_model.model.model.layers.27.mlp.up_proj.lora_A.default.weight
09/24/2025 19:46:05 - INFO - __main__ - language_model.base_model.model.model.layers.27.mlp.up_proj.lora_B.default.weight
09/24/2025 19:46:05 - INFO - __main__ - language_model.base_model.model.model.layers.27.mlp.down_proj.lora_A.default.weight
09/24/2025 19:46:05 - INFO - __main__ - language_model.base_model.model.model.layers.27.mlp.down_proj.lora_B.default.weight
09/24/2025 19:46:05 - INFO - __main__ - mlp1.0.weight
09/24/2025 19:46:05 - INFO - __main__ - mlp1.0.bias
09/24/2025 19:46:05 - INFO - __main__ - mlp1.1.weight
09/24/2025 19:46:05 - INFO - __main__ - mlp1.1.bias
09/24/2025 19:46:05 - INFO - __main__ - mlp1.3.weight
09/24/2025 19:46:05 - INFO - __main__ - mlp1.3.bias
trainable params: 40,370,176 || all params: 7,653,191,168 || trainable%: 0.5274946765840411
[INFO|trainer.py:571] 2025-09-24 19:46:05,447 >> Using auto half precision backend
[2025-09-24 19:46:05,712] [INFO] [logging.py:96:log_dist] [Rank 0] DeepSpeed info: version=0.14.4, git-hash=unknown, git-branch=unknown
[2025-09-24 19:46:12,964] [INFO] [logging.py:96:log_dist] [Rank 0] DeepSpeed Flops Profiler Enabled: False
[rank1]:W0924 19:46:13.173516 570945 site-packages/torch/utils/cpp_extension.py:2425] TORCH_CUDA_ARCH_LIST is not set, all archs for visible cards are included for compilation. 
[rank1]:W0924 19:46:13.173516 570945 site-packages/torch/utils/cpp_extension.py:2425] If this is not desired, please set os.environ['TORCH_CUDA_ARCH_LIST'] to specific architectures.
ninja: no work to do.
Time to load fused_adam op: 1.7951078414916992 seconds
Time to load fused_adam op: 1.810344934463501 seconds
[2025-09-24 19:46:14,788] [INFO] [logging.py:96:log_dist] [Rank 0] Using DeepSpeed Optimizer param name adamw as basic optimizer
[2025-09-24 19:46:14,788] [INFO] [logging.py:96:log_dist] [Rank 0] Removing param_group that has no 'params' in the basic Optimizer
[2025-09-24 19:46:14,904] [INFO] [logging.py:96:log_dist] [Rank 0] DeepSpeed Basic Optimizer = FusedAdam
[2025-09-24 19:46:14,904] [INFO] [utils.py:56:is_zero_supported_optimizer] Checking ZeRO support for optimizer=FusedAdam type=<class 'deepspeed.ops.adam.fused_adam.FusedAdam'>
[2025-09-24 19:46:14,904] [INFO] [logging.py:96:log_dist] [Rank 0] Creating torch.bfloat16 ZeRO stage 1 optimizer
[2025-09-24 19:46:14,905] [INFO] [stage_1_and_2.py:148:__init__] Reduce bucket size 1000000000
[2025-09-24 19:46:14,905] [INFO] [stage_1_and_2.py:149:__init__] Allgather bucket size 1000000000
[2025-09-24 19:46:14,905] [INFO] [stage_1_and_2.py:150:__init__] CPU Offload: False
[2025-09-24 19:46:14,905] [INFO] [stage_1_and_2.py:151:__init__] Round robin gradient partitioning: False
[2025-09-24 19:46:15,569] [INFO] [utils.py:781:see_memory_usage] Before initializing optimizer states
[2025-09-24 19:46:15,570] [INFO] [utils.py:782:see_memory_usage] MA 15.49 GB         Max_MA 15.56 GB         CA 15.71 GB         Max_CA 16 GB 
[2025-09-24 19:46:15,570] [INFO] [utils.py:789:see_memory_usage] CPU Virtual Memory:  used = 32.63 GB, percent = 17.4%
[2025-09-24 19:46:15,791] [INFO] [utils.py:781:see_memory_usage] After initializing optimizer states
[2025-09-24 19:46:15,792] [INFO] [utils.py:782:see_memory_usage] MA 15.49 GB         Max_MA 15.62 GB         CA 15.84 GB         Max_CA 16 GB 
[2025-09-24 19:46:15,792] [INFO] [utils.py:789:see_memory_usage] CPU Virtual Memory:  used = 32.86 GB, percent = 17.5%
[2025-09-24 19:46:15,792] [INFO] [stage_1_and_2.py:543:__init__] optimizer state initialized
[2025-09-24 19:46:16,005] [INFO] [utils.py:781:see_memory_usage] After initializing ZeRO optimizer
[2025-09-24 19:46:16,006] [INFO] [utils.py:782:see_memory_usage] MA 15.49 GB         Max_MA 15.49 GB         CA 15.84 GB         Max_CA 16 GB 
[2025-09-24 19:46:16,006] [INFO] [utils.py:789:see_memory_usage] CPU Virtual Memory:  used = 33.07 GB, percent = 17.6%
[2025-09-24 19:46:16,013] [INFO] [logging.py:96:log_dist] [Rank 0] DeepSpeed Final Optimizer = DeepSpeedZeroOptimizer
[2025-09-24 19:46:16,014] [INFO] [logging.py:96:log_dist] [Rank 0] DeepSpeed using client callable to create LR scheduler
[2025-09-24 19:46:16,014] [INFO] [logging.py:96:log_dist] [Rank 0] DeepSpeed LR Scheduler = <torch.optim.lr_scheduler.LambdaLR object at 0x11c665b20fa0>
[2025-09-24 19:46:16,014] [INFO] [logging.py:96:log_dist] [Rank 0] step=0, skipped=0, lr=[0.0], mom=[[0.9, 0.999]]
[2025-09-24 19:46:16,019] [INFO] [config.py:997:print] DeepSpeedEngine configuration:
[2025-09-24 19:46:16,019] [INFO] [config.py:1001:print]   activation_checkpointing_config  {
    "partition_activations": false, 
    "contiguous_memory_optimization": false, 
    "cpu_checkpointing": false, 
    "number_checkpoints": null, 
    "synchronize_checkpoint_boundary": false, 
    "profile": false
}
[2025-09-24 19:46:16,019] [INFO] [config.py:1001:print]   aio_config ................... {'block_size': 1048576, 'queue_depth': 8, 'thread_count': 1, 'single_submit': False, 'overlap_events': True}
[2025-09-24 19:46:16,019] [INFO] [config.py:1001:print]   amp_enabled .................. False
[2025-09-24 19:46:16,019] [INFO] [config.py:1001:print]   amp_params ................... False
[2025-09-24 19:46:16,019] [INFO] [config.py:1001:print]   autotuning_config ............ {
    "enabled": false, 
    "start_step": null, 
    "end_step": null, 
    "metric_path": null, 
    "arg_mappings": null, 
    "metric": "throughput", 
    "model_info": null, 
    "results_dir": "autotuning_results", 
    "exps_dir": "autotuning_exps", 
    "overwrite": true, 
    "fast": true, 
    "start_profile_step": 3, 
    "end_profile_step": 5, 
    "tuner_type": "gridsearch", 
    "tuner_early_stopping": 5, 
    "tuner_num_trials": 50, 
    "model_info_path": null, 
    "mp_size": 1, 
    "max_train_batch_size": null, 
    "min_train_batch_size": 1, 
    "max_train_micro_batch_size_per_gpu": 1.024000e+03, 
    "min_train_micro_batch_size_per_gpu": 1, 
    "num_tuning_micro_batch_sizes": 3
}
[2025-09-24 19:46:16,019] [INFO] [config.py:1001:print]   bfloat16_enabled ............. True
[2025-09-24 19:46:16,019] [INFO] [config.py:1001:print]   bfloat16_immediate_grad_update  False
[2025-09-24 19:46:16,019] [INFO] [config.py:1001:print]   checkpoint_parallel_write_pipeline  False
[2025-09-24 19:46:16,019] [INFO] [config.py:1001:print]   checkpoint_tag_validation_enabled  True
[2025-09-24 19:46:16,020] [INFO] [config.py:1001:print]   checkpoint_tag_validation_fail  False
[2025-09-24 19:46:16,020] [INFO] [config.py:1001:print]   comms_config ................. <deepspeed.comm.config.DeepSpeedCommsConfig object at 0x11c665dcee80>
[2025-09-24 19:46:16,020] [INFO] [config.py:1001:print]   communication_data_type ...... None
[2025-09-24 19:46:16,020] [INFO] [config.py:1001:print]   compression_config ........... {'weight_quantization': {'shared_parameters': {'enabled': False, 'quantizer_kernel': False, 'schedule_offset': 0, 'quantize_groups': 1, 'quantize_verbose': False, 'quantization_type': 'symmetric', 'quantize_weight_in_forward': False, 'rounding': 'nearest', 'fp16_mixed_quantize': False, 'quantize_change_ratio': 0.001}, 'different_groups': {}}, 'activation_quantization': {'shared_parameters': {'enabled': False, 'quantization_type': 'symmetric', 'range_calibration': 'dynamic', 'schedule_offset': 1000}, 'different_groups': {}}, 'sparse_pruning': {'shared_parameters': {'enabled': False, 'method': 'l1', 'schedule_offset': 1000}, 'different_groups': {}}, 'row_pruning': {'shared_parameters': {'enabled': False, 'method': 'l1', 'schedule_offset': 1000}, 'different_groups': {}}, 'head_pruning': {'shared_parameters': {'enabled': False, 'method': 'topk', 'schedule_offset': 1000}, 'different_groups': {}}, 'channel_pruning': {'shared_parameters': {'enabled': False, 'method': 'l1', 'schedule_offset': 1000}, 'different_groups': {}}, 'layer_reduction': {'enabled': False}}
[2025-09-24 19:46:16,020] [INFO] [config.py:1001:print]   curriculum_enabled_legacy .... False
[2025-09-24 19:46:16,020] [INFO] [config.py:1001:print]   curriculum_params_legacy ..... False
[2025-09-24 19:46:16,020] [INFO] [config.py:1001:print]   data_efficiency_config ....... {'enabled': False, 'seed': 1234, 'data_sampling': {'enabled': False, 'num_epochs': 1000, 'num_workers': 0, 'curriculum_learning': {'enabled': False}}, 'data_routing': {'enabled': False, 'random_ltd': {'enabled': False, 'layer_token_lr_schedule': {'enabled': False}}}}
[2025-09-24 19:46:16,020] [INFO] [config.py:1001:print]   data_efficiency_enabled ...... False
[2025-09-24 19:46:16,020] [INFO] [config.py:1001:print]   dataloader_drop_last ......... False
[2025-09-24 19:46:16,020] [INFO] [config.py:1001:print]   disable_allgather ............ False
[2025-09-24 19:46:16,020] [INFO] [config.py:1001:print]   dump_state ................... False
[2025-09-24 19:46:16,020] [INFO] [config.py:1001:print]   dynamic_loss_scale_args ...... None
[2025-09-24 19:46:16,020] [INFO] [config.py:1001:print]   eigenvalue_enabled ........... False
[2025-09-24 19:46:16,020] [INFO] [config.py:1001:print]   eigenvalue_gas_boundary_resolution  1
[2025-09-24 19:46:16,020] [INFO] [config.py:1001:print]   eigenvalue_layer_name ........ bert.encoder.layer
[2025-09-24 19:46:16,020] [INFO] [config.py:1001:print]   eigenvalue_layer_num ......... 0
[2025-09-24 19:46:16,020] [INFO] [config.py:1001:print]   eigenvalue_max_iter .......... 100
[2025-09-24 19:46:16,020] [INFO] [config.py:1001:print]   eigenvalue_stability ......... 1e-06
[2025-09-24 19:46:16,020] [INFO] [config.py:1001:print]   eigenvalue_tol ............... 0.01
[2025-09-24 19:46:16,020] [INFO] [config.py:1001:print]   eigenvalue_verbose ........... False
[2025-09-24 19:46:16,020] [INFO] [config.py:1001:print]   elasticity_enabled ........... False
[2025-09-24 19:46:16,020] [INFO] [config.py:1001:print]   flops_profiler_config ........ {
    "enabled": false, 
    "recompute_fwd_factor": 0.0, 
    "profile_step": 1, 
    "module_depth": -1, 
    "top_modules": 1, 
    "detailed": true, 
    "output_file": null
}
[2025-09-24 19:46:16,020] [INFO] [config.py:1001:print]   fp16_auto_cast ............... None
[2025-09-24 19:46:16,020] [INFO] [config.py:1001:print]   fp16_enabled ................. False
[2025-09-24 19:46:16,020] [INFO] [config.py:1001:print]   fp16_master_weights_and_gradients  False
[2025-09-24 19:46:16,020] [INFO] [config.py:1001:print]   global_rank .................. 0
[2025-09-24 19:46:16,020] [INFO] [config.py:1001:print]   grad_accum_dtype ............. None
[2025-09-24 19:46:16,020] [INFO] [config.py:1001:print]   gradient_accumulation_steps .. 32
[2025-09-24 19:46:16,020] [INFO] [config.py:1001:print]   gradient_clipping ............ 1.0
[2025-09-24 19:46:16,020] [INFO] [config.py:1001:print]   gradient_predivide_factor .... 1.0
[2025-09-24 19:46:16,020] [INFO] [config.py:1001:print]   graph_harvesting ............. False
[2025-09-24 19:46:16,021] [INFO] [config.py:1001:print]   hybrid_engine ................ enabled=False max_out_tokens=512 inference_tp_size=1 release_inference_cache=False pin_parameters=True tp_gather_partition_size=8
[2025-09-24 19:46:16,021] [INFO] [config.py:1001:print]   initial_dynamic_scale ........ 1
[2025-09-24 19:46:16,021] [INFO] [config.py:1001:print]   load_universal_checkpoint .... False
[2025-09-24 19:46:16,021] [INFO] [config.py:1001:print]   loss_scale ................... 1.0
[2025-09-24 19:46:16,021] [INFO] [config.py:1001:print]   memory_breakdown ............. False
[2025-09-24 19:46:16,021] [INFO] [config.py:1001:print]   mics_hierarchial_params_gather  False
[2025-09-24 19:46:16,021] [INFO] [config.py:1001:print]   mics_shard_size .............. -1
[2025-09-24 19:46:16,021] [INFO] [config.py:1001:print]   monitor_config ............... tensorboard=TensorBoardConfig(enabled=False, output_path='', job_name='DeepSpeedJobName') comet=CometConfig(enabled=False, samples_log_interval=100, project=None, workspace=None, api_key=None, experiment_name=None, experiment_key=None, online=None, mode=None) wandb=WandbConfig(enabled=False, group=None, team=None, project='deepspeed') csv_monitor=CSVConfig(enabled=False, output_path='', job_name='DeepSpeedJobName') enabled=False
[2025-09-24 19:46:16,021] [INFO] [config.py:1001:print]   nebula_config ................ {
    "enabled": false, 
    "persistent_storage_path": null, 
    "persistent_time_interval": 100, 
    "num_of_version_in_retention": 2, 
    "enable_nebula_load": true, 
    "load_path": null
}
[2025-09-24 19:46:16,021] [INFO] [config.py:1001:print]   optimizer_legacy_fusion ...... False
[2025-09-24 19:46:16,021] [INFO] [config.py:1001:print]   optimizer_name ............... adamw
[2025-09-24 19:46:16,021] [INFO] [config.py:1001:print]   optimizer_params ............. {'lr': 2e-05, 'betas': [0.9, 0.999], 'eps': 1e-08, 'weight_decay': 0.05}
[2025-09-24 19:46:16,021] [INFO] [config.py:1001:print]   pipeline ..................... {'stages': 'auto', 'partition': 'best', 'seed_layers': False, 'activation_checkpoint_interval': 0, 'pipe_partitioned': True, 'grad_partitioned': True}
[2025-09-24 19:46:16,021] [INFO] [config.py:1001:print]   pld_enabled .................. False
[2025-09-24 19:46:16,021] [INFO] [config.py:1001:print]   pld_params ................... False
[2025-09-24 19:46:16,021] [INFO] [config.py:1001:print]   prescale_gradients ........... False
[2025-09-24 19:46:16,021] [INFO] [config.py:1001:print]   scheduler_name ............... None
[2025-09-24 19:46:16,021] [INFO] [config.py:1001:print]   scheduler_params ............. None
[2025-09-24 19:46:16,021] [INFO] [config.py:1001:print]   seq_parallel_communication_data_type  torch.float32
[2025-09-24 19:46:16,021] [INFO] [config.py:1001:print]   sparse_attention ............. None
[2025-09-24 19:46:16,021] [INFO] [config.py:1001:print]   sparse_gradients_enabled ..... False
[2025-09-24 19:46:16,021] [INFO] [config.py:1001:print]   steps_per_print .............. inf
[2025-09-24 19:46:16,021] [INFO] [config.py:1001:print]   timers_config ................ enabled=True synchronized=True
[2025-09-24 19:46:16,021] [INFO] [config.py:1001:print]   train_batch_size ............. 64
[2025-09-24 19:46:16,021] [INFO] [config.py:1001:print]   train_micro_batch_size_per_gpu  1
[2025-09-24 19:46:16,021] [INFO] [config.py:1001:print]   use_data_before_expert_parallel_  False
[2025-09-24 19:46:16,021] [INFO] [config.py:1001:print]   use_node_local_storage ....... False
[2025-09-24 19:46:16,021] [INFO] [config.py:1001:print]   wall_clock_breakdown ......... True
[2025-09-24 19:46:16,021] [INFO] [config.py:1001:print]   weight_quantization_config ... None
[2025-09-24 19:46:16,021] [INFO] [config.py:1001:print]   world_size ................... 2
[2025-09-24 19:46:16,021] [INFO] [config.py:1001:print]   zero_allow_untested_optimizer  False
[2025-09-24 19:46:16,021] [INFO] [config.py:1001:print]   zero_config .................. stage=1 contiguous_gradients=True reduce_scatter=True reduce_bucket_size=1000000000 use_multi_rank_bucket_allreduce=True allgather_partitions=True allgather_bucket_size=1000000000 overlap_comm=True load_from_fp32_weights=True elastic_checkpoint=False offload_param=None offload_optimizer=None sub_group_size=1,000,000,000 cpu_offload_param=None cpu_offload_use_pin_memory=None cpu_offload=None prefetch_bucket_size=50,000,000 param_persistence_threshold=100,000 model_persistence_threshold=sys.maxsize max_live_parameters=1,000,000,000 max_reuse_distance=1,000,000,000 gather_16bit_weights_on_model_save=False use_all_reduce_for_fetch_params=False stage3_gather_fp16_weights_on_model_save=False ignore_unused_parameters=True legacy_stage1=False round_robin_gradients=False zero_hpz_partition_size=1 zero_quantized_weights=False zero_quantized_nontrainable_weights=False zero_quantized_gradients=False mics_shard_size=-1 mics_hierarchical_params_gather=False memory_efficient_linear=True pipeline_loading_checkpoint=False override_module_apply=True
[2025-09-24 19:46:16,022] [INFO] [config.py:1001:print]   zero_enabled ................. True
[2025-09-24 19:46:16,022] [INFO] [config.py:1001:print]   zero_force_ds_cpu_optimizer .. True
[2025-09-24 19:46:16,022] [INFO] [config.py:1001:print]   zero_optimization_stage ...... 1
[2025-09-24 19:46:16,022] [INFO] [config.py:987:print_user_config]   json = {
    "zero_optimization": {
        "stage": 1, 
        "allgather_partitions": true, 
        "allgather_bucket_size": 1.000000e+09, 
        "overlap_comm": true, 
        "reduce_scatter": true, 
        "reduce_bucket_size": 1.000000e+09, 
        "contiguous_gradients": true
    }, 
    "fp16": {
        "enabled": false, 
        "auto_cast": true, 
        "loss_scale": 0, 
        "initial_scale_power": 32, 
        "loss_scale_window": 1000, 
        "hysteresis": 2, 
        "min_loss_scale": 1
    }, 
    "bf16": {
        "enabled": true
    }, 
    "optimizer": {
        "type": "AdamW", 
        "params": {
            "lr": 2e-05, 
            "betas": [0.9, 0.999], 
            "eps": 1e-08, 
            "weight_decay": 0.05
        }
    }, 
    "gradient_accumulation_steps": 32, 
    "gradient_clipping": 1.0, 
    "steps_per_print": inf, 
    "train_batch_size": 64, 
    "train_micro_batch_size_per_gpu": 1, 
    "wall_clock_breakdown": true
}
[INFO|trainer.py:1721] 2025-09-24 19:46:16,022 >> ***** Running training *****
[INFO|trainer.py:1722] 2025-09-24 19:46:16,022 >>   Num examples = 1,000
[INFO|trainer.py:1723] 2025-09-24 19:46:16,022 >>   Num Epochs = 1
[INFO|trainer.py:1724] 2025-09-24 19:46:16,022 >>   Instantaneous batch size per device = 1
[INFO|trainer.py:1727] 2025-09-24 19:46:16,022 >>   Total train batch size (w. parallel, distributed & accumulation) = 64
[INFO|trainer.py:1728] 2025-09-24 19:46:16,022 >>   Gradient Accumulation steps = 32
[INFO|trainer.py:1729] 2025-09-24 19:46:16,022 >>   Total optimization steps = 15
[INFO|trainer.py:1730] 2025-09-24 19:46:16,028 >>   Number of trainable parameters = 67,910,656
  0%|          | 0/15 [00:00<?, ?it/s][2025-09-24 19:46:21,311] [INFO] [real_accelerator.py:203:get_accelerator] Setting ds_accelerator to cuda (auto detect)
[2025-09-24 19:46:21,314] [INFO] [real_accelerator.py:203:get_accelerator] Setting ds_accelerator to cuda (auto detect)
/home/ashmal/anaconda3/envs/cvs_ass5_internvl/lib/python3.9/site-packages/deepspeed/runtime/zero/linear.py:49: FutureWarning: `torch.cuda.amp.custom_fwd(args...)` is deprecated. Please use `torch.amp.custom_fwd(args..., device_type='cuda')` instead.
  def forward(ctx, input, weight, bias=None):
/home/ashmal/anaconda3/envs/cvs_ass5_internvl/lib/python3.9/site-packages/deepspeed/runtime/zero/linear.py:67: FutureWarning: `torch.cuda.amp.custom_bwd(args...)` is deprecated. Please use `torch.amp.custom_bwd(args..., device_type='cuda')` instead.
  def backward(ctx, grad_output):
/home/ashmal/anaconda3/envs/cvs_ass5_internvl/lib/python3.9/site-packages/deepspeed/runtime/zero/linear.py:49: FutureWarning: `torch.cuda.amp.custom_fwd(args...)` is deprecated. Please use `torch.amp.custom_fwd(args..., device_type='cuda')` instead.
  def forward(ctx, input, weight, bias=None):
/home/ashmal/anaconda3/envs/cvs_ass5_internvl/lib/python3.9/site-packages/deepspeed/runtime/zero/linear.py:67: FutureWarning: `torch.cuda.amp.custom_bwd(args...)` is deprecated. Please use `torch.amp.custom_bwd(args..., device_type='cuda')` instead.
  def backward(ctx, grad_output):
[2025-09-24 19:46:37,152] [INFO] [real_accelerator.py:203:get_accelerator] Setting ds_accelerator to cuda (auto detect)
[2025-09-24 19:46:37,167] [INFO] [real_accelerator.py:203:get_accelerator] Setting ds_accelerator to cuda (auto detect)
/home/ashmal/anaconda3/envs/cvs_ass5_internvl/lib/python3.9/site-packages/deepspeed/runtime/zero/linear.py:49: FutureWarning: `torch.cuda.amp.custom_fwd(args...)` is deprecated. Please use `torch.amp.custom_fwd(args..., device_type='cuda')` instead.
  def forward(ctx, input, weight, bias=None):
/home/ashmal/anaconda3/envs/cvs_ass5_internvl/lib/python3.9/site-packages/deepspeed/runtime/zero/linear.py:67: FutureWarning: `torch.cuda.amp.custom_bwd(args...)` is deprecated. Please use `torch.amp.custom_bwd(args..., device_type='cuda')` instead.
  def backward(ctx, grad_output):
/home/ashmal/anaconda3/envs/cvs_ass5_internvl/lib/python3.9/site-packages/deepspeed/runtime/zero/linear.py:49: FutureWarning: `torch.cuda.amp.custom_fwd(args...)` is deprecated. Please use `torch.amp.custom_fwd(args..., device_type='cuda')` instead.
  def forward(ctx, input, weight, bias=None):
/home/ashmal/anaconda3/envs/cvs_ass5_internvl/lib/python3.9/site-packages/deepspeed/runtime/zero/linear.py:67: FutureWarning: `torch.cuda.amp.custom_bwd(args...)` is deprecated. Please use `torch.amp.custom_bwd(args..., device_type='cuda')` instead.
  def backward(ctx, grad_output):
[2025-09-24 19:46:49,735] [INFO] [real_accelerator.py:203:get_accelerator] Setting ds_accelerator to cuda (auto detect)
[2025-09-24 19:46:49,798] [INFO] [real_accelerator.py:203:get_accelerator] Setting ds_accelerator to cuda (auto detect)
/home/ashmal/anaconda3/envs/cvs_ass5_internvl/lib/python3.9/site-packages/deepspeed/runtime/zero/linear.py:49: FutureWarning: `torch.cuda.amp.custom_fwd(args...)` is deprecated. Please use `torch.amp.custom_fwd(args..., device_type='cuda')` instead.
  def forward(ctx, input, weight, bias=None):
/home/ashmal/anaconda3/envs/cvs_ass5_internvl/lib/python3.9/site-packages/deepspeed/runtime/zero/linear.py:67: FutureWarning: `torch.cuda.amp.custom_bwd(args...)` is deprecated. Please use `torch.amp.custom_bwd(args..., device_type='cuda')` instead.
  def backward(ctx, grad_output):
/home/ashmal/anaconda3/envs/cvs_ass5_internvl/lib/python3.9/site-packages/deepspeed/runtime/zero/linear.py:49: FutureWarning: `torch.cuda.amp.custom_fwd(args...)` is deprecated. Please use `torch.amp.custom_fwd(args..., device_type='cuda')` instead.
  def forward(ctx, input, weight, bias=None):
/home/ashmal/anaconda3/envs/cvs_ass5_internvl/lib/python3.9/site-packages/deepspeed/runtime/zero/linear.py:67: FutureWarning: `torch.cuda.amp.custom_bwd(args...)` is deprecated. Please use `torch.amp.custom_bwd(args..., device_type='cuda')` instead.
  def backward(ctx, grad_output):
[2025-09-24 19:47:01,306] [INFO] [real_accelerator.py:203:get_accelerator] Setting ds_accelerator to cuda (auto detect)
[2025-09-24 19:47:01,330] [INFO] [real_accelerator.py:203:get_accelerator] Setting ds_accelerator to cuda (auto detect)
/home/ashmal/anaconda3/envs/cvs_ass5_internvl/lib/python3.9/site-packages/deepspeed/runtime/zero/linear.py:49: FutureWarning: `torch.cuda.amp.custom_fwd(args...)` is deprecated. Please use `torch.amp.custom_fwd(args..., device_type='cuda')` instead.
  def forward(ctx, input, weight, bias=None):
/home/ashmal/anaconda3/envs/cvs_ass5_internvl/lib/python3.9/site-packages/deepspeed/runtime/zero/linear.py:67: FutureWarning: `torch.cuda.amp.custom_bwd(args...)` is deprecated. Please use `torch.amp.custom_bwd(args..., device_type='cuda')` instead.
  def backward(ctx, grad_output):
/home/ashmal/anaconda3/envs/cvs_ass5_internvl/lib/python3.9/site-packages/deepspeed/runtime/zero/linear.py:49: FutureWarning: `torch.cuda.amp.custom_fwd(args...)` is deprecated. Please use `torch.amp.custom_fwd(args..., device_type='cuda')` instead.
  def forward(ctx, input, weight, bias=None):
/home/ashmal/anaconda3/envs/cvs_ass5_internvl/lib/python3.9/site-packages/deepspeed/runtime/zero/linear.py:67: FutureWarning: `torch.cuda.amp.custom_bwd(args...)` is deprecated. Please use `torch.amp.custom_bwd(args..., device_type='cuda')` instead.
  def backward(ctx, grad_output):
dynamic ViT batch size: 4, images per sample: 4.0, dynamic token length: 1137
[2025-09-24 19:47:12,385] [INFO] [logging.py:96:log_dist] [Rank 0] time (ms) | fwd_microstep: 1720.61 | bwd_microstep: 759.82 | bwd_inner_microstep: 759.48 | bwd_allreduce_microstep: 0.11 | step_microstep: 0.08
dynamic ViT batch size: 3, images per sample: 3.0, dynamic token length: 850
[2025-09-24 19:47:13,102] [INFO] [logging.py:96:log_dist] [Rank 0] time (ms) | fwd_microstep: 220.13 | bwd_microstep: 423.79 | bwd_inner_microstep: 423.62 | bwd_allreduce_microstep: 0.07 | step_microstep: 0.07
dynamic ViT batch size: 1, images per sample: 1.0, dynamic token length: 422
[2025-09-24 19:47:13,561] [INFO] [logging.py:96:log_dist] [Rank 0] time (ms) | fwd_microstep: 146.58 | bwd_microstep: 289.33 | bwd_inner_microstep: 289.12 | bwd_allreduce_microstep: 0.09 | step_microstep: 0.07
dynamic ViT batch size: 13, images per sample: 13.0, dynamic token length: 3467
[2025-09-24 19:47:15,817] [INFO] [logging.py:96:log_dist] [Rank 0] time (ms) | fwd_microstep: 784.45 | bwd_microstep: 1440.97 | bwd_inner_microstep: 1440.96 | bwd_allreduce_microstep: 0.00 | step_microstep: 0.00
dynamic ViT batch size: 5, images per sample: 5.0, dynamic token length: 1380
[2025-09-24 19:47:16,741] [INFO] [logging.py:96:log_dist] [Rank 0] time (ms) | fwd_microstep: 321.98 | bwd_microstep: 575.33 | bwd_inner_microstep: 575.32 | bwd_allreduce_microstep: 0.00 | step_microstep: 0.08
dynamic ViT batch size: 13, images per sample: 13.0, dynamic token length: 3422
[2025-09-24 19:47:18,927] [INFO] [logging.py:96:log_dist] [Rank 0] time (ms) | fwd_microstep: 757.27 | bwd_microstep: 1397.17 | bwd_inner_microstep: 1397.16 | bwd_allreduce_microstep: 0.00 | step_microstep: 0.01
dynamic ViT batch size: 13, images per sample: 13.0, dynamic token length: 3406
[2025-09-24 19:47:21,100] [INFO] [logging.py:96:log_dist] [Rank 0] time (ms) | fwd_microstep: 752.95 | bwd_microstep: 1390.93 | bwd_inner_microstep: 1390.91 | bwd_allreduce_microstep: 0.00 | step_microstep: 0.00
dynamic ViT batch size: 13, images per sample: 13.0, dynamic token length: 3414
[2025-09-24 19:47:23,276] [INFO] [logging.py:96:log_dist] [Rank 0] time (ms) | fwd_microstep: 754.95 | bwd_microstep: 1393.73 | bwd_inner_microstep: 1393.71 | bwd_allreduce_microstep: 0.00 | step_microstep: 0.00
dynamic ViT batch size: 3, images per sample: 3.0, dynamic token length: 858
[2025-09-24 19:47:23,900] [INFO] [logging.py:96:log_dist] [Rank 0] time (ms) | fwd_microstep: 214.12 | bwd_microstep: 385.92 | bwd_inner_microstep: 385.91 | bwd_allreduce_microstep: 0.00 | step_microstep: 0.00
dynamic ViT batch size: 3, images per sample: 3.0, dynamic token length: 979
[2025-09-24 19:47:24,605] [INFO] [logging.py:96:log_dist] [Rank 0] time (ms) | fwd_microstep: 246.74 | bwd_microstep: 434.78 | bwd_inner_microstep: 434.77 | bwd_allreduce_microstep: 0.00 | step_microstep: 0.00
dynamic ViT batch size: 13, images per sample: 13.0, dynamic token length: 3420
[2025-09-24 19:47:26,782] [INFO] [logging.py:96:log_dist] [Rank 0] time (ms) | fwd_microstep: 754.62 | bwd_microstep: 1396.71 | bwd_inner_microstep: 1396.70 | bwd_allreduce_microstep: 0.00 | step_microstep: 0.00
dynamic ViT batch size: 13, images per sample: 13.0, dynamic token length: 3421
[2025-09-24 19:47:28,967] [INFO] [logging.py:96:log_dist] [Rank 0] time (ms) | fwd_microstep: 756.44 | bwd_microstep: 1400.91 | bwd_inner_microstep: 1400.90 | bwd_allreduce_microstep: 0.00 | step_microstep: 0.00
dynamic ViT batch size: 13, images per sample: 13.0, dynamic token length: 3405
[2025-09-24 19:47:31,161] [INFO] [logging.py:96:log_dist] [Rank 0] time (ms) | fwd_microstep: 759.18 | bwd_microstep: 1398.51 | bwd_inner_microstep: 1398.49 | bwd_allreduce_microstep: 0.00 | step_microstep: 0.00
dynamic ViT batch size: 3, images per sample: 3.0, dynamic token length: 844
[2025-09-24 19:47:31,803] [INFO] [logging.py:96:log_dist] [Rank 0] time (ms) | fwd_microstep: 224.85 | bwd_microstep: 390.25 | bwd_inner_microstep: 390.24 | bwd_allreduce_microstep: 0.00 | step_microstep: 0.06
dynamic ViT batch size: 3, images per sample: 3.0, dynamic token length: 860
[2025-09-24 19:47:32,427] [INFO] [logging.py:96:log_dist] [Rank 0] time (ms) | fwd_microstep: 214.86 | bwd_microstep: 383.93 | bwd_inner_microstep: 383.92 | bwd_allreduce_microstep: 0.00 | step_microstep: 0.00
dynamic ViT batch size: 13, images per sample: 13.0, dynamic token length: 3434
[2025-09-24 19:47:34,619] [INFO] [logging.py:96:log_dist] [Rank 0] time (ms) | fwd_microstep: 761.38 | bwd_microstep: 1405.14 | bwd_inner_microstep: 1405.13 | bwd_allreduce_microstep: 0.00 | step_microstep: 0.00
dynamic ViT batch size: 7, images per sample: 7.0, dynamic token length: 1874
[2025-09-24 19:47:35,874] [INFO] [logging.py:96:log_dist] [Rank 0] time (ms) | fwd_microstep: 432.80 | bwd_microstep: 796.01 | bwd_inner_microstep: 796.00 | bwd_allreduce_microstep: 0.00 | step_microstep: 0.00
dynamic ViT batch size: 1, images per sample: 1.0, dynamic token length: 352
[2025-09-24 19:47:36,366] [INFO] [logging.py:96:log_dist] [Rank 0] time (ms) | fwd_microstep: 156.05 | bwd_microstep: 303.41 | bwd_inner_microstep: 302.91 | bwd_allreduce_microstep: 0.18 | step_microstep: 0.20
dynamic ViT batch size: 1, images per sample: 1.0, dynamic token length: 324
[2025-09-24 19:47:36,827] [INFO] [logging.py:96:log_dist] [Rank 0] time (ms) | fwd_microstep: 131.04 | bwd_microstep: 292.30 | bwd_inner_microstep: 292.09 | bwd_allreduce_microstep: 0.09 | step_microstep: 0.07
dynamic ViT batch size: 13, images per sample: 13.0, dynamic token length: 3401
[2025-09-24 19:47:39,016] [INFO] [logging.py:96:log_dist] [Rank 0] time (ms) | fwd_microstep: 761.01 | bwd_microstep: 1398.37 | bwd_inner_microstep: 1398.35 | bwd_allreduce_microstep: 0.00 | step_microstep: 0.00
dynamic ViT batch size: 7, images per sample: 7.0, dynamic token length: 1867
[2025-09-24 19:47:40,265] [INFO] [logging.py:96:log_dist] [Rank 0] time (ms) | fwd_microstep: 429.71 | bwd_microstep: 794.39 | bwd_inner_microstep: 794.38 | bwd_allreduce_microstep: 0.00 | step_microstep: 0.00
dynamic ViT batch size: 7, images per sample: 7.0, dynamic token length: 1866
[2025-09-24 19:47:41,513] [INFO] [logging.py:96:log_dist] [Rank 0] time (ms) | fwd_microstep: 429.46 | bwd_microstep: 794.93 | bwd_inner_microstep: 794.92 | bwd_allreduce_microstep: 0.00 | step_microstep: 0.00
dynamic ViT batch size: 1, images per sample: 1.0, dynamic token length: 323
[2025-09-24 19:47:41,946] [INFO] [logging.py:96:log_dist] [Rank 0] time (ms) | fwd_microstep: 117.95 | bwd_microstep: 289.40 | bwd_inner_microstep: 289.09 | bwd_allreduce_microstep: 0.12 | step_microstep: 0.11
dynamic ViT batch size: 1, images per sample: 1.0, dynamic token length: 321
[2025-09-24 19:47:42,365] [INFO] [logging.py:96:log_dist] [Rank 0] time (ms) | fwd_microstep: 125.44 | bwd_microstep: 269.53 | bwd_inner_microstep: 269.23 | bwd_allreduce_microstep: 0.11 | step_microstep: 0.07
dynamic ViT batch size: 13, images per sample: 13.0, dynamic token length: 3586
[2025-09-24 19:47:44,724] [INFO] [logging.py:96:log_dist] [Rank 0] time (ms) | fwd_microstep: 804.19 | bwd_microstep: 1527.19 | bwd_inner_microstep: 1527.18 | bwd_allreduce_microstep: 0.00 | step_microstep: 0.00
dynamic ViT batch size: 3, images per sample: 3.0, dynamic token length: 939
[2025-09-24 19:47:45,439] [INFO] [logging.py:96:log_dist] [Rank 0] time (ms) | fwd_microstep: 252.65 | bwd_microstep: 427.23 | bwd_inner_microstep: 427.11 | bwd_allreduce_microstep: 0.00 | step_microstep: 0.14
dynamic ViT batch size: 1, images per sample: 1.0, dynamic token length: 417
[2025-09-24 19:47:45,942] [INFO] [logging.py:96:log_dist] [Rank 0] time (ms) | fwd_microstep: 144.48 | bwd_microstep: 333.09 | bwd_inner_microstep: 332.54 | bwd_allreduce_microstep: 0.20 | step_microstep: 0.17
dynamic ViT batch size: 1, images per sample: 1.0, dynamic token length: 391
[2025-09-24 19:47:46,400] [INFO] [logging.py:96:log_dist] [Rank 0] time (ms) | fwd_microstep: 144.20 | bwd_microstep: 287.23 | bwd_inner_microstep: 286.71 | bwd_allreduce_microstep: 0.18 | step_microstep: 0.14
dynamic ViT batch size: 3, images per sample: 3.0, dynamic token length: 883
[2025-09-24 19:47:47,094] [INFO] [logging.py:96:log_dist] [Rank 0] time (ms) | fwd_microstep: 234.35 | bwd_microstep: 428.04 | bwd_inner_microstep: 427.97 | bwd_allreduce_microstep: 0.00 | step_microstep: 0.07
dynamic ViT batch size: 13, images per sample: 13.0, dynamic token length: 3418
[2025-09-24 19:47:49,308] [INFO] [logging.py:96:log_dist] [Rank 0] time (ms) | fwd_microstep: 764.22 | bwd_microstep: 1410.33 | bwd_inner_microstep: 1410.32 | bwd_allreduce_microstep: 0.00 | step_microstep: 0.00
dynamic ViT batch size: 13, images per sample: 13.0, dynamic token length: 3402
[2025-09-24 19:47:51,505] [INFO] [logging.py:96:log_dist] [Rank 0] time (ms) | fwd_microstep: 762.61 | bwd_microstep: 1406.58 | bwd_inner_microstep: 1406.56 | bwd_allreduce_microstep: 0.00 | step_microstep: 0.00
dynamic ViT batch size: 13, images per sample: 13.0, dynamic token length: 3402
[2025-09-24 19:47:56,810] [INFO] [logging.py:96:log_dist] [Rank 0] time (ms) | optimizer_allgather: 13.72 | optimizer_gradients: 60.89 | optimizer_step: 6.94
[2025-09-24 19:47:56,811] [INFO] [logging.py:96:log_dist] [Rank 0] time (ms) | fwd_microstep: 763.40 | bwd_microstep: 4326.53 | bwd_inner_microstep: 1410.99 | bwd_allreduce_microstep: 2915.47 | step_microstep: 189.75
[2025-09-24 19:47:56,814] [INFO] [logging.py:96:log_dist] [Rank 0] time (ms) | fwd: 15843.77 | bwd: 29952.15 | bwd_inner: 27033.25 | bwd_allreduce: 2916.82 | step: 191.10
  7%|6         | 1/15 [01:40<23:31, 100.79s/it]                                               {'loss': 0.477, 'learning_rate': 2e-05, 'epoch': 0.06}
  7%|6         | 1/15 [01:40<23:31, 100.79s/it]dynamic ViT batch size: 13, images per sample: 13.0, dynamic token length: 3589
[2025-09-24 19:47:59,214] [INFO] [logging.py:96:log_dist] [Rank 0] time (ms) | fwd_microstep: 810.70 | bwd_microstep: 1537.21 | bwd_inner_microstep: 1537.20 | bwd_allreduce_microstep: 0.00 | step_microstep: 0.00
dynamic ViT batch size: 13, images per sample: 13.0, dynamic token length: 3430
[2025-09-24 19:48:01,444] [INFO] [logging.py:96:log_dist] [Rank 0] time (ms) | fwd_microstep: 770.88 | bwd_microstep: 1419.29 | bwd_inner_microstep: 1419.28 | bwd_allreduce_microstep: 0.00 | step_microstep: 0.00
dynamic ViT batch size: 11, images per sample: 11.0, dynamic token length: 2916
[2025-09-24 19:48:03,341] [INFO] [logging.py:96:log_dist] [Rank 0] time (ms) | fwd_microstep: 655.10 | bwd_microstep: 1210.96 | bwd_inner_microstep: 1210.95 | bwd_allreduce_microstep: 0.00 | step_microstep: 0.00
dynamic ViT batch size: 13, images per sample: 13.0, dynamic token length: 3461
[2025-09-24 19:48:05,620] [INFO] [logging.py:96:log_dist] [Rank 0] time (ms) | fwd_microstep: 783.39 | bwd_microstep: 1461.38 | bwd_inner_microstep: 1461.36 | bwd_allreduce_microstep: 0.00 | step_microstep: 0.00
dynamic ViT batch size: 5, images per sample: 5.0, dynamic token length: 1427
[2025-09-24 19:48:06,650] [INFO] [logging.py:96:log_dist] [Rank 0] time (ms) | fwd_microstep: 396.95 | bwd_microstep: 607.75 | bwd_inner_microstep: 607.74 | bwd_allreduce_microstep: 0.00 | step_microstep: 0.00
dynamic ViT batch size: 11, images per sample: 11.0, dynamic token length: 2926
[2025-09-24 19:48:08,544] [INFO] [logging.py:96:log_dist] [Rank 0] time (ms) | fwd_microstep: 655.15 | bwd_microstep: 1212.11 | bwd_inner_microstep: 1212.10 | bwd_allreduce_microstep: 0.00 | step_microstep: 0.00
dynamic ViT batch size: 13, images per sample: 13.0, dynamic token length: 3405
[2025-09-24 19:48:10,770] [INFO] [logging.py:96:log_dist] [Rank 0] time (ms) | fwd_microstep: 770.99 | bwd_microstep: 1418.78 | bwd_inner_microstep: 1418.77 | bwd_allreduce_microstep: 0.00 | step_microstep: 0.00
dynamic ViT batch size: 7, images per sample: 7.0, dynamic token length: 1889
[2025-09-24 19:48:12,053] [INFO] [logging.py:96:log_dist] [Rank 0] time (ms) | fwd_microstep: 443.46 | bwd_microstep: 808.09 | bwd_inner_microstep: 808.08 | bwd_allreduce_microstep: 0.00 | step_microstep: 0.00
dynamic ViT batch size: 13, images per sample: 13.0, dynamic token length: 3434
[2025-09-24 19:48:14,278] [INFO] [logging.py:96:log_dist] [Rank 0] time (ms) | fwd_microstep: 772.17 | bwd_microstep: 1425.65 | bwd_inner_microstep: 1425.64 | bwd_allreduce_microstep: 0.00 | step_microstep: 0.00
dynamic ViT batch size: 11, images per sample: 11.0, dynamic token length: 2896
[2025-09-24 19:48:16,174] [INFO] [logging.py:96:log_dist] [Rank 0] time (ms) | fwd_microstep: 657.44 | bwd_microstep: 1212.47 | bwd_inner_microstep: 1212.46 | bwd_allreduce_microstep: 0.00 | step_microstep: 0.00
dynamic ViT batch size: 13, images per sample: 13.0, dynamic token length: 3413
[2025-09-24 19:48:18,420] [INFO] [logging.py:96:log_dist] [Rank 0] time (ms) | fwd_microstep: 772.63 | bwd_microstep: 1427.64 | bwd_inner_microstep: 1427.62 | bwd_allreduce_microstep: 0.00 | step_microstep: 0.00
dynamic ViT batch size: 13, images per sample: 13.0, dynamic token length: 3409
[2025-09-24 19:48:20,669] [INFO] [logging.py:96:log_dist] [Rank 0] time (ms) | fwd_microstep: 776.15 | bwd_microstep: 1426.00 | bwd_inner_microstep: 1425.99 | bwd_allreduce_microstep: 0.00 | step_microstep: 0.00
dynamic ViT batch size: 13, images per sample: 13.0, dynamic token length: 3404
[2025-09-24 19:48:22,905] [INFO] [logging.py:96:log_dist] [Rank 0] time (ms) | fwd_microstep: 775.03 | bwd_microstep: 1428.19 | bwd_inner_microstep: 1428.18 | bwd_allreduce_microstep: 0.00 | step_microstep: 0.00
dynamic ViT batch size: 7, images per sample: 7.0, dynamic token length: 1865
[2025-09-24 19:48:24,202] [INFO] [logging.py:96:log_dist] [Rank 0] time (ms) | fwd_microstep: 448.14 | bwd_microstep: 809.59 | bwd_inner_microstep: 809.57 | bwd_allreduce_microstep: 0.00 | step_microstep: 0.00
dynamic ViT batch size: 3, images per sample: 3.0, dynamic token length: 855
[2025-09-24 19:48:24,842] [INFO] [logging.py:96:log_dist] [Rank 0] time (ms) | fwd_microstep: 220.56 | bwd_microstep: 394.64 | bwd_inner_microstep: 394.63 | bwd_allreduce_microstep: 0.00 | step_microstep: 0.00
dynamic ViT batch size: 1, images per sample: 1.0, dynamic token length: 347
[2025-09-24 19:48:25,250] [INFO] [logging.py:96:log_dist] [Rank 0] time (ms) | fwd_microstep: 130.18 | bwd_microstep: 253.09 | bwd_inner_microstep: 252.92 | bwd_allreduce_microstep: 0.07 | step_microstep: 0.06
dynamic ViT batch size: 7, images per sample: 7.0, dynamic token length: 1865
[2025-09-24 19:48:26,526] [INFO] [logging.py:96:log_dist] [Rank 0] time (ms) | fwd_microstep: 440.32 | bwd_microstep: 809.66 | bwd_inner_microstep: 809.65 | bwd_allreduce_microstep: 0.00 | step_microstep: 0.00
dynamic ViT batch size: 11, images per sample: 11.0, dynamic token length: 2889
[2025-09-24 19:48:28,431] [INFO] [logging.py:96:log_dist] [Rank 0] time (ms) | fwd_microstep: 664.26 | bwd_microstep: 1215.59 | bwd_inner_microstep: 1215.58 | bwd_allreduce_microstep: 0.00 | step_microstep: 0.00
dynamic ViT batch size: 9, images per sample: 9.0, dynamic token length: 2378
[2025-09-24 19:48:30,028] [INFO] [logging.py:96:log_dist] [Rank 0] time (ms) | fwd_microstep: 551.19 | bwd_microstep: 1021.25 | bwd_inner_microstep: 1021.24 | bwd_allreduce_microstep: 0.00 | step_microstep: 0.00
dynamic ViT batch size: 7, images per sample: 7.0, dynamic token length: 1857
[2025-09-24 19:48:31,305] [INFO] [logging.py:96:log_dist] [Rank 0] time (ms) | fwd_microstep: 440.86 | bwd_microstep: 810.98 | bwd_inner_microstep: 810.96 | bwd_allreduce_microstep: 0.00 | step_microstep: 0.00
dynamic ViT batch size: 13, images per sample: 13.0, dynamic token length: 3394
[2025-09-24 19:48:33,546] [INFO] [logging.py:96:log_dist] [Rank 0] time (ms) | fwd_microstep: 778.86 | bwd_microstep: 1434.68 | bwd_inner_microstep: 1434.67 | bwd_allreduce_microstep: 0.00 | step_microstep: 0.00
dynamic ViT batch size: 13, images per sample: 13.0, dynamic token length: 3627
[2025-09-24 19:48:35,980] [INFO] [logging.py:96:log_dist] [Rank 0] time (ms) | fwd_microstep: 830.70 | bwd_microstep: 1576.17 | bwd_inner_microstep: 1576.16 | bwd_allreduce_microstep: 0.00 | step_microstep: 0.00
dynamic ViT batch size: 9, images per sample: 9.0, dynamic token length: 2566
[2025-09-24 19:48:37,712] [INFO] [logging.py:96:log_dist] [Rank 0] time (ms) | fwd_microstep: 592.40 | bwd_microstep: 1114.86 | bwd_inner_microstep: 1114.85 | bwd_allreduce_microstep: 0.00 | step_microstep: 0.00
dynamic ViT batch size: 13, images per sample: 13.0, dynamic token length: 3489
[2025-09-24 19:48:40,038] [INFO] [logging.py:96:log_dist] [Rank 0] time (ms) | fwd_microstep: 800.61 | bwd_microstep: 1492.06 | bwd_inner_microstep: 1492.05 | bwd_allreduce_microstep: 0.00 | step_microstep: 0.00
dynamic ViT batch size: 13, images per sample: 13.0, dynamic token length: 3446
[2025-09-24 19:48:42,299] [INFO] [logging.py:96:log_dist] [Rank 0] time (ms) | fwd_microstep: 786.11 | bwd_microstep: 1446.95 | bwd_inner_microstep: 1446.94 | bwd_allreduce_microstep: 0.00 | step_microstep: 0.00
dynamic ViT batch size: 4, images per sample: 4.0, dynamic token length: 1122
[2025-09-24 19:48:43,119] [INFO] [logging.py:96:log_dist] [Rank 0] time (ms) | fwd_microstep: 277.58 | bwd_microstep: 504.55 | bwd_inner_microstep: 504.54 | bwd_allreduce_microstep: 0.00 | step_microstep: 0.00
dynamic ViT batch size: 13, images per sample: 13.0, dynamic token length: 3422
[2025-09-24 19:48:45,385] [INFO] [logging.py:96:log_dist] [Rank 0] time (ms) | fwd_microstep: 785.57 | bwd_microstep: 1447.05 | bwd_inner_microstep: 1447.04 | bwd_allreduce_microstep: 0.00 | step_microstep: 0.00
dynamic ViT batch size: 13, images per sample: 13.0, dynamic token length: 3406
[2025-09-24 19:48:47,647] [INFO] [logging.py:96:log_dist] [Rank 0] time (ms) | fwd_microstep: 785.06 | bwd_microstep: 1444.11 | bwd_inner_microstep: 1444.09 | bwd_allreduce_microstep: 0.00 | step_microstep: 0.00
dynamic ViT batch size: 9, images per sample: 9.0, dynamic token length: 2379
[2025-09-24 19:48:49,266] [INFO] [logging.py:96:log_dist] [Rank 0] time (ms) | fwd_microstep: 554.86 | bwd_microstep: 1031.37 | bwd_inner_microstep: 1031.36 | bwd_allreduce_microstep: 0.00 | step_microstep: 0.00
dynamic ViT batch size: 7, images per sample: 7.0, dynamic token length: 1865
[2025-09-24 19:48:50,574] [INFO] [logging.py:96:log_dist] [Rank 0] time (ms) | fwd_microstep: 452.82 | bwd_microstep: 817.07 | bwd_inner_microstep: 817.06 | bwd_allreduce_microstep: 0.00 | step_microstep: 0.00
dynamic ViT batch size: 3, images per sample: 3.0, dynamic token length: 835
[2025-09-24 19:48:51,229] [INFO] [logging.py:96:log_dist] [Rank 0] time (ms) | fwd_microstep: 231.39 | bwd_microstep: 393.31 | bwd_inner_microstep: 393.30 | bwd_allreduce_microstep: 0.00 | step_microstep: 0.00
dynamic ViT batch size: 1, images per sample: 1.0, dynamic token length: 322
[2025-09-24 19:48:51,760] [INFO] [logging.py:96:log_dist] [Rank 0] time (ms) | optimizer_allgather: 13.61 | optimizer_gradients: 1.59 | optimizer_step: 1.72
[2025-09-24 19:48:51,761] [INFO] [logging.py:96:log_dist] [Rank 0] time (ms) | fwd_microstep: 124.89 | bwd_microstep: 339.51 | bwd_inner_microstep: 304.39 | bwd_allreduce_microstep: 34.94 | step_microstep: 44.09
[2025-09-24 19:48:51,764] [INFO] [logging.py:96:log_dist] [Rank 0] time (ms) | fwd: 18935.39 | bwd: 34952.10 | bwd_inner: 34916.46 | bwd_allreduce: 35.12 | step: 44.24
 13%|#3        | 2/15 [02:35<15:59, 73.83s/it]                                               {'loss': 0.5504, 'learning_rate': 1.9749279121818235e-05, 'epoch': 0.13}
 13%|#3        | 2/15 [02:35<15:59, 73.83s/it]dynamic ViT batch size: 7, images per sample: 7.0, dynamic token length: 1892
[2025-09-24 19:48:53,075] [INFO] [logging.py:96:log_dist] [Rank 0] time (ms) | fwd_microstep: 449.10 | bwd_microstep: 825.80 | bwd_inner_microstep: 825.79 | bwd_allreduce_microstep: 0.00 | step_microstep: 0.07
dynamic ViT batch size: 1, images per sample: 1.0, dynamic token length: 341
[2025-09-24 19:48:53,503] [INFO] [logging.py:96:log_dist] [Rank 0] time (ms) | fwd_microstep: 135.56 | bwd_microstep: 259.42 | bwd_inner_microstep: 259.09 | bwd_allreduce_microstep: 0.13 | step_microstep: 0.16
dynamic ViT batch size: 13, images per sample: 13.0, dynamic token length: 3422
[2025-09-24 19:48:55,784] [INFO] [logging.py:96:log_dist] [Rank 0] time (ms) | fwd_microstep: 790.00 | bwd_microstep: 1455.17 | bwd_inner_microstep: 1455.16 | bwd_allreduce_microstep: 0.00 | step_microstep: 0.04
dynamic ViT batch size: 3, images per sample: 3.0, dynamic token length: 927
[2025-09-24 19:48:56,508] [INFO] [logging.py:96:log_dist] [Rank 0] time (ms) | fwd_microstep: 242.09 | bwd_microstep: 440.93 | bwd_inner_microstep: 440.91 | bwd_allreduce_microstep: 0.00 | step_microstep: 0.04
dynamic ViT batch size: 11, images per sample: 11.0, dynamic token length: 2916
[2025-09-24 19:48:58,449] [INFO] [logging.py:96:log_dist] [Rank 0] time (ms) | fwd_microstep: 671.48 | bwd_microstep: 1239.94 | bwd_inner_microstep: 1239.93 | bwd_allreduce_microstep: 0.00 | step_microstep: 0.05
dynamic ViT batch size: 3, images per sample: 3.0, dynamic token length: 972
[2025-09-24 19:48:59,169] [INFO] [logging.py:96:log_dist] [Rank 0] time (ms) | fwd_microstep: 246.28 | bwd_microstep: 448.77 | bwd_inner_microstep: 448.76 | bwd_allreduce_microstep: 0.00 | step_microstep: 0.03
dynamic ViT batch size: 13, images per sample: 13.0, dynamic token length: 3405
[2025-09-24 19:49:01,439] [INFO] [logging.py:96:log_dist] [Rank 0] time (ms) | fwd_microstep: 790.32 | bwd_microstep: 1453.87 | bwd_inner_microstep: 1453.85 | bwd_allreduce_microstep: 0.00 | step_microstep: 0.05
dynamic ViT batch size: 11, images per sample: 11.0, dynamic token length: 2896
[2025-09-24 19:49:03,380] [INFO] [logging.py:96:log_dist] [Rank 0] time (ms) | fwd_microstep: 674.80 | bwd_microstep: 1240.92 | bwd_inner_microstep: 1240.91 | bwd_allreduce_microstep: 0.00 | step_microstep: 0.06
dynamic ViT batch size: 7, images per sample: 7.0, dynamic token length: 1874
[2025-09-24 19:49:04,691] [INFO] [logging.py:96:log_dist] [Rank 0] time (ms) | fwd_microstep: 449.90 | bwd_microstep: 834.38 | bwd_inner_microstep: 834.37 | bwd_allreduce_microstep: 0.00 | step_microstep: 0.04
dynamic ViT batch size: 13, images per sample: 13.0, dynamic token length: 3405
[2025-09-24 19:49:06,978] [INFO] [logging.py:96:log_dist] [Rank 0] time (ms) | fwd_microstep: 794.21 | bwd_microstep: 1460.56 | bwd_inner_microstep: 1460.55 | bwd_allreduce_microstep: 0.00 | step_microstep: 0.08
dynamic ViT batch size: 7, images per sample: 7.0, dynamic token length: 1869
[2025-09-24 19:49:08,286] [INFO] [logging.py:96:log_dist] [Rank 0] time (ms) | fwd_microstep: 452.45 | bwd_microstep: 829.62 | bwd_inner_microstep: 829.60 | bwd_allreduce_microstep: 0.00 | step_microstep: 0.10
dynamic ViT batch size: 7, images per sample: 7.0, dynamic token length: 1879
[2025-09-24 19:49:09,601] [INFO] [logging.py:96:log_dist] [Rank 0] time (ms) | fwd_microstep: 453.43 | bwd_microstep: 831.37 | bwd_inner_microstep: 831.36 | bwd_allreduce_microstep: 0.00 | step_microstep: 0.04
dynamic ViT batch size: 13, images per sample: 13.0, dynamic token length: 3408
[2025-09-24 19:49:11,892] [INFO] [logging.py:96:log_dist] [Rank 0] time (ms) | fwd_microstep: 797.36 | bwd_microstep: 1467.88 | bwd_inner_microstep: 1467.86 | bwd_allreduce_microstep: 0.00 | step_microstep: 0.06
dynamic ViT batch size: 7, images per sample: 7.0, dynamic token length: 1871
[2025-09-24 19:49:13,211] [INFO] [logging.py:96:log_dist] [Rank 0] time (ms) | fwd_microstep: 457.92 | bwd_microstep: 829.38 | bwd_inner_microstep: 829.37 | bwd_allreduce_microstep: 0.00 | step_microstep: 0.04
dynamic ViT batch size: 13, images per sample: 13.0, dynamic token length: 3405
[2025-09-24 19:49:15,512] [INFO] [logging.py:96:log_dist] [Rank 0] time (ms) | fwd_microstep: 803.40 | bwd_microstep: 1472.03 | bwd_inner_microstep: 1472.02 | bwd_allreduce_microstep: 0.00 | step_microstep: 0.07
dynamic ViT batch size: 13, images per sample: 13.0, dynamic token length: 3401
[2025-09-24 19:49:17,816] [INFO] [logging.py:96:log_dist] [Rank 0] time (ms) | fwd_microstep: 800.95 | bwd_microstep: 1472.18 | bwd_inner_microstep: 1472.17 | bwd_allreduce_microstep: 0.00 | step_microstep: 0.04
dynamic ViT batch size: 3, images per sample: 3.0, dynamic token length: 847
[2025-09-24 19:49:18,471] [INFO] [logging.py:96:log_dist] [Rank 0] time (ms) | fwd_microstep: 221.99 | bwd_microstep: 407.81 | bwd_inner_microstep: 407.80 | bwd_allreduce_microstep: 0.00 | step_microstep: 0.04
dynamic ViT batch size: 5, images per sample: 5.0, dynamic token length: 1359
[2025-09-24 19:49:19,431] [INFO] [logging.py:96:log_dist] [Rank 0] time (ms) | fwd_microstep: 331.84 | bwd_microstep: 606.01 | bwd_inner_microstep: 606.00 | bwd_allreduce_microstep: 0.00 | step_microstep: 0.03
dynamic ViT batch size: 13, images per sample: 13.0, dynamic token length: 3401
[2025-09-24 19:49:21,737] [INFO] [logging.py:96:log_dist] [Rank 0] time (ms) | fwd_microstep: 802.48 | bwd_microstep: 1478.51 | bwd_inner_microstep: 1478.49 | bwd_allreduce_microstep: 0.00 | step_microstep: 0.10
dynamic ViT batch size: 7, images per sample: 7.0, dynamic token length: 1869
[2025-09-24 19:49:23,061] [INFO] [logging.py:96:log_dist] [Rank 0] time (ms) | fwd_microstep: 458.31 | bwd_microstep: 839.16 | bwd_inner_microstep: 839.15 | bwd_allreduce_microstep: 0.00 | step_microstep: 0.05
dynamic ViT batch size: 3, images per sample: 3.0, dynamic token length: 845
[2025-09-24 19:49:23,735] [INFO] [logging.py:96:log_dist] [Rank 0] time (ms) | fwd_microstep: 233.15 | bwd_microstep: 413.00 | bwd_inner_microstep: 412.99 | bwd_allreduce_microstep: 0.00 | step_microstep: 0.17
dynamic ViT batch size: 13, images per sample: 13.0, dynamic token length: 3396
[2025-09-24 19:49:26,041] [INFO] [logging.py:96:log_dist] [Rank 0] time (ms) | fwd_microstep: 800.66 | bwd_microstep: 1475.28 | bwd_inner_microstep: 1475.26 | bwd_allreduce_microstep: 0.00 | step_microstep: 0.08
dynamic ViT batch size: 13, images per sample: 13.0, dynamic token length: 3401
[2025-09-24 19:49:28,351] [INFO] [logging.py:96:log_dist] [Rank 0] time (ms) | fwd_microstep: 804.65 | bwd_microstep: 1478.74 | bwd_inner_microstep: 1478.72 | bwd_allreduce_microstep: 0.00 | step_microstep: 0.08
dynamic ViT batch size: 13, images per sample: 13.0, dynamic token length: 3396
[2025-09-24 19:49:30,670] [INFO] [logging.py:96:log_dist] [Rank 0] time (ms) | fwd_microstep: 807.17 | bwd_microstep: 1481.12 | bwd_inner_microstep: 1481.11 | bwd_allreduce_microstep: 0.00 | step_microstep: 0.06
dynamic ViT batch size: 1, images per sample: 1.0, dynamic token length: 322
[2025-09-24 19:49:31,107] [INFO] [logging.py:96:log_dist] [Rank 0] time (ms) | fwd_microstep: 142.96 | bwd_microstep: 260.92 | bwd_inner_microstep: 260.60 | bwd_allreduce_microstep: 0.08 | step_microstep: 0.14
dynamic ViT batch size: 3, images per sample: 3.0, dynamic token length: 833
[2025-09-24 19:49:31,766] [INFO] [logging.py:96:log_dist] [Rank 0] time (ms) | fwd_microstep: 225.27 | bwd_microstep: 401.67 | bwd_inner_microstep: 401.65 | bwd_allreduce_microstep: 0.00 | step_microstep: 0.04
dynamic ViT batch size: 7, images per sample: 7.0, dynamic token length: 1972
[2025-09-24 19:49:33,155] [INFO] [logging.py:96:log_dist] [Rank 0] time (ms) | fwd_microstep: 477.57 | bwd_microstep: 883.27 | bwd_inner_microstep: 883.25 | bwd_allreduce_microstep: 0.00 | step_microstep: 0.05
dynamic ViT batch size: 3, images per sample: 3.0, dynamic token length: 858
[2025-09-24 19:49:33,828] [INFO] [logging.py:96:log_dist] [Rank 0] time (ms) | fwd_microstep: 228.78 | bwd_microstep: 420.31 | bwd_inner_microstep: 420.29 | bwd_allreduce_microstep: 0.00 | step_microstep: 0.12
dynamic ViT batch size: 7, images per sample: 7.0, dynamic token length: 1879
[2025-09-24 19:49:35,158] [INFO] [logging.py:96:log_dist] [Rank 0] time (ms) | fwd_microstep: 458.83 | bwd_microstep: 839.61 | bwd_inner_microstep: 839.60 | bwd_allreduce_microstep: 0.00 | step_microstep: 0.04
dynamic ViT batch size: 3, images per sample: 3.0, dynamic token length: 848
[2025-09-24 19:49:35,820] [INFO] [logging.py:96:log_dist] [Rank 0] time (ms) | fwd_microstep: 232.06 | bwd_microstep: 406.39 | bwd_inner_microstep: 406.38 | bwd_allreduce_microstep: 0.00 | step_microstep: 0.03
dynamic ViT batch size: 13, images per sample: 13.0, dynamic token length: 3403
[2025-09-24 19:49:38,136] [INFO] [logging.py:96:log_dist] [Rank 0] time (ms) | fwd_microstep: 803.74 | bwd_microstep: 1483.56 | bwd_inner_microstep: 1483.54 | bwd_allreduce_microstep: 0.00 | step_microstep: 0.08
dynamic ViT batch size: 1, images per sample: 1.0, dynamic token length: 324
[2025-09-24 19:49:38,616] [INFO] [logging.py:96:log_dist] [Rank 0] time (ms) | optimizer_allgather: 13.67 | optimizer_gradients: 1.50 | optimizer_step: 1.73
[2025-09-24 19:49:38,617] [INFO] [logging.py:96:log_dist] [Rank 0] time (ms) | fwd_microstep: 129.95 | bwd_microstep: 290.66 | bwd_inner_microstep: 259.45 | bwd_allreduce_microstep: 31.02 | step_microstep: 33.70
[2025-09-24 19:49:38,620] [INFO] [logging.py:96:log_dist] [Rank 0] time (ms) | fwd: 16167.82 | bwd: 29728.29 | bwd_inner: 29696.23 | bwd_allreduce: 31.29 | step: 36.46
 20%|##        | 3/15 [03:22<12:18, 61.51s/it]                                              {'loss': 0.7629, 'learning_rate': 1.900968867902419e-05, 'epoch': 0.19}
 20%|##        | 3/15 [03:22<12:18, 61.51s/it]dynamic ViT batch size: 13, images per sample: 13.0, dynamic token length: 3462
[2025-09-24 19:49:41,014] [INFO] [logging.py:96:log_dist] [Rank 0] time (ms) | fwd_microstep: 821.61 | bwd_microstep: 1535.72 | bwd_inner_microstep: 1535.70 | bwd_allreduce_microstep: 0.00 | step_microstep: 0.13
dynamic ViT batch size: 7, images per sample: 7.0, dynamic token length: 1898
[2025-09-24 19:49:42,366] [INFO] [logging.py:96:log_dist] [Rank 0] time (ms) | fwd_microstep: 460.79 | bwd_microstep: 844.47 | bwd_inner_microstep: 844.45 | bwd_allreduce_microstep: 0.00 | step_microstep: 0.04
dynamic ViT batch size: 7, images per sample: 7.0, dynamic token length: 1896
[2025-09-24 19:49:43,701] [INFO] [logging.py:96:log_dist] [Rank 0] time (ms) | fwd_microstep: 459.33 | bwd_microstep: 846.38 | bwd_inner_microstep: 846.36 | bwd_allreduce_microstep: 0.00 | step_microstep: 0.05
dynamic ViT batch size: 7, images per sample: 7.0, dynamic token length: 1884
[2025-09-24 19:49:45,047] [INFO] [logging.py:96:log_dist] [Rank 0] time (ms) | fwd_microstep: 463.35 | bwd_microstep: 843.75 | bwd_inner_microstep: 843.73 | bwd_allreduce_microstep: 0.00 | step_microstep: 0.12
dynamic ViT batch size: 9, images per sample: 9.0, dynamic token length: 2456
[2025-09-24 19:49:46,763] [INFO] [logging.py:96:log_dist] [Rank 0] time (ms) | fwd_microstep: 592.18 | bwd_microstep: 1097.49 | bwd_inner_microstep: 1097.48 | bwd_allreduce_microstep: 0.00 | step_microstep: 0.05
dynamic ViT batch size: 1, images per sample: 1.0, dynamic token length: 342
[2025-09-24 19:49:47,174] [INFO] [logging.py:96:log_dist] [Rank 0] time (ms) | fwd_microstep: 136.85 | bwd_microstep: 250.14 | bwd_inner_microstep: 249.93 | bwd_allreduce_microstep: 0.07 | step_microstep: 0.14
dynamic ViT batch size: 3, images per sample: 3.0, dynamic token length: 845
[2025-09-24 19:49:47,844] [INFO] [logging.py:96:log_dist] [Rank 0] time (ms) | fwd_microstep: 229.12 | bwd_microstep: 416.51 | bwd_inner_microstep: 416.50 | bwd_allreduce_microstep: 0.00 | step_microstep: 0.06
dynamic ViT batch size: 4, images per sample: 4.0, dynamic token length: 1106
[2025-09-24 19:49:48,694] [INFO] [logging.py:96:log_dist] [Rank 0] time (ms) | fwd_microstep: 292.33 | bwd_microstep: 531.12 | bwd_inner_microstep: 531.10 | bwd_allreduce_microstep: 0.00 | step_microstep: 0.04
dynamic ViT batch size: 13, images per sample: 13.0, dynamic token length: 3424
[2025-09-24 19:49:51,021] [INFO] [logging.py:96:log_dist] [Rank 0] time (ms) | fwd_microstep: 808.41 | bwd_microstep: 1492.28 | bwd_inner_microstep: 1492.26 | bwd_allreduce_microstep: 0.00 | step_microstep: 0.06
dynamic ViT batch size: 7, images per sample: 7.0, dynamic token length: 1881
[2025-09-24 19:49:52,348] [INFO] [logging.py:96:log_dist] [Rank 0] time (ms) | fwd_microstep: 460.27 | bwd_microstep: 841.56 | bwd_inner_microstep: 841.54 | bwd_allreduce_microstep: 0.00 | step_microstep: 0.04
dynamic ViT batch size: 1, images per sample: 1.0, dynamic token length: 362
[2025-09-24 19:49:52,722] [INFO] [logging.py:96:log_dist] [Rank 0] time (ms) | fwd_microstep: 124.01 | bwd_microstep: 227.40 | bwd_inner_microstep: 227.10 | bwd_allreduce_microstep: 0.14 | step_microstep: 0.18
dynamic ViT batch size: 13, images per sample: 13.0, dynamic token length: 3533
[2025-09-24 19:49:55,136] [INFO] [logging.py:96:log_dist] [Rank 0] time (ms) | fwd_microstep: 832.70 | bwd_microstep: 1556.26 | bwd_inner_microstep: 1556.25 | bwd_allreduce_microstep: 0.00 | step_microstep: 0.04
dynamic ViT batch size: 13, images per sample: 13.0, dynamic token length: 3431
[2025-09-24 19:49:57,490] [INFO] [logging.py:96:log_dist] [Rank 0] time (ms) | fwd_microstep: 812.00 | bwd_microstep: 1495.21 | bwd_inner_microstep: 1495.19 | bwd_allreduce_microstep: 0.00 | step_microstep: 0.11
dynamic ViT batch size: 13, images per sample: 13.0, dynamic token length: 3403
[2025-09-24 19:49:59,835] [INFO] [logging.py:96:log_dist] [Rank 0] time (ms) | fwd_microstep: 809.90 | bwd_microstep: 1492.75 | bwd_inner_microstep: 1492.73 | bwd_allreduce_microstep: 0.00 | step_microstep: 0.07
dynamic ViT batch size: 7, images per sample: 7.0, dynamic token length: 1944
[2025-09-24 19:50:01,232] [INFO] [logging.py:96:log_dist] [Rank 0] time (ms) | fwd_microstep: 482.40 | bwd_microstep: 882.53 | bwd_inner_microstep: 882.52 | bwd_allreduce_microstep: 0.00 | step_microstep: 0.09
dynamic ViT batch size: 7, images per sample: 7.0, dynamic token length: 1859
[2025-09-24 19:50:02,580] [INFO] [logging.py:96:log_dist] [Rank 0] time (ms) | fwd_microstep: 460.10 | bwd_microstep: 843.04 | bwd_inner_microstep: 843.03 | bwd_allreduce_microstep: 0.00 | step_microstep: 0.05
dynamic ViT batch size: 1, images per sample: 1.0, dynamic token length: 326
[2025-09-24 19:50:03,003] [INFO] [logging.py:96:log_dist] [Rank 0] time (ms) | fwd_microstep: 130.06 | bwd_microstep: 267.84 | bwd_inner_microstep: 267.65 | bwd_allreduce_microstep: 0.08 | step_microstep: 0.12
dynamic ViT batch size: 1, images per sample: 1.0, dynamic token length: 328
[2025-09-24 19:50:03,424] [INFO] [logging.py:96:log_dist] [Rank 0] time (ms) | fwd_microstep: 122.20 | bwd_microstep: 276.10 | bwd_inner_microstep: 275.86 | bwd_allreduce_microstep: 0.07 | step_microstep: 0.12
dynamic ViT batch size: 1, images per sample: 1.0, dynamic token length: 332
[2025-09-24 19:50:03,847] [INFO] [logging.py:96:log_dist] [Rank 0] time (ms) | fwd_microstep: 127.21 | bwd_microstep: 272.11 | bwd_inner_microstep: 271.60 | bwd_allreduce_microstep: 0.18 | step_microstep: 0.31
dynamic ViT batch size: 1, images per sample: 1.0, dynamic token length: 324
[2025-09-24 19:50:04,242] [INFO] [logging.py:96:log_dist] [Rank 0] time (ms) | fwd_microstep: 134.26 | bwd_microstep: 230.28 | bwd_inner_microstep: 230.20 | bwd_allreduce_microstep: 0.03 | step_microstep: 0.11
dynamic ViT batch size: 7, images per sample: 7.0, dynamic token length: 1862
[2025-09-24 19:50:05,563] [INFO] [logging.py:96:log_dist] [Rank 0] time (ms) | fwd_microstep: 454.10 | bwd_microstep: 842.15 | bwd_inner_microstep: 842.14 | bwd_allreduce_microstep: 0.00 | step_microstep: 0.05
dynamic ViT batch size: 1, images per sample: 1.0, dynamic token length: 322
[2025-09-24 19:50:06,065] [INFO] [logging.py:96:log_dist] [Rank 0] time (ms) | fwd_microstep: 147.62 | bwd_microstep: 321.54 | bwd_inner_microstep: 321.06 | bwd_allreduce_microstep: 0.18 | step_microstep: 0.15
dynamic ViT batch size: 3, images per sample: 3.0, dynamic token length: 835
[2025-09-24 19:50:06,736] [INFO] [logging.py:96:log_dist] [Rank 0] time (ms) | fwd_microstep: 228.20 | bwd_microstep: 408.35 | bwd_inner_microstep: 408.04 | bwd_allreduce_microstep: 0.18 | step_microstep: 0.29
dynamic ViT batch size: 3, images per sample: 3.0, dynamic token length: 833
[2025-09-24 19:50:07,387] [INFO] [logging.py:96:log_dist] [Rank 0] time (ms) | fwd_microstep: 224.32 | bwd_microstep: 402.05 | bwd_inner_microstep: 402.04 | bwd_allreduce_microstep: 0.00 | step_microstep: 0.06
dynamic ViT batch size: 7, images per sample: 7.0, dynamic token length: 2021
[2025-09-24 19:50:08,797] [INFO] [logging.py:96:log_dist] [Rank 0] time (ms) | fwd_microstep: 483.67 | bwd_microstep: 900.36 | bwd_inner_microstep: 900.35 | bwd_allreduce_microstep: 0.00 | step_microstep: 0.05
dynamic ViT batch size: 13, images per sample: 13.0, dynamic token length: 3522
[2025-09-24 19:50:11,229] [INFO] [logging.py:96:log_dist] [Rank 0] time (ms) | fwd_microstep: 832.96 | bwd_microstep: 1559.89 | bwd_inner_microstep: 1559.88 | bwd_allreduce_microstep: 0.00 | step_microstep: 0.04
dynamic ViT batch size: 13, images per sample: 13.0, dynamic token length: 3484
[2025-09-24 19:50:13,641] [INFO] [logging.py:96:log_dist] [Rank 0] time (ms) | fwd_microstep: 830.51 | bwd_microstep: 1555.07 | bwd_inner_microstep: 1555.05 | bwd_allreduce_microstep: 0.00 | step_microstep: 0.10
dynamic ViT batch size: 13, images per sample: 13.0, dynamic token length: 3459
[2025-09-24 19:50:16,062] [INFO] [logging.py:96:log_dist] [Rank 0] time (ms) | fwd_microstep: 827.10 | bwd_microstep: 1552.74 | bwd_inner_microstep: 1552.72 | bwd_allreduce_microstep: 0.00 | step_microstep: 0.05
dynamic ViT batch size: 13, images per sample: 13.0, dynamic token length: 3452
[2025-09-24 19:50:18,412] [INFO] [logging.py:96:log_dist] [Rank 0] time (ms) | fwd_microstep: 815.05 | bwd_microstep: 1505.51 | bwd_inner_microstep: 1505.49 | bwd_allreduce_microstep: 0.00 | step_microstep: 0.07
dynamic ViT batch size: 1, images per sample: 1.0, dynamic token length: 356
[2025-09-24 19:50:18,877] [INFO] [logging.py:96:log_dist] [Rank 0] time (ms) | fwd_microstep: 129.48 | bwd_microstep: 311.43 | bwd_inner_microstep: 310.89 | bwd_allreduce_microstep: 0.19 | step_microstep: 0.28
dynamic ViT batch size: 13, images per sample: 13.0, dynamic token length: 3411
[2025-09-24 19:50:21,215] [INFO] [logging.py:96:log_dist] [Rank 0] time (ms) | fwd_microstep: 816.54 | bwd_microstep: 1494.50 | bwd_inner_microstep: 1494.48 | bwd_allreduce_microstep: 0.00 | step_microstep: 0.06
dynamic ViT batch size: 1, images per sample: 1.0, dynamic token length: 325
[2025-09-24 19:50:21,728] [INFO] [logging.py:96:log_dist] [Rank 0] time (ms) | optimizer_allgather: 13.70 | optimizer_gradients: 1.47 | optimizer_step: 1.72
[2025-09-24 19:50:21,729] [INFO] [logging.py:96:log_dist] [Rank 0] time (ms) | fwd_microstep: 131.01 | bwd_microstep: 325.01 | bwd_inner_microstep: 294.00 | bwd_allreduce_microstep: 30.83 | step_microstep: 33.14
[2025-09-24 19:50:21,732] [INFO] [logging.py:96:log_dist] [Rank 0] time (ms) | fwd: 14678.73 | bwd: 27421.89 | bwd_inner: 27388.00 | bwd_allreduce: 32.06 | step: 36.76
 27%|##6       | 4/15 [04:05<09:56, 54.25s/it]                                              {'loss': 0.6303, 'learning_rate': 1.78183148246803e-05, 'epoch': 0.26}
 27%|##6       | 4/15 [04:05<09:56, 54.25s/it]dynamic ViT batch size: 13, images per sample: 13.0, dynamic token length: 3490
[2025-09-24 19:50:24,151] [INFO] [logging.py:96:log_dist] [Rank 0] time (ms) | fwd_microstep: 833.48 | bwd_microstep: 1547.89 | bwd_inner_microstep: 1547.87 | bwd_allreduce_microstep: 0.00 | step_microstep: 0.04
dynamic ViT batch size: 9, images per sample: 9.0, dynamic token length: 2411
[2025-09-24 19:50:25,815] [INFO] [logging.py:96:log_dist] [Rank 0] time (ms) | fwd_microstep: 572.54 | bwd_microstep: 1067.72 | bwd_inner_microstep: 1067.70 | bwd_allreduce_microstep: 0.00 | step_microstep: 0.06
dynamic ViT batch size: 1, images per sample: 1.0, dynamic token length: 394
[2025-09-24 19:50:26,279] [INFO] [logging.py:96:log_dist] [Rank 0] time (ms) | fwd_microstep: 163.93 | bwd_microstep: 275.85 | bwd_inner_microstep: 275.63 | bwd_allreduce_microstep: 0.08 | step_microstep: 0.14
dynamic ViT batch size: 13, images per sample: 13.0, dynamic token length: 3423
[2025-09-24 19:50:28,620] [INFO] [logging.py:96:log_dist] [Rank 0] time (ms) | fwd_microstep: 816.52 | bwd_microstep: 1498.49 | bwd_inner_microstep: 1498.48 | bwd_allreduce_microstep: 0.00 | step_microstep: 0.04
dynamic ViT batch size: 1, images per sample: 1.0, dynamic token length: 361
[2025-09-24 19:50:29,079] [INFO] [logging.py:96:log_dist] [Rank 0] time (ms) | fwd_microstep: 120.60 | bwd_microstep: 314.53 | bwd_inner_microstep: 314.21 | bwd_allreduce_microstep: 0.14 | step_microstep: 0.33
dynamic ViT batch size: 3, images per sample: 3.0, dynamic token length: 864
[2025-09-24 19:50:29,759] [INFO] [logging.py:96:log_dist] [Rank 0] time (ms) | fwd_microstep: 229.27 | bwd_microstep: 423.81 | bwd_inner_microstep: 423.62 | bwd_allreduce_microstep: 0.06 | step_microstep: 0.29
dynamic ViT batch size: 13, images per sample: 13.0, dynamic token length: 3417
[2025-09-24 19:50:32,112] [INFO] [logging.py:96:log_dist] [Rank 0] time (ms) | fwd_microstep: 815.61 | bwd_microstep: 1500.90 | bwd_inner_microstep: 1500.89 | bwd_allreduce_microstep: 0.00 | step_microstep: 0.05
dynamic ViT batch size: 4, images per sample: 4.0, dynamic token length: 1111
[2025-09-24 19:50:32,951] [INFO] [logging.py:96:log_dist] [Rank 0] time (ms) | fwd_microstep: 284.53 | bwd_microstep: 529.38 | bwd_inner_microstep: 529.37 | bwd_allreduce_microstep: 0.00 | step_microstep: 0.04
dynamic ViT batch size: 1, images per sample: 1.0, dynamic token length: 447
[2025-09-24 19:50:33,402] [INFO] [logging.py:96:log_dist] [Rank 0] time (ms) | fwd_microstep: 148.05 | bwd_microstep: 280.92 | bwd_inner_microstep: 280.73 | bwd_allreduce_microstep: 0.10 | step_microstep: 0.16
dynamic ViT batch size: 13, images per sample: 13.0, dynamic token length: 3404
[2025-09-24 19:50:35,747] [INFO] [logging.py:96:log_dist] [Rank 0] time (ms) | fwd_microstep: 812.86 | bwd_microstep: 1498.71 | bwd_inner_microstep: 1498.69 | bwd_allreduce_microstep: 0.00 | step_microstep: 0.05
dynamic ViT batch size: 7, images per sample: 7.0, dynamic token length: 1874
[2025-09-24 19:50:37,086] [INFO] [logging.py:96:log_dist] [Rank 0] time (ms) | fwd_microstep: 465.34 | bwd_microstep: 849.04 | bwd_inner_microstep: 849.02 | bwd_allreduce_microstep: 0.00 | step_microstep: 0.04
dynamic ViT batch size: 13, images per sample: 13.0, dynamic token length: 3404
[2025-09-24 19:50:39,426] [INFO] [logging.py:96:log_dist] [Rank 0] time (ms) | fwd_microstep: 813.21 | bwd_microstep: 1499.11 | bwd_inner_microstep: 1499.10 | bwd_allreduce_microstep: 0.00 | step_microstep: 0.06
dynamic ViT batch size: 11, images per sample: 11.0, dynamic token length: 2896
[2025-09-24 19:50:41,433] [INFO] [logging.py:96:log_dist] [Rank 0] time (ms) | fwd_microstep: 694.36 | bwd_microstep: 1283.67 | bwd_inner_microstep: 1283.66 | bwd_allreduce_microstep: 0.00 | step_microstep: 0.04
dynamic ViT batch size: 13, images per sample: 13.0, dynamic token length: 3410
[2025-09-24 19:50:43,781] [INFO] [logging.py:96:log_dist] [Rank 0] time (ms) | fwd_microstep: 818.23 | bwd_microstep: 1502.42 | bwd_inner_microstep: 1502.40 | bwd_allreduce_microstep: 0.00 | step_microstep: 0.04
dynamic ViT batch size: 3, images per sample: 3.0, dynamic token length: 844
[2025-09-24 19:50:44,456] [INFO] [logging.py:96:log_dist] [Rank 0] time (ms) | fwd_microstep: 228.53 | bwd_microstep: 421.68 | bwd_inner_microstep: 421.67 | bwd_allreduce_microstep: 0.00 | step_microstep: 0.06
dynamic ViT batch size: 13, images per sample: 13.0, dynamic token length: 3404
[2025-09-24 19:50:46,809] [INFO] [logging.py:96:log_dist] [Rank 0] time (ms) | fwd_microstep: 815.59 | bwd_microstep: 1500.48 | bwd_inner_microstep: 1500.47 | bwd_allreduce_microstep: 0.00 | step_microstep: 0.05
dynamic ViT batch size: 5, images per sample: 5.0, dynamic token length: 1355
[2025-09-24 19:50:47,801] [INFO] [logging.py:96:log_dist] [Rank 0] time (ms) | fwd_microstep: 342.72 | bwd_microstep: 622.61 | bwd_inner_microstep: 622.60 | bwd_allreduce_microstep: 0.00 | step_microstep: 0.04
dynamic ViT batch size: 7, images per sample: 7.0, dynamic token length: 1865
[2025-09-24 19:50:49,144] [INFO] [logging.py:96:log_dist] [Rank 0] time (ms) | fwd_microstep: 465.75 | bwd_microstep: 850.60 | bwd_inner_microstep: 850.59 | bwd_allreduce_microstep: 0.00 | step_microstep: 0.05
dynamic ViT batch size: 1, images per sample: 1.0, dynamic token length: 330
[2025-09-24 19:50:49,539] [INFO] [logging.py:96:log_dist] [Rank 0] time (ms) | fwd_microstep: 131.54 | bwd_microstep: 240.85 | bwd_inner_microstep: 240.65 | bwd_allreduce_microstep: 0.10 | step_microstep: 0.16
dynamic ViT batch size: 7, images per sample: 7.0, dynamic token length: 1866
[2025-09-24 19:50:50,871] [INFO] [logging.py:96:log_dist] [Rank 0] time (ms) | fwd_microstep: 456.44 | bwd_microstep: 851.31 | bwd_inner_microstep: 851.29 | bwd_allreduce_microstep: 0.00 | step_microstep: 0.04
dynamic ViT batch size: 1, images per sample: 1.0, dynamic token length: 322
[2025-09-24 19:50:51,290] [INFO] [logging.py:96:log_dist] [Rank 0] time (ms) | fwd_microstep: 127.41 | bwd_microstep: 265.73 | bwd_inner_microstep: 265.44 | bwd_allreduce_microstep: 0.11 | step_microstep: 0.19
dynamic ViT batch size: 11, images per sample: 11.0, dynamic token length: 2881
[2025-09-24 19:50:53,309] [INFO] [logging.py:96:log_dist] [Rank 0] time (ms) | fwd_microstep: 692.14 | bwd_microstep: 1283.81 | bwd_inner_microstep: 1283.79 | bwd_allreduce_microstep: 0.00 | step_microstep: 0.06
dynamic ViT batch size: 1, images per sample: 1.0, dynamic token length: 323
[2025-09-24 19:50:53,708] [INFO] [logging.py:96:log_dist] [Rank 0] time (ms) | fwd_microstep: 131.00 | bwd_microstep: 244.28 | bwd_inner_microstep: 244.04 | bwd_allreduce_microstep: 0.10 | step_microstep: 0.28
dynamic ViT batch size: 13, images per sample: 13.0, dynamic token length: 3394
[2025-09-24 19:50:56,041] [INFO] [logging.py:96:log_dist] [Rank 0] time (ms) | fwd_microstep: 813.50 | bwd_microstep: 1487.34 | bwd_inner_microstep: 1487.32 | bwd_allreduce_microstep: 0.00 | step_microstep: 0.05
dynamic ViT batch size: 13, images per sample: 13.0, dynamic token length: 3533
[2025-09-24 19:50:58,479] [INFO] [logging.py:96:log_dist] [Rank 0] time (ms) | fwd_microstep: 839.61 | bwd_microstep: 1566.22 | bwd_inner_microstep: 1566.20 | bwd_allreduce_microstep: 0.00 | step_microstep: 0.05
dynamic ViT batch size: 7, images per sample: 7.0, dynamic token length: 1974
[2025-09-24 19:50:59,885] [INFO] [logging.py:96:log_dist] [Rank 0] time (ms) | fwd_microstep: 485.62 | bwd_microstep: 897.03 | bwd_inner_microstep: 897.02 | bwd_allreduce_microstep: 0.00 | step_microstep: 0.05
dynamic ViT batch size: 3, images per sample: 3.0, dynamic token length: 929
[2025-09-24 19:51:00,632] [INFO] [logging.py:96:log_dist] [Rank 0] time (ms) | fwd_microstep: 257.28 | bwd_microstep: 465.12 | bwd_inner_microstep: 465.10 | bwd_allreduce_microstep: 0.00 | step_microstep: 0.16
dynamic ViT batch size: 1, images per sample: 1.0, dynamic token length: 394
[2025-09-24 19:51:01,093] [INFO] [logging.py:96:log_dist] [Rank 0] time (ms) | fwd_microstep: 151.51 | bwd_microstep: 285.72 | bwd_inner_microstep: 285.24 | bwd_allreduce_microstep: 0.19 | step_microstep: 0.27
dynamic ViT batch size: 13, images per sample: 13.0, dynamic token length: 3444
[2025-09-24 19:51:03,445] [INFO] [logging.py:96:log_dist] [Rank 0] time (ms) | fwd_microstep: 818.26 | bwd_microstep: 1507.02 | bwd_inner_microstep: 1507.01 | bwd_allreduce_microstep: 0.00 | step_microstep: 0.09
dynamic ViT batch size: 13, images per sample: 13.0, dynamic token length: 3436
[2025-09-24 19:51:05,818] [INFO] [logging.py:96:log_dist] [Rank 0] time (ms) | fwd_microstep: 816.51 | bwd_microstep: 1510.24 | bwd_inner_microstep: 1510.22 | bwd_allreduce_microstep: 0.00 | step_microstep: 0.05
dynamic ViT batch size: 1, images per sample: 1.0, dynamic token length: 361
[2025-09-24 19:51:06,246] [INFO] [logging.py:96:log_dist] [Rank 0] time (ms) | fwd_microstep: 144.56 | bwd_microstep: 243.69 | bwd_inner_microstep: 243.20 | bwd_allreduce_microstep: 0.19 | step_microstep: 0.27
dynamic ViT batch size: 1, images per sample: 1.0, dynamic token length: 333
[2025-09-24 19:51:06,739] [INFO] [logging.py:96:log_dist] [Rank 0] time (ms) | optimizer_allgather: 13.49 | optimizer_gradients: 1.41 | optimizer_step: 1.72
[2025-09-24 19:51:06,740] [INFO] [logging.py:96:log_dist] [Rank 0] time (ms) | fwd_microstep: 123.23 | bwd_microstep: 313.85 | bwd_inner_microstep: 280.43 | bwd_allreduce_microstep: 33.08 | step_microstep: 32.37
[2025-09-24 19:51:06,743] [INFO] [logging.py:96:log_dist] [Rank 0] time (ms) | fwd: 15428.84 | bwd: 28630.36 | bwd_inner: 28594.26 | bwd_allreduce: 34.19 | step: 36.24
 33%|###3      | 5/15 [04:50<08:29, 50.92s/it]                                              {'loss': 0.7141, 'learning_rate': 1.6234898018587336e-05, 'epoch': 0.32}
 33%|###3      | 5/15 [04:50<08:29, 50.92s/it]dynamic ViT batch size: 13, images per sample: 13.0, dynamic token length: 3540
[2025-09-24 19:51:09,185] [INFO] [logging.py:96:log_dist] [Rank 0] time (ms) | fwd_microstep: 835.23 | bwd_microstep: 1566.66 | bwd_inner_microstep: 1566.65 | bwd_allreduce_microstep: 0.00 | step_microstep: 0.05
dynamic ViT batch size: 13, images per sample: 13.0, dynamic token length: 3431
[2025-09-24 19:51:11,538] [INFO] [logging.py:96:log_dist] [Rank 0] time (ms) | fwd_microstep: 812.69 | bwd_microstep: 1509.31 | bwd_inner_microstep: 1509.30 | bwd_allreduce_microstep: 0.00 | step_microstep: 0.04
dynamic ViT batch size: 13, images per sample: 13.0, dynamic token length: 3569
[2025-09-24 19:51:13,992] [INFO] [logging.py:96:log_dist] [Rank 0] time (ms) | fwd_microstep: 848.18 | bwd_microstep: 1578.34 | bwd_inner_microstep: 1578.33 | bwd_allreduce_microstep: 0.00 | step_microstep: 0.05
dynamic ViT batch size: 7, images per sample: 7.0, dynamic token length: 1900
[2025-09-24 19:51:15,340] [INFO] [logging.py:96:log_dist] [Rank 0] time (ms) | fwd_microstep: 467.98 | bwd_microstep: 854.08 | bwd_inner_microstep: 854.07 | bwd_allreduce_microstep: 0.00 | step_microstep: 0.07
dynamic ViT batch size: 3, images per sample: 3.0, dynamic token length: 1014
[2025-09-24 19:51:16,106] [INFO] [logging.py:96:log_dist] [Rank 0] time (ms) | fwd_microstep: 266.05 | bwd_microstep: 470.36 | bwd_inner_microstep: 470.35 | bwd_allreduce_microstep: 0.00 | step_microstep: 0.05
dynamic ViT batch size: 13, images per sample: 13.0, dynamic token length: 3423
[2025-09-24 19:51:18,454] [INFO] [logging.py:96:log_dist] [Rank 0] time (ms) | fwd_microstep: 813.20 | bwd_microstep: 1499.32 | bwd_inner_microstep: 1499.30 | bwd_allreduce_microstep: 0.00 | step_microstep: 0.31
dynamic ViT batch size: 13, images per sample: 13.0, dynamic token length: 3469
[2025-09-24 19:51:20,891] [INFO] [logging.py:96:log_dist] [Rank 0] time (ms) | fwd_microstep: 836.44 | bwd_microstep: 1558.82 | bwd_inner_microstep: 1558.81 | bwd_allreduce_microstep: 0.00 | step_microstep: 0.04
dynamic ViT batch size: 13, images per sample: 13.0, dynamic token length: 3423
[2025-09-24 19:51:23,243] [INFO] [logging.py:96:log_dist] [Rank 0] time (ms) | fwd_microstep: 817.11 | bwd_microstep: 1508.50 | bwd_inner_microstep: 1508.49 | bwd_allreduce_microstep: 0.00 | step_microstep: 0.05
dynamic ViT batch size: 7, images per sample: 7.0, dynamic token length: 1999
[2025-09-24 19:51:24,678] [INFO] [logging.py:96:log_dist] [Rank 0] time (ms) | fwd_microstep: 489.48 | bwd_microstep: 906.25 | bwd_inner_microstep: 906.23 | bwd_allreduce_microstep: 0.00 | step_microstep: 0.04
dynamic ViT batch size: 5, images per sample: 5.0, dynamic token length: 1356
[2025-09-24 19:51:25,658] [INFO] [logging.py:96:log_dist] [Rank 0] time (ms) | fwd_microstep: 339.64 | bwd_microstep: 614.19 | bwd_inner_microstep: 614.18 | bwd_allreduce_microstep: 0.00 | step_microstep: 0.03
dynamic ViT batch size: 13, images per sample: 13.0, dynamic token length: 3415
[2025-09-24 19:51:28,001] [INFO] [logging.py:96:log_dist] [Rank 0] time (ms) | fwd_microstep: 819.24 | bwd_microstep: 1498.62 | bwd_inner_microstep: 1498.61 | bwd_allreduce_microstep: 0.00 | step_microstep: 0.05
dynamic ViT batch size: 13, images per sample: 13.0, dynamic token length: 3416
[2025-09-24 19:51:30,348] [INFO] [logging.py:96:log_dist] [Rank 0] time (ms) | fwd_microstep: 822.74 | bwd_microstep: 1498.69 | bwd_inner_microstep: 1498.68 | bwd_allreduce_microstep: 0.00 | step_microstep: 0.07
dynamic ViT batch size: 13, images per sample: 13.0, dynamic token length: 3406
[2025-09-24 19:51:32,694] [INFO] [logging.py:96:log_dist] [Rank 0] time (ms) | fwd_microstep: 819.42 | bwd_microstep: 1499.97 | bwd_inner_microstep: 1499.96 | bwd_allreduce_microstep: 0.00 | step_microstep: 0.04
dynamic ViT batch size: 7, images per sample: 7.0, dynamic token length: 1874
[2025-09-24 19:51:34,024] [INFO] [logging.py:96:log_dist] [Rank 0] time (ms) | fwd_microstep: 461.75 | bwd_microstep: 845.70 | bwd_inner_microstep: 845.69 | bwd_allreduce_microstep: 0.00 | step_microstep: 0.05
dynamic ViT batch size: 13, images per sample: 13.0, dynamic token length: 3403
[2025-09-24 19:51:36,371] [INFO] [logging.py:96:log_dist] [Rank 0] time (ms) | fwd_microstep: 821.05 | bwd_microstep: 1499.53 | bwd_inner_microstep: 1499.51 | bwd_allreduce_microstep: 0.00 | step_microstep: 0.04
dynamic ViT batch size: 13, images per sample: 13.0, dynamic token length: 3405
[2025-09-24 19:51:38,708] [INFO] [logging.py:96:log_dist] [Rank 0] time (ms) | fwd_microstep: 815.79 | bwd_microstep: 1493.06 | bwd_inner_microstep: 1493.05 | bwd_allreduce_microstep: 0.00 | step_microstep: 0.03
dynamic ViT batch size: 13, images per sample: 13.0, dynamic token length: 3403
[2025-09-24 19:51:41,054] [INFO] [logging.py:96:log_dist] [Rank 0] time (ms) | fwd_microstep: 815.75 | bwd_microstep: 1504.94 | bwd_inner_microstep: 1504.93 | bwd_allreduce_microstep: 0.00 | step_microstep: 0.04
dynamic ViT batch size: 7, images per sample: 7.0, dynamic token length: 1865
[2025-09-24 19:51:42,383] [INFO] [logging.py:96:log_dist] [Rank 0] time (ms) | fwd_microstep: 461.01 | bwd_microstep: 844.92 | bwd_inner_microstep: 844.91 | bwd_allreduce_microstep: 0.00 | step_microstep: 0.05
dynamic ViT batch size: 13, images per sample: 13.0, dynamic token length: 3403
[2025-09-24 19:51:44,723] [INFO] [logging.py:96:log_dist] [Rank 0] time (ms) | fwd_microstep: 813.38 | bwd_microstep: 1501.53 | bwd_inner_microstep: 1501.52 | bwd_allreduce_microstep: 0.00 | step_microstep: 0.04
dynamic ViT batch size: 13, images per sample: 13.0, dynamic token length: 3408
[2025-09-24 19:51:47,067] [INFO] [logging.py:96:log_dist] [Rank 0] time (ms) | fwd_microstep: 816.56 | bwd_microstep: 1501.75 | bwd_inner_microstep: 1501.74 | bwd_allreduce_microstep: 0.00 | step_microstep: 0.06
dynamic ViT batch size: 13, images per sample: 13.0, dynamic token length: 3421
[2025-09-24 19:51:49,410] [INFO] [logging.py:96:log_dist] [Rank 0] time (ms) | fwd_microstep: 814.68 | bwd_microstep: 1502.49 | bwd_inner_microstep: 1502.48 | bwd_allreduce_microstep: 0.00 | step_microstep: 0.04
dynamic ViT batch size: 7, images per sample: 7.0, dynamic token length: 1865
[2025-09-24 19:51:50,739] [INFO] [logging.py:96:log_dist] [Rank 0] time (ms) | fwd_microstep: 462.04 | bwd_microstep: 844.37 | bwd_inner_microstep: 844.36 | bwd_allreduce_microstep: 0.00 | step_microstep: 0.04
dynamic ViT batch size: 11, images per sample: 11.0, dynamic token length: 2893
[2025-09-24 19:51:52,732] [INFO] [logging.py:96:log_dist] [Rank 0] time (ms) | fwd_microstep: 693.90 | bwd_microstep: 1275.69 | bwd_inner_microstep: 1275.68 | bwd_allreduce_microstep: 0.00 | step_microstep: 0.04
dynamic ViT batch size: 7, images per sample: 7.0, dynamic token length: 1867
[2025-09-24 19:51:54,059] [INFO] [logging.py:96:log_dist] [Rank 0] time (ms) | fwd_microstep: 461.97 | bwd_microstep: 841.50 | bwd_inner_microstep: 841.49 | bwd_allreduce_microstep: 0.00 | step_microstep: 0.04
dynamic ViT batch size: 7, images per sample: 7.0, dynamic token length: 1866
[2025-09-24 19:51:55,387] [INFO] [logging.py:96:log_dist] [Rank 0] time (ms) | fwd_microstep: 457.41 | bwd_microstep: 846.23 | bwd_inner_microstep: 846.22 | bwd_allreduce_microstep: 0.00 | step_microstep: 0.04
dynamic ViT batch size: 13, images per sample: 13.0, dynamic token length: 3403
[2025-09-24 19:51:57,731] [INFO] [logging.py:96:log_dist] [Rank 0] time (ms) | fwd_microstep: 815.30 | bwd_microstep: 1504.52 | bwd_inner_microstep: 1504.51 | bwd_allreduce_microstep: 0.00 | step_microstep: 0.05
dynamic ViT batch size: 5, images per sample: 5.0, dynamic token length: 1342
[2025-09-24 19:51:58,690] [INFO] [logging.py:96:log_dist] [Rank 0] time (ms) | fwd_microstep: 326.97 | bwd_microstep: 603.78 | bwd_inner_microstep: 603.77 | bwd_allreduce_microstep: 0.00 | step_microstep: 0.05
dynamic ViT batch size: 5, images per sample: 5.0, dynamic token length: 1485
[2025-09-24 19:51:59,741] [INFO] [logging.py:96:log_dist] [Rank 0] time (ms) | fwd_microstep: 358.00 | bwd_microstep: 658.41 | bwd_inner_microstep: 658.40 | bwd_allreduce_microstep: 0.00 | step_microstep: 0.05
dynamic ViT batch size: 10, images per sample: 10.0, dynamic token length: 2681
[2025-09-24 19:52:01,593] [INFO] [logging.py:96:log_dist] [Rank 0] time (ms) | fwd_microstep: 640.43 | bwd_microstep: 1185.77 | bwd_inner_microstep: 1185.76 | bwd_allreduce_microstep: 0.00 | step_microstep: 0.04
dynamic ViT batch size: 13, images per sample: 13.0, dynamic token length: 3422
[2025-09-24 19:52:03,943] [INFO] [logging.py:96:log_dist] [Rank 0] time (ms) | fwd_microstep: 811.74 | bwd_microstep: 1506.12 | bwd_inner_microstep: 1506.11 | bwd_allreduce_microstep: 0.00 | step_microstep: 0.07
dynamic ViT batch size: 13, images per sample: 13.0, dynamic token length: 3403
[2025-09-24 19:52:06,298] [INFO] [logging.py:96:log_dist] [Rank 0] time (ms) | fwd_microstep: 819.26 | bwd_microstep: 1503.72 | bwd_inner_microstep: 1503.70 | bwd_allreduce_microstep: 0.00 | step_microstep: 0.08
dynamic ViT batch size: 1, images per sample: 1.0, dynamic token length: 323
[2025-09-24 19:52:06,838] [INFO] [logging.py:96:log_dist] [Rank 0] time (ms) | optimizer_allgather: 13.59 | optimizer_gradients: 1.79 | optimizer_step: 1.72
[2025-09-24 19:52:06,839] [INFO] [logging.py:96:log_dist] [Rank 0] time (ms) | fwd_microstep: 139.29 | bwd_microstep: 335.30 | bwd_inner_microstep: 302.97 | bwd_allreduce_microstep: 32.08 | step_microstep: 39.38
[2025-09-24 19:52:06,843] [INFO] [logging.py:96:log_dist] [Rank 0] time (ms) | fwd: 20792.88 | bwd: 38362.48 | bwd_inner: 38329.82 | bwd_allreduce: 32.12 | step: 41.81
 40%|####      | 6/15 [05:50<08:06, 54.04s/it]                                              {'loss': 0.4045, 'learning_rate': 1.4338837391175582e-05, 'epoch': 0.38}
 40%|####      | 6/15 [05:50<08:06, 54.04s/it]dynamic ViT batch size: 7, images per sample: 7.0, dynamic token length: 1886
[2025-09-24 19:52:08,204] [INFO] [logging.py:96:log_dist] [Rank 0] time (ms) | fwd_microstep: 462.23 | bwd_microstep: 851.66 | bwd_inner_microstep: 851.64 | bwd_allreduce_microstep: 0.00 | step_microstep: 0.05
dynamic ViT batch size: 13, images per sample: 13.0, dynamic token length: 3419
[2025-09-24 19:52:10,563] [INFO] [logging.py:96:log_dist] [Rank 0] time (ms) | fwd_microstep: 819.71 | bwd_microstep: 1500.18 | bwd_inner_microstep: 1500.17 | bwd_allreduce_microstep: 0.00 | step_microstep: 0.05
dynamic ViT batch size: 7, images per sample: 7.0, dynamic token length: 1888
[2025-09-24 19:52:11,905] [INFO] [logging.py:96:log_dist] [Rank 0] time (ms) | fwd_microstep: 465.18 | bwd_microstep: 850.58 | bwd_inner_microstep: 850.57 | bwd_allreduce_microstep: 0.00 | step_microstep: 0.05
dynamic ViT batch size: 7, images per sample: 7.0, dynamic token length: 1883
[2025-09-24 19:52:13,245] [INFO] [logging.py:96:log_dist] [Rank 0] time (ms) | fwd_microstep: 463.93 | bwd_microstep: 849.43 | bwd_inner_microstep: 849.42 | bwd_allreduce_microstep: 0.00 | step_microstep: 0.04
dynamic ViT batch size: 7, images per sample: 7.0, dynamic token length: 1902
[2025-09-24 19:52:14,597] [INFO] [logging.py:96:log_dist] [Rank 0] time (ms) | fwd_microstep: 467.49 | bwd_microstep: 854.17 | bwd_inner_microstep: 854.16 | bwd_allreduce_microstep: 0.00 | step_microstep: 0.04
dynamic ViT batch size: 1, images per sample: 1.0, dynamic token length: 400
[2025-09-24 19:52:15,077] [INFO] [logging.py:96:log_dist] [Rank 0] time (ms) | fwd_microstep: 151.27 | bwd_microstep: 304.74 | bwd_inner_microstep: 304.54 | bwd_allreduce_microstep: 0.09 | step_microstep: 0.12
dynamic ViT batch size: 1, images per sample: 1.0, dynamic token length: 340
[2025-09-24 19:52:15,497] [INFO] [logging.py:96:log_dist] [Rank 0] time (ms) | fwd_microstep: 131.70 | bwd_microstep: 254.87 | bwd_inner_microstep: 254.55 | bwd_allreduce_microstep: 0.10 | step_microstep: 0.15
dynamic ViT batch size: 1, images per sample: 1.0, dynamic token length: 361
[2025-09-24 19:52:15,974] [INFO] [logging.py:96:log_dist] [Rank 0] time (ms) | fwd_microstep: 182.57 | bwd_microstep: 255.99 | bwd_inner_microstep: 255.79 | bwd_allreduce_microstep: 0.08 | step_microstep: 0.12
dynamic ViT batch size: 13, images per sample: 13.0, dynamic token length: 3426
[2025-09-24 19:52:18,324] [INFO] [logging.py:96:log_dist] [Rank 0] time (ms) | fwd_microstep: 812.97 | bwd_microstep: 1506.16 | bwd_inner_microstep: 1506.14 | bwd_allreduce_microstep: 0.00 | step_microstep: 0.09
dynamic ViT batch size: 13, images per sample: 13.0, dynamic token length: 3409
[2025-09-24 19:52:20,684] [INFO] [logging.py:96:log_dist] [Rank 0] time (ms) | fwd_microstep: 822.04 | bwd_microstep: 1502.57 | bwd_inner_microstep: 1502.55 | bwd_allreduce_microstep: 0.00 | step_microstep: 0.06
dynamic ViT batch size: 3, images per sample: 3.0, dynamic token length: 845
[2025-09-24 19:52:21,348] [INFO] [logging.py:96:log_dist] [Rank 0] time (ms) | fwd_microstep: 224.84 | bwd_microstep: 411.33 | bwd_inner_microstep: 411.32 | bwd_allreduce_microstep: 0.00 | step_microstep: 0.04
dynamic ViT batch size: 1, images per sample: 1.0, dynamic token length: 369
[2025-09-24 19:52:21,729] [INFO] [logging.py:96:log_dist] [Rank 0] time (ms) | fwd_microstep: 125.76 | bwd_microstep: 231.67 | bwd_inner_microstep: 231.48 | bwd_allreduce_microstep: 0.07 | step_microstep: 0.12
dynamic ViT batch size: 4, images per sample: 4.0, dynamic token length: 1111
[2025-09-24 19:52:22,573] [INFO] [logging.py:96:log_dist] [Rank 0] time (ms) | fwd_microstep: 283.49 | bwd_microstep: 535.40 | bwd_inner_microstep: 535.39 | bwd_allreduce_microstep: 0.00 | step_microstep: 0.04
dynamic ViT batch size: 13, images per sample: 13.0, dynamic token length: 3410
[2025-09-24 19:52:24,916] [INFO] [logging.py:96:log_dist] [Rank 0] time (ms) | fwd_microstep: 815.76 | bwd_microstep: 1498.04 | bwd_inner_microstep: 1498.03 | bwd_allreduce_microstep: 0.00 | step_microstep: 0.05
dynamic ViT batch size: 13, images per sample: 13.0, dynamic token length: 3404
[2025-09-24 19:52:27,257] [INFO] [logging.py:96:log_dist] [Rank 0] time (ms) | fwd_microstep: 816.99 | bwd_microstep: 1497.73 | bwd_inner_microstep: 1497.71 | bwd_allreduce_microstep: 0.00 | step_microstep: 0.06
dynamic ViT batch size: 3, images per sample: 3.0, dynamic token length: 848
[2025-09-24 19:52:27,932] [INFO] [logging.py:96:log_dist] [Rank 0] time (ms) | fwd_microstep: 233.69 | bwd_microstep: 413.68 | bwd_inner_microstep: 413.67 | bwd_allreduce_microstep: 0.00 | step_microstep: 0.13
dynamic ViT batch size: 13, images per sample: 13.0, dynamic token length: 3407
[2025-09-24 19:52:30,275] [INFO] [logging.py:96:log_dist] [Rank 0] time (ms) | fwd_microstep: 815.15 | bwd_microstep: 1495.14 | bwd_inner_microstep: 1495.12 | bwd_allreduce_microstep: 0.00 | step_microstep: 0.05
dynamic ViT batch size: 7, images per sample: 7.0, dynamic token length: 1891
[2025-09-24 19:52:31,616] [INFO] [logging.py:96:log_dist] [Rank 0] time (ms) | fwd_microstep: 454.61 | bwd_microstep: 856.70 | bwd_inner_microstep: 856.69 | bwd_allreduce_microstep: 0.00 | step_microstep: 0.05
dynamic ViT batch size: 13, images per sample: 13.0, dynamic token length: 3407
[2025-09-24 19:52:33,961] [INFO] [logging.py:96:log_dist] [Rank 0] time (ms) | fwd_microstep: 818.75 | bwd_microstep: 1497.30 | bwd_inner_microstep: 1497.29 | bwd_allreduce_microstep: 0.00 | step_microstep: 0.22
dynamic ViT batch size: 13, images per sample: 13.0, dynamic token length: 3409
[2025-09-24 19:52:36,309] [INFO] [logging.py:96:log_dist] [Rank 0] time (ms) | fwd_microstep: 811.03 | bwd_microstep: 1497.07 | bwd_inner_microstep: 1497.05 | bwd_allreduce_microstep: 0.00 | step_microstep: 0.04
dynamic ViT batch size: 7, images per sample: 7.0, dynamic token length: 1866
[2025-09-24 19:52:37,640] [INFO] [logging.py:96:log_dist] [Rank 0] time (ms) | fwd_microstep: 461.48 | bwd_microstep: 841.01 | bwd_inner_microstep: 841.00 | bwd_allreduce_microstep: 0.00 | step_microstep: 0.05
dynamic ViT batch size: 7, images per sample: 7.0, dynamic token length: 1866
[2025-09-24 19:52:38,977] [INFO] [logging.py:96:log_dist] [Rank 0] time (ms) | fwd_microstep: 460.81 | bwd_microstep: 849.12 | bwd_inner_microstep: 849.11 | bwd_allreduce_microstep: 0.00 | step_microstep: 0.08
dynamic ViT batch size: 7, images per sample: 7.0, dynamic token length: 1887
[2025-09-24 19:52:40,313] [INFO] [logging.py:96:log_dist] [Rank 0] time (ms) | fwd_microstep: 461.86 | bwd_microstep: 849.71 | bwd_inner_microstep: 849.70 | bwd_allreduce_microstep: 0.00 | step_microstep: 0.05
dynamic ViT batch size: 7, images per sample: 7.0, dynamic token length: 1865
[2025-09-24 19:52:41,634] [INFO] [logging.py:96:log_dist] [Rank 0] time (ms) | fwd_microstep: 459.29 | bwd_microstep: 836.94 | bwd_inner_microstep: 836.93 | bwd_allreduce_microstep: 0.00 | step_microstep: 0.03
dynamic ViT batch size: 13, images per sample: 13.0, dynamic token length: 3400
[2025-09-24 19:52:43,966] [INFO] [logging.py:96:log_dist] [Rank 0] time (ms) | fwd_microstep: 813.73 | bwd_microstep: 1493.95 | bwd_inner_microstep: 1493.94 | bwd_allreduce_microstep: 0.00 | step_microstep: 0.05
dynamic ViT batch size: 13, images per sample: 13.0, dynamic token length: 3393
[2025-09-24 19:52:46,304] [INFO] [logging.py:96:log_dist] [Rank 0] time (ms) | fwd_microstep: 813.45 | bwd_microstep: 1494.83 | bwd_inner_microstep: 1494.82 | bwd_allreduce_microstep: 0.00 | step_microstep: 0.05
dynamic ViT batch size: 3, images per sample: 3.0, dynamic token length: 998
[2025-09-24 19:52:47,085] [INFO] [logging.py:96:log_dist] [Rank 0] time (ms) | fwd_microstep: 270.18 | bwd_microstep: 482.38 | bwd_inner_microstep: 482.05 | bwd_allreduce_microstep: 0.09 | step_microstep: 0.11
dynamic ViT batch size: 7, images per sample: 7.0, dynamic token length: 1939
[2025-09-24 19:52:48,476] [INFO] [logging.py:96:log_dist] [Rank 0] time (ms) | fwd_microstep: 472.31 | bwd_microstep: 881.24 | bwd_inner_microstep: 881.22 | bwd_allreduce_microstep: 0.00 | step_microstep: 0.04
dynamic ViT batch size: 7, images per sample: 7.0, dynamic token length: 1919
[2025-09-24 19:52:49,827] [INFO] [logging.py:96:log_dist] [Rank 0] time (ms) | fwd_microstep: 466.85 | bwd_microstep: 860.73 | bwd_inner_microstep: 860.72 | bwd_allreduce_microstep: 0.00 | step_microstep: 0.06
dynamic ViT batch size: 3, images per sample: 3.0, dynamic token length: 864
[2025-09-24 19:52:50,509] [INFO] [logging.py:96:log_dist] [Rank 0] time (ms) | fwd_microstep: 235.91 | bwd_microstep: 422.28 | bwd_inner_microstep: 422.27 | bwd_allreduce_microstep: 0.00 | step_microstep: 0.14
dynamic ViT batch size: 1, images per sample: 1.0, dynamic token length: 328
[2025-09-24 19:52:50,962] [INFO] [logging.py:96:log_dist] [Rank 0] time (ms) | fwd_microstep: 122.12 | bwd_microstep: 305.83 | bwd_inner_microstep: 305.27 | bwd_allreduce_microstep: 0.24 | step_microstep: 0.30
dynamic ViT batch size: 11, images per sample: 11.0, dynamic token length: 2881
[2025-09-24 19:52:53,038] [INFO] [logging.py:96:log_dist] [Rank 0] time (ms) | optimizer_allgather: 13.63 | optimizer_gradients: 1.50 | optimizer_step: 1.72
[2025-09-24 19:52:53,039] [INFO] [logging.py:96:log_dist] [Rank 0] time (ms) | fwd_microstep: 712.26 | bwd_microstep: 1301.23 | bwd_inner_microstep: 1273.37 | bwd_allreduce_microstep: 27.80 | step_microstep: 36.15
[2025-09-24 19:52:53,041] [INFO] [logging.py:96:log_dist] [Rank 0] time (ms) | fwd: 15928.51 | bwd: 29283.84 | bwd_inner: 29254.10 | bwd_allreduce: 28.51 | step: 39.24
 47%|####6     | 7/15 [06:37<06:51, 51.48s/it]                                              {'loss': 0.5506, 'learning_rate': 1.2225209339563144e-05, 'epoch': 0.45}
 47%|####6     | 7/15 [06:37<06:51, 51.48s/it]dynamic ViT batch size: 3, images per sample: 3.0, dynamic token length: 934
[2025-09-24 19:52:53,813] [INFO] [logging.py:96:log_dist] [Rank 0] time (ms) | fwd_microstep: 254.86 | bwd_microstep: 479.99 | bwd_inner_microstep: 479.98 | bwd_allreduce_microstep: 0.00 | step_microstep: 0.07
dynamic ViT batch size: 1, images per sample: 1.0, dynamic token length: 401
[2025-09-24 19:52:54,299] [INFO] [logging.py:96:log_dist] [Rank 0] time (ms) | fwd_microstep: 175.89 | bwd_microstep: 279.31 | bwd_inner_microstep: 279.11 | bwd_allreduce_microstep: 0.07 | step_microstep: 0.13
dynamic ViT batch size: 3, images per sample: 3.0, dynamic token length: 876
[2025-09-24 19:52:54,983] [INFO] [logging.py:96:log_dist] [Rank 0] time (ms) | fwd_microstep: 237.49 | bwd_microstep: 422.37 | bwd_inner_microstep: 422.36 | bwd_allreduce_microstep: 0.00 | step_microstep: 0.04
dynamic ViT batch size: 7, images per sample: 7.0, dynamic token length: 1889
[2025-09-24 19:52:56,318] [INFO] [logging.py:96:log_dist] [Rank 0] time (ms) | fwd_microstep: 461.30 | bwd_microstep: 848.35 | bwd_inner_microstep: 848.33 | bwd_allreduce_microstep: 0.00 | step_microstep: 0.10
dynamic ViT batch size: 4, images per sample: 4.0, dynamic token length: 1106
[2025-09-24 19:52:57,158] [INFO] [logging.py:96:log_dist] [Rank 0] time (ms) | fwd_microstep: 282.55 | bwd_microstep: 533.98 | bwd_inner_microstep: 533.97 | bwd_allreduce_microstep: 0.00 | step_microstep: 0.05
dynamic ViT batch size: 13, images per sample: 13.0, dynamic token length: 3430
[2025-09-24 19:52:59,495] [INFO] [logging.py:96:log_dist] [Rank 0] time (ms) | fwd_microstep: 812.70 | bwd_microstep: 1496.14 | bwd_inner_microstep: 1496.13 | bwd_allreduce_microstep: 0.00 | step_microstep: 0.04
dynamic ViT batch size: 13, images per sample: 13.0, dynamic token length: 3415
[2025-09-24 19:53:01,834] [INFO] [logging.py:96:log_dist] [Rank 0] time (ms) | fwd_microstep: 813.62 | bwd_microstep: 1500.03 | bwd_inner_microstep: 1500.02 | bwd_allreduce_microstep: 0.00 | step_microstep: 0.04
dynamic ViT batch size: 13, images per sample: 13.0, dynamic token length: 3420
[2025-09-24 19:53:04,175] [INFO] [logging.py:96:log_dist] [Rank 0] time (ms) | fwd_microstep: 814.11 | bwd_microstep: 1499.48 | bwd_inner_microstep: 1499.46 | bwd_allreduce_microstep: 0.00 | step_microstep: 0.05
dynamic ViT batch size: 13, images per sample: 13.0, dynamic token length: 3413
[2025-09-24 19:53:06,516] [INFO] [logging.py:96:log_dist] [Rank 0] time (ms) | fwd_microstep: 816.33 | bwd_microstep: 1497.52 | bwd_inner_microstep: 1497.51 | bwd_allreduce_microstep: 0.00 | step_microstep: 0.06
dynamic ViT batch size: 7, images per sample: 7.0, dynamic token length: 1906
[2025-09-24 19:53:07,861] [INFO] [logging.py:96:log_dist] [Rank 0] time (ms) | fwd_microstep: 458.52 | bwd_microstep: 851.88 | bwd_inner_microstep: 851.87 | bwd_allreduce_microstep: 0.00 | step_microstep: 0.05
dynamic ViT batch size: 13, images per sample: 13.0, dynamic token length: 3404
[2025-09-24 19:53:10,197] [INFO] [logging.py:96:log_dist] [Rank 0] time (ms) | fwd_microstep: 815.16 | bwd_microstep: 1494.09 | bwd_inner_microstep: 1494.08 | bwd_allreduce_microstep: 0.00 | step_microstep: 0.06
dynamic ViT batch size: 7, images per sample: 7.0, dynamic token length: 1863
[2025-09-24 19:53:11,519] [INFO] [logging.py:96:log_dist] [Rank 0] time (ms) | fwd_microstep: 458.71 | bwd_microstep: 838.02 | bwd_inner_microstep: 838.00 | bwd_allreduce_microstep: 0.00 | step_microstep: 0.04
dynamic ViT batch size: 13, images per sample: 13.0, dynamic token length: 3401
[2025-09-24 19:53:13,861] [INFO] [logging.py:96:log_dist] [Rank 0] time (ms) | fwd_microstep: 815.60 | bwd_microstep: 1500.98 | bwd_inner_microstep: 1500.97 | bwd_allreduce_microstep: 0.00 | step_microstep: 0.06
dynamic ViT batch size: 13, images per sample: 13.0, dynamic token length: 3401
[2025-09-24 19:53:16,195] [INFO] [logging.py:96:log_dist] [Rank 0] time (ms) | fwd_microstep: 815.22 | bwd_microstep: 1491.69 | bwd_inner_microstep: 1491.68 | bwd_allreduce_microstep: 0.00 | step_microstep: 0.06
dynamic ViT batch size: 4, images per sample: 4.0, dynamic token length: 1106
[2025-09-24 19:53:17,036] [INFO] [logging.py:96:log_dist] [Rank 0] time (ms) | fwd_microstep: 284.73 | bwd_microstep: 531.19 | bwd_inner_microstep: 531.10 | bwd_allreduce_microstep: 0.00 | step_microstep: 0.23
dynamic ViT batch size: 13, images per sample: 13.0, dynamic token length: 3404
[2025-09-24 19:53:19,373] [INFO] [logging.py:96:log_dist] [Rank 0] time (ms) | fwd_microstep: 813.93 | bwd_microstep: 1496.27 | bwd_inner_microstep: 1496.26 | bwd_allreduce_microstep: 0.00 | step_microstep: 0.06
dynamic ViT batch size: 13, images per sample: 13.0, dynamic token length: 3407
[2025-09-24 19:53:21,716] [INFO] [logging.py:96:log_dist] [Rank 0] time (ms) | fwd_microstep: 814.49 | bwd_microstep: 1500.04 | bwd_inner_microstep: 1500.03 | bwd_allreduce_microstep: 0.00 | step_microstep: 0.05
dynamic ViT batch size: 7, images per sample: 7.0, dynamic token length: 1862
[2025-09-24 19:53:23,050] [INFO] [logging.py:96:log_dist] [Rank 0] time (ms) | fwd_microstep: 461.79 | bwd_microstep: 848.86 | bwd_inner_microstep: 848.84 | bwd_allreduce_microstep: 0.00 | step_microstep: 0.05
dynamic ViT batch size: 1, images per sample: 1.0, dynamic token length: 330
[2025-09-24 19:53:23,452] [INFO] [logging.py:96:log_dist] [Rank 0] time (ms) | fwd_microstep: 134.42 | bwd_microstep: 242.68 | bwd_inner_microstep: 242.51 | bwd_allreduce_microstep: 0.08 | step_microstep: 0.10
dynamic ViT batch size: 7, images per sample: 7.0, dynamic token length: 1866
[2025-09-24 19:53:24,780] [INFO] [logging.py:96:log_dist] [Rank 0] time (ms) | fwd_microstep: 457.16 | bwd_microstep: 845.50 | bwd_inner_microstep: 845.49 | bwd_allreduce_microstep: 0.00 | step_microstep: 0.06
dynamic ViT batch size: 11, images per sample: 11.0, dynamic token length: 2905
[2025-09-24 19:53:26,779] [INFO] [logging.py:96:log_dist] [Rank 0] time (ms) | fwd_microstep: 692.63 | bwd_microstep: 1279.34 | bwd_inner_microstep: 1279.33 | bwd_allreduce_microstep: 0.00 | step_microstep: 0.08
dynamic ViT batch size: 13, images per sample: 13.0, dynamic token length: 3403
[2025-09-24 19:53:29,131] [INFO] [logging.py:96:log_dist] [Rank 0] time (ms) | fwd_microstep: 814.18 | bwd_microstep: 1491.83 | bwd_inner_microstep: 1491.81 | bwd_allreduce_microstep: 0.00 | step_microstep: 0.06
dynamic ViT batch size: 7, images per sample: 7.0, dynamic token length: 1858
[2025-09-24 19:53:30,473] [INFO] [logging.py:96:log_dist] [Rank 0] time (ms) | fwd_microstep: 466.76 | bwd_microstep: 840.82 | bwd_inner_microstep: 840.81 | bwd_allreduce_microstep: 0.00 | step_microstep: 0.05
dynamic ViT batch size: 13, images per sample: 13.0, dynamic token length: 3659
[2025-09-24 19:53:33,226] [INFO] [logging.py:96:log_dist] [Rank 0] time (ms) | fwd_microstep: 1087.93 | bwd_microstep: 1638.18 | bwd_inner_microstep: 1638.17 | bwd_allreduce_microstep: 0.00 | step_microstep: 0.11
dynamic ViT batch size: 3, images per sample: 3.0, dynamic token length: 986
[2025-09-24 19:53:34,055] [INFO] [logging.py:96:log_dist] [Rank 0] time (ms) | fwd_microstep: 275.53 | bwd_microstep: 479.59 | bwd_inner_microstep: 479.38 | bwd_allreduce_microstep: 0.11 | step_microstep: 0.18
dynamic ViT batch size: 7, images per sample: 7.0, dynamic token length: 1955
[2025-09-24 19:53:35,460] [INFO] [logging.py:96:log_dist] [Rank 0] time (ms) | fwd_microstep: 484.17 | bwd_microstep: 887.33 | bwd_inner_microstep: 887.32 | bwd_allreduce_microstep: 0.00 | step_microstep: 0.06
dynamic ViT batch size: 3, images per sample: 3.0, dynamic token length: 903
[2025-09-24 19:53:36,198] [INFO] [logging.py:96:log_dist] [Rank 0] time (ms) | fwd_microstep: 254.90 | bwd_microstep: 458.94 | bwd_inner_microstep: 458.93 | bwd_allreduce_microstep: 0.00 | step_microstep: 0.04
dynamic ViT batch size: 3, images per sample: 3.0, dynamic token length: 899
[2025-09-24 19:53:36,947] [INFO] [logging.py:96:log_dist] [Rank 0] time (ms) | fwd_microstep: 252.37 | bwd_microstep: 473.16 | bwd_inner_microstep: 473.15 | bwd_allreduce_microstep: 0.00 | step_microstep: 0.05
dynamic ViT batch size: 1, images per sample: 1.0, dynamic token length: 361
[2025-09-24 19:53:37,357] [INFO] [logging.py:96:log_dist] [Rank 0] time (ms) | fwd_microstep: 125.69 | bwd_microstep: 257.69 | bwd_inner_microstep: 257.48 | bwd_allreduce_microstep: 0.10 | step_microstep: 0.16
dynamic ViT batch size: 7, images per sample: 7.0, dynamic token length: 1886
[2025-09-24 19:53:38,695] [INFO] [logging.py:96:log_dist] [Rank 0] time (ms) | fwd_microstep: 458.62 | bwd_microstep: 847.00 | bwd_inner_microstep: 846.98 | bwd_allreduce_microstep: 0.00 | step_microstep: 0.04
dynamic ViT batch size: 13, images per sample: 13.0, dynamic token length: 3414
[2025-09-24 19:53:41,029] [INFO] [logging.py:96:log_dist] [Rank 0] time (ms) | fwd_microstep: 811.87 | bwd_microstep: 1494.74 | bwd_inner_microstep: 1494.73 | bwd_allreduce_microstep: 0.00 | step_microstep: 0.05
dynamic ViT batch size: 7, images per sample: 7.0, dynamic token length: 1867
[2025-09-24 19:53:46,332] [INFO] [logging.py:96:log_dist] [Rank 0] time (ms) | optimizer_allgather: 13.74 | optimizer_gradients: 1.67 | optimizer_step: 1.72
[2025-09-24 19:53:46,333] [INFO] [logging.py:96:log_dist] [Rank 0] time (ms) | fwd_microstep: 461.83 | bwd_microstep: 4781.03 | bwd_inner_microstep: 842.18 | bwd_allreduce_microstep: 3938.79 | step_microstep: 35.85
[2025-09-24 19:53:46,336] [INFO] [logging.py:96:log_dist] [Rank 0] time (ms) | fwd: 17184.21 | bwd: 35128.19 | bwd_inner: 31188.03 | bwd_allreduce: 3939.28 | step: 38.75
 53%|#####3    | 8/15 [07:30<06:04, 52.05s/it]                                              {'loss': 0.7983, 'learning_rate': 1e-05, 'epoch': 0.51}
 53%|#####3    | 8/15 [07:30<06:04, 52.05s/it]dynamic ViT batch size: 13, images per sample: 13.0, dynamic token length: 3451
[2025-09-24 19:53:48,636] [INFO] [logging.py:96:log_dist] [Rank 0] time (ms) | fwd_microstep: 794.34 | bwd_microstep: 1464.89 | bwd_inner_microstep: 1464.87 | bwd_allreduce_microstep: 0.00 | step_microstep: 0.04
dynamic ViT batch size: 3, images per sample: 3.0, dynamic token length: 909
[2025-09-24 19:53:49,354] [INFO] [logging.py:96:log_dist] [Rank 0] time (ms) | fwd_microstep: 248.60 | bwd_microstep: 445.17 | bwd_inner_microstep: 445.15 | bwd_allreduce_microstep: 0.00 | step_microstep: 0.04
dynamic ViT batch size: 7, images per sample: 7.0, dynamic token length: 2028
[2025-09-24 19:53:50,732] [INFO] [logging.py:96:log_dist] [Rank 0] time (ms) | fwd_microstep: 472.76 | bwd_microstep: 881.81 | bwd_inner_microstep: 881.79 | bwd_allreduce_microstep: 0.00 | step_microstep: 0.05
dynamic ViT batch size: 1, images per sample: 1.0, dynamic token length: 367
[2025-09-24 19:53:51,112] [INFO] [logging.py:96:log_dist] [Rank 0] time (ms) | fwd_microstep: 131.70 | bwd_microstep: 221.06 | bwd_inner_microstep: 220.87 | bwd_allreduce_microstep: 0.07 | step_microstep: 0.12
dynamic ViT batch size: 13, images per sample: 13.0, dynamic token length: 3426
[2025-09-24 19:53:53,402] [INFO] [logging.py:96:log_dist] [Rank 0] time (ms) | fwd_microstep: 795.55 | bwd_microstep: 1467.22 | bwd_inner_microstep: 1467.21 | bwd_allreduce_microstep: 0.00 | step_microstep: 0.07
dynamic ViT batch size: 13, images per sample: 13.0, dynamic token length: 3419
[2025-09-24 19:53:55,701] [INFO] [logging.py:96:log_dist] [Rank 0] time (ms) | fwd_microstep: 799.48 | bwd_microstep: 1471.48 | bwd_inner_microstep: 1471.47 | bwd_allreduce_microstep: 0.00 | step_microstep: 0.04
dynamic ViT batch size: 7, images per sample: 7.0, dynamic token length: 1891
[2025-09-24 19:53:57,013] [INFO] [logging.py:96:log_dist] [Rank 0] time (ms) | fwd_microstep: 454.58 | bwd_microstep: 832.58 | bwd_inner_microstep: 832.56 | bwd_allreduce_microstep: 0.00 | step_microstep: 0.05
dynamic ViT batch size: 13, images per sample: 13.0, dynamic token length: 3424
[2025-09-24 19:53:59,324] [INFO] [logging.py:96:log_dist] [Rank 0] time (ms) | fwd_microstep: 802.94 | bwd_microstep: 1477.17 | bwd_inner_microstep: 1477.16 | bwd_allreduce_microstep: 0.00 | step_microstep: 0.11
dynamic ViT batch size: 3, images per sample: 3.0, dynamic token length: 864
[2025-09-24 19:54:00,041] [INFO] [logging.py:96:log_dist] [Rank 0] time (ms) | fwd_microstep: 243.44 | bwd_microstep: 448.83 | bwd_inner_microstep: 448.82 | bwd_allreduce_microstep: 0.00 | step_microstep: 0.03
dynamic ViT batch size: 13, images per sample: 13.0, dynamic token length: 3496
[2025-09-24 19:54:02,431] [INFO] [logging.py:96:log_dist] [Rank 0] time (ms) | fwd_microstep: 819.55 | bwd_microstep: 1526.24 | bwd_inner_microstep: 1526.22 | bwd_allreduce_microstep: 0.00 | step_microstep: 0.06
dynamic ViT batch size: 13, images per sample: 13.0, dynamic token length: 3422
[2025-09-24 19:54:04,754] [INFO] [logging.py:96:log_dist] [Rank 0] time (ms) | fwd_microstep: 802.77 | bwd_microstep: 1477.51 | bwd_inner_microstep: 1477.49 | bwd_allreduce_microstep: 0.00 | step_microstep: 0.10
dynamic ViT batch size: 13, images per sample: 13.0, dynamic token length: 3406
[2025-09-24 19:54:07,066] [INFO] [logging.py:96:log_dist] [Rank 0] time (ms) | fwd_microstep: 803.27 | bwd_microstep: 1483.78 | bwd_inner_microstep: 1483.76 | bwd_allreduce_microstep: 0.00 | step_microstep: 0.03
dynamic ViT batch size: 3, images per sample: 3.0, dynamic token length: 848
[2025-09-24 19:54:07,715] [INFO] [logging.py:96:log_dist] [Rank 0] time (ms) | fwd_microstep: 225.01 | bwd_microstep: 402.42 | bwd_inner_microstep: 402.40 | bwd_allreduce_microstep: 0.00 | step_microstep: 0.25
dynamic ViT batch size: 13, images per sample: 13.0, dynamic token length: 3432
[2025-09-24 19:54:10,034] [INFO] [logging.py:96:log_dist] [Rank 0] time (ms) | fwd_microstep: 803.71 | bwd_microstep: 1485.99 | bwd_inner_microstep: 1485.98 | bwd_allreduce_microstep: 0.00 | step_microstep: 0.04
dynamic ViT batch size: 13, images per sample: 13.0, dynamic token length: 3404
[2025-09-24 19:54:12,346] [INFO] [logging.py:96:log_dist] [Rank 0] time (ms) | fwd_microstep: 802.60 | bwd_microstep: 1479.13 | bwd_inner_microstep: 1479.11 | bwd_allreduce_microstep: 0.00 | step_microstep: 0.08
dynamic ViT batch size: 13, images per sample: 13.0, dynamic token length: 3401
[2025-09-24 19:54:14,670] [INFO] [logging.py:96:log_dist] [Rank 0] time (ms) | fwd_microstep: 810.94 | bwd_microstep: 1481.29 | bwd_inner_microstep: 1481.28 | bwd_allreduce_microstep: 0.00 | step_microstep: 0.03
dynamic ViT batch size: 9, images per sample: 9.0, dynamic token length: 2375
[2025-09-24 19:54:16,317] [INFO] [logging.py:96:log_dist] [Rank 0] time (ms) | fwd_microstep: 574.45 | bwd_microstep: 1048.98 | bwd_inner_microstep: 1048.97 | bwd_allreduce_microstep: 0.00 | step_microstep: 0.06
dynamic ViT batch size: 13, images per sample: 13.0, dynamic token length: 3403
[2025-09-24 19:54:18,641] [INFO] [logging.py:96:log_dist] [Rank 0] time (ms) | fwd_microstep: 807.47 | bwd_microstep: 1489.58 | bwd_inner_microstep: 1489.57 | bwd_allreduce_microstep: 0.00 | step_microstep: 0.08
dynamic ViT batch size: 7, images per sample: 7.0, dynamic token length: 1889
[2025-09-24 19:54:19,982] [INFO] [logging.py:96:log_dist] [Rank 0] time (ms) | fwd_microstep: 461.24 | bwd_microstep: 848.70 | bwd_inner_microstep: 848.69 | bwd_allreduce_microstep: 0.00 | step_microstep: 0.05
dynamic ViT batch size: 7, images per sample: 7.0, dynamic token length: 1866
[2025-09-24 19:54:21,308] [INFO] [logging.py:96:log_dist] [Rank 0] time (ms) | fwd_microstep: 461.42 | bwd_microstep: 839.10 | bwd_inner_microstep: 839.09 | bwd_allreduce_microstep: 0.00 | step_microstep: 0.06
dynamic ViT batch size: 13, images per sample: 13.0, dynamic token length: 3413
[2025-09-24 19:54:23,640] [INFO] [logging.py:96:log_dist] [Rank 0] time (ms) | fwd_microstep: 810.18 | bwd_microstep: 1493.37 | bwd_inner_microstep: 1493.36 | bwd_allreduce_microstep: 0.00 | step_microstep: 0.06
dynamic ViT batch size: 7, images per sample: 7.0, dynamic token length: 1866
[2025-09-24 19:54:24,971] [INFO] [logging.py:96:log_dist] [Rank 0] time (ms) | fwd_microstep: 462.29 | bwd_microstep: 839.61 | bwd_inner_microstep: 839.60 | bwd_allreduce_microstep: 0.00 | step_microstep: 0.04
dynamic ViT batch size: 3, images per sample: 3.0, dynamic token length: 842
[2025-09-24 19:54:25,636] [INFO] [logging.py:96:log_dist] [Rank 0] time (ms) | fwd_microstep: 226.36 | bwd_microstep: 413.91 | bwd_inner_microstep: 413.86 | bwd_allreduce_microstep: 0.00 | step_microstep: 0.27
dynamic ViT batch size: 7, images per sample: 7.0, dynamic token length: 1877
[2025-09-24 19:54:26,962] [INFO] [logging.py:96:log_dist] [Rank 0] time (ms) | fwd_microstep: 458.11 | bwd_microstep: 842.56 | bwd_inner_microstep: 842.54 | bwd_allreduce_microstep: 0.00 | step_microstep: 0.04
dynamic ViT batch size: 13, images per sample: 13.0, dynamic token length: 3393
[2025-09-24 19:54:29,289] [INFO] [logging.py:96:log_dist] [Rank 0] time (ms) | fwd_microstep: 813.15 | bwd_microstep: 1487.71 | bwd_inner_microstep: 1487.70 | bwd_allreduce_microstep: 0.00 | step_microstep: 0.06
dynamic ViT batch size: 7, images per sample: 7.0, dynamic token length: 1996
[2025-09-24 19:54:30,693] [INFO] [logging.py:96:log_dist] [Rank 0] time (ms) | fwd_microstep: 477.48 | bwd_microstep: 896.53 | bwd_inner_microstep: 896.52 | bwd_allreduce_microstep: 0.00 | step_microstep: 0.11
dynamic ViT batch size: 13, images per sample: 13.0, dynamic token length: 3514
[2025-09-24 19:54:33,108] [INFO] [logging.py:96:log_dist] [Rank 0] time (ms) | fwd_microstep: 829.01 | bwd_microstep: 1554.04 | bwd_inner_microstep: 1554.03 | bwd_allreduce_microstep: 0.00 | step_microstep: 0.04
dynamic ViT batch size: 1, images per sample: 1.0, dynamic token length: 385
[2025-09-24 19:54:33,563] [INFO] [logging.py:96:log_dist] [Rank 0] time (ms) | fwd_microstep: 150.51 | bwd_microstep: 281.07 | bwd_inner_microstep: 280.57 | bwd_allreduce_microstep: 0.18 | step_microstep: 0.30
dynamic ViT batch size: 3, images per sample: 3.0, dynamic token length: 865
[2025-09-24 19:54:34,247] [INFO] [logging.py:96:log_dist] [Rank 0] time (ms) | fwd_microstep: 225.93 | bwd_microstep: 430.67 | bwd_inner_microstep: 430.65 | bwd_allreduce_microstep: 0.00 | step_microstep: 0.03
dynamic ViT batch size: 13, images per sample: 13.0, dynamic token length: 3421
[2025-09-24 19:54:36,585] [INFO] [logging.py:96:log_dist] [Rank 0] time (ms) | fwd_microstep: 811.35 | bwd_microstep: 1494.71 | bwd_inner_microstep: 1494.70 | bwd_allreduce_microstep: 0.00 | step_microstep: 0.04
dynamic ViT batch size: 3, images per sample: 3.0, dynamic token length: 845
[2025-09-24 19:54:37,253] [INFO] [logging.py:96:log_dist] [Rank 0] time (ms) | fwd_microstep: 228.68 | bwd_microstep: 413.92 | bwd_inner_microstep: 413.79 | bwd_allreduce_microstep: 0.00 | step_microstep: 0.28
dynamic ViT batch size: 1, images per sample: 1.0, dynamic token length: 330
[2025-09-24 19:54:37,815] [INFO] [logging.py:96:log_dist] [Rank 0] time (ms) | optimizer_allgather: 13.74 | optimizer_gradients: 1.52 | optimizer_step: 1.72
[2025-09-24 19:54:37,816] [INFO] [logging.py:96:log_dist] [Rank 0] time (ms) | fwd_microstep: 126.17 | bwd_microstep: 371.55 | bwd_inner_microstep: 340.38 | bwd_allreduce_microstep: 31.03 | step_microstep: 34.15
[2025-09-24 19:54:37,819] [INFO] [logging.py:96:log_dist] [Rank 0] time (ms) | fwd: 17734.17 | bwd: 32792.76 | bwd_inner: 32760.38 | bwd_allreduce: 31.44 | step: 37.42
 60%|######    | 9/15 [08:21<05:11, 51.88s/it]                                              {'loss': 0.6093, 'learning_rate': 7.774790660436857e-06, 'epoch': 0.58}
 60%|######    | 9/15 [08:21<05:11, 51.88s/it]dynamic ViT batch size: 1, images per sample: 1.0, dynamic token length: 354
[2025-09-24 19:54:38,277] [INFO] [logging.py:96:log_dist] [Rank 0] time (ms) | fwd_microstep: 131.75 | bwd_microstep: 290.23 | bwd_inner_microstep: 290.04 | bwd_allreduce_microstep: 0.08 | step_microstep: 0.15
dynamic ViT batch size: 7, images per sample: 7.0, dynamic token length: 1894
[2025-09-24 19:54:39,625] [INFO] [logging.py:96:log_dist] [Rank 0] time (ms) | fwd_microstep: 470.38 | bwd_microstep: 851.20 | bwd_inner_microstep: 851.19 | bwd_allreduce_microstep: 0.00 | step_microstep: 0.05
dynamic ViT batch size: 13, images per sample: 13.0, dynamic token length: 3431
[2025-09-24 19:54:41,958] [INFO] [logging.py:96:log_dist] [Rank 0] time (ms) | fwd_microstep: 814.50 | bwd_microstep: 1492.85 | bwd_inner_microstep: 1492.83 | bwd_allreduce_microstep: 0.00 | step_microstep: 0.09
dynamic ViT batch size: 13, images per sample: 13.0, dynamic token length: 3539
[2025-09-24 19:54:44,393] [INFO] [logging.py:96:log_dist] [Rank 0] time (ms) | fwd_microstep: 836.28 | bwd_microstep: 1558.40 | bwd_inner_microstep: 1558.39 | bwd_allreduce_microstep: 0.00 | step_microstep: 0.11
dynamic ViT batch size: 1, images per sample: 1.0, dynamic token length: 489
[2025-09-24 19:54:44,932] [INFO] [logging.py:96:log_dist] [Rank 0] time (ms) | fwd_microstep: 201.83 | bwd_microstep: 296.85 | bwd_inner_microstep: 296.38 | bwd_allreduce_microstep: 0.18 | step_microstep: 0.36
dynamic ViT batch size: 13, images per sample: 13.0, dynamic token length: 3403
[2025-09-24 19:54:47,261] [INFO] [logging.py:96:log_dist] [Rank 0] time (ms) | fwd_microstep: 809.15 | bwd_microstep: 1491.74 | bwd_inner_microstep: 1491.73 | bwd_allreduce_microstep: 0.00 | step_microstep: 0.05
dynamic ViT batch size: 6, images per sample: 6.0, dynamic token length: 1618
[2025-09-24 19:54:48,425] [INFO] [logging.py:96:log_dist] [Rank 0] time (ms) | fwd_microstep: 404.33 | bwd_microstep: 734.38 | bwd_inner_microstep: 734.36 | bwd_allreduce_microstep: 0.00 | step_microstep: 0.07
dynamic ViT batch size: 11, images per sample: 11.0, dynamic token length: 2904
[2025-09-24 19:54:50,414] [INFO] [logging.py:96:log_dist] [Rank 0] time (ms) | fwd_microstep: 691.21 | bwd_microstep: 1270.25 | bwd_inner_microstep: 1270.23 | bwd_allreduce_microstep: 0.00 | step_microstep: 0.05
dynamic ViT batch size: 4, images per sample: 4.0, dynamic token length: 1111
[2025-09-24 19:54:51,266] [INFO] [logging.py:96:log_dist] [Rank 0] time (ms) | fwd_microstep: 293.35 | bwd_microstep: 534.56 | bwd_inner_microstep: 534.55 | bwd_allreduce_microstep: 0.00 | step_microstep: 0.04
dynamic ViT batch size: 3, images per sample: 3.0, dynamic token length: 845
[2025-09-24 19:54:51,942] [INFO] [logging.py:96:log_dist] [Rank 0] time (ms) | fwd_microstep: 236.49 | bwd_microstep: 415.41 | bwd_inner_microstep: 415.40 | bwd_allreduce_microstep: 0.00 | step_microstep: 0.07
dynamic ViT batch size: 4, images per sample: 4.0, dynamic token length: 1104
[2025-09-24 19:54:52,786] [INFO] [logging.py:96:log_dist] [Rank 0] time (ms) | fwd_microstep: 291.35 | bwd_microstep: 528.28 | bwd_inner_microstep: 528.27 | bwd_allreduce_microstep: 0.00 | step_microstep: 0.09
dynamic ViT batch size: 7, images per sample: 7.0, dynamic token length: 1864
[2025-09-24 19:54:54,116] [INFO] [logging.py:96:log_dist] [Rank 0] time (ms) | fwd_microstep: 460.43 | bwd_microstep: 841.50 | bwd_inner_microstep: 841.49 | bwd_allreduce_microstep: 0.00 | step_microstep: 0.07
dynamic ViT batch size: 7, images per sample: 7.0, dynamic token length: 1877
[2025-09-24 19:54:55,466] [INFO] [logging.py:96:log_dist] [Rank 0] time (ms) | fwd_microstep: 463.03 | bwd_microstep: 847.74 | bwd_inner_microstep: 847.73 | bwd_allreduce_microstep: 0.00 | step_microstep: 0.05
dynamic ViT batch size: 13, images per sample: 13.0, dynamic token length: 3404
[2025-09-24 19:54:57,789] [INFO] [logging.py:96:log_dist] [Rank 0] time (ms) | fwd_microstep: 807.90 | bwd_microstep: 1487.96 | bwd_inner_microstep: 1487.95 | bwd_allreduce_microstep: 0.00 | step_microstep: 0.05
dynamic ViT batch size: 13, images per sample: 13.0, dynamic token length: 3406
[2025-09-24 19:55:00,116] [INFO] [logging.py:96:log_dist] [Rank 0] time (ms) | fwd_microstep: 810.84 | bwd_microstep: 1488.92 | bwd_inner_microstep: 1488.91 | bwd_allreduce_microstep: 0.00 | step_microstep: 0.05
dynamic ViT batch size: 13, images per sample: 13.0, dynamic token length: 3417
[2025-09-24 19:55:02,460] [INFO] [logging.py:96:log_dist] [Rank 0] time (ms) | fwd_microstep: 809.97 | bwd_microstep: 1495.37 | bwd_inner_microstep: 1495.36 | bwd_allreduce_microstep: 0.00 | step_microstep: 0.05
dynamic ViT batch size: 3, images per sample: 3.0, dynamic token length: 855
[2025-09-24 19:55:03,143] [INFO] [logging.py:96:log_dist] [Rank 0] time (ms) | fwd_microstep: 240.02 | bwd_microstep: 410.32 | bwd_inner_microstep: 410.31 | bwd_allreduce_microstep: 0.00 | step_microstep: 0.05
dynamic ViT batch size: 1, images per sample: 1.0, dynamic token length: 335
[2025-09-24 19:55:03,543] [INFO] [logging.py:96:log_dist] [Rank 0] time (ms) | fwd_microstep: 153.33 | bwd_microstep: 211.74 | bwd_inner_microstep: 211.73 | bwd_allreduce_microstep: 0.00 | step_microstep: 0.10
dynamic ViT batch size: 7, images per sample: 7.0, dynamic token length: 1870
[2025-09-24 19:55:04,859] [INFO] [logging.py:96:log_dist] [Rank 0] time (ms) | fwd_microstep: 452.96 | bwd_microstep: 840.69 | bwd_inner_microstep: 840.68 | bwd_allreduce_microstep: 0.00 | step_microstep: 0.10
dynamic ViT batch size: 7, images per sample: 7.0, dynamic token length: 1866
[2025-09-24 19:55:06,193] [INFO] [logging.py:96:log_dist] [Rank 0] time (ms) | fwd_microstep: 461.80 | bwd_microstep: 843.57 | bwd_inner_microstep: 843.56 | bwd_allreduce_microstep: 0.00 | step_microstep: 0.06
dynamic ViT batch size: 1, images per sample: 1.0, dynamic token length: 328
[2025-09-24 19:55:06,594] [INFO] [logging.py:96:log_dist] [Rank 0] time (ms) | fwd_microstep: 124.88 | bwd_microstep: 252.52 | bwd_inner_microstep: 252.25 | bwd_allreduce_microstep: 0.08 | step_microstep: 0.13
dynamic ViT batch size: 7, images per sample: 7.0, dynamic token length: 1862
[2025-09-24 19:55:07,924] [INFO] [logging.py:96:log_dist] [Rank 0] time (ms) | fwd_microstep: 454.44 | bwd_microstep: 840.00 | bwd_inner_microstep: 839.99 | bwd_allreduce_microstep: 0.00 | step_microstep: 0.06
dynamic ViT batch size: 1, images per sample: 1.0, dynamic token length: 326
[2025-09-24 19:55:08,327] [INFO] [logging.py:96:log_dist] [Rank 0] time (ms) | fwd_microstep: 129.48 | bwd_microstep: 246.34 | bwd_inner_microstep: 246.13 | bwd_allreduce_microstep: 0.10 | step_microstep: 0.19
dynamic ViT batch size: 10, images per sample: 10.0, dynamic token length: 2627
[2025-09-24 19:55:10,147] [INFO] [logging.py:96:log_dist] [Rank 0] time (ms) | fwd_microstep: 630.75 | bwd_microstep: 1163.46 | bwd_inner_microstep: 1163.45 | bwd_allreduce_microstep: 0.00 | step_microstep: 0.04
dynamic ViT batch size: 5, images per sample: 5.0, dynamic token length: 1343
[2025-09-24 19:55:11,120] [INFO] [logging.py:96:log_dist] [Rank 0] time (ms) | fwd_microstep: 335.46 | bwd_microstep: 606.55 | bwd_inner_microstep: 606.54 | bwd_allreduce_microstep: 0.00 | step_microstep: 0.04
dynamic ViT batch size: 1, images per sample: 1.0, dynamic token length: 476
[2025-09-24 19:55:11,592] [INFO] [logging.py:96:log_dist] [Rank 0] time (ms) | fwd_microstep: 153.57 | bwd_microstep: 295.31 | bwd_inner_microstep: 295.01 | bwd_allreduce_microstep: 0.11 | step_microstep: 0.19
dynamic ViT batch size: 4, images per sample: 4.0, dynamic token length: 1170
[2025-09-24 19:55:12,465] [INFO] [logging.py:96:log_dist] [Rank 0] time (ms) | fwd_microstep: 303.15 | bwd_microstep: 544.70 | bwd_inner_microstep: 544.69 | bwd_allreduce_microstep: 0.00 | step_microstep: 0.03
dynamic ViT batch size: 1, images per sample: 1.0, dynamic token length: 401
[2025-09-24 19:55:12,878] [INFO] [logging.py:96:log_dist] [Rank 0] time (ms) | fwd_microstep: 139.28 | bwd_microstep: 252.16 | bwd_inner_microstep: 252.06 | bwd_allreduce_microstep: 0.05 | step_microstep: 0.11
dynamic ViT batch size: 13, images per sample: 13.0, dynamic token length: 3461
[2025-09-24 19:55:15,265] [INFO] [logging.py:96:log_dist] [Rank 0] time (ms) | fwd_microstep: 823.65 | bwd_microstep: 1537.00 | bwd_inner_microstep: 1536.99 | bwd_allreduce_microstep: 0.00 | step_microstep: 0.06
dynamic ViT batch size: 11, images per sample: 11.0, dynamic token length: 2919
[2025-09-24 19:55:17,270] [INFO] [logging.py:96:log_dist] [Rank 0] time (ms) | fwd_microstep: 695.47 | bwd_microstep: 1274.15 | bwd_inner_microstep: 1274.13 | bwd_allreduce_microstep: 0.00 | step_microstep: 0.05
dynamic ViT batch size: 1, images per sample: 1.0, dynamic token length: 341
[2025-09-24 19:55:17,679] [INFO] [logging.py:96:log_dist] [Rank 0] time (ms) | fwd_microstep: 123.97 | bwd_microstep: 261.26 | bwd_inner_microstep: 261.06 | bwd_allreduce_microstep: 0.10 | step_microstep: 0.16
dynamic ViT batch size: 7, images per sample: 7.0, dynamic token length: 1862
[2025-09-24 19:55:19,066] [INFO] [logging.py:96:log_dist] [Rank 0] time (ms) | optimizer_allgather: 13.89 | optimizer_gradients: 1.54 | optimizer_step: 1.72
[2025-09-24 19:55:19,067] [INFO] [logging.py:96:log_dist] [Rank 0] time (ms) | fwd_microstep: 458.85 | bwd_microstep: 867.83 | bwd_inner_microstep: 838.37 | bwd_allreduce_microstep: 29.40 | step_microstep: 33.95
[2025-09-24 19:55:19,070] [INFO] [logging.py:96:log_dist] [Rank 0] time (ms) | fwd: 14212.92 | bwd: 26073.49 | bwd_inner: 26042.04 | bwd_allreduce: 30.23 | step: 37.27
 67%|######6   | 10/15 [09:03<04:02, 48.60s/it]                                               {'loss': 0.5633, 'learning_rate': 5.66116260882442e-06, 'epoch': 0.64}
 67%|######6   | 10/15 [09:03<04:02, 48.60s/it]dynamic ViT batch size: 1, images per sample: 1.0, dynamic token length: 394
[2025-09-24 19:55:19,530] [INFO] [logging.py:96:log_dist] [Rank 0] time (ms) | fwd_microstep: 147.76 | bwd_microstep: 274.40 | bwd_inner_microstep: 274.14 | bwd_allreduce_microstep: 0.10 | step_microstep: 0.16
dynamic ViT batch size: 13, images per sample: 13.0, dynamic token length: 3425
[2025-09-24 19:55:21,857] [INFO] [logging.py:96:log_dist] [Rank 0] time (ms) | fwd_microstep: 809.58 | bwd_microstep: 1489.62 | bwd_inner_microstep: 1489.60 | bwd_allreduce_microstep: 0.00 | step_microstep: 0.05
dynamic ViT batch size: 7, images per sample: 7.0, dynamic token length: 1985
[2025-09-24 19:55:23,257] [INFO] [logging.py:96:log_dist] [Rank 0] time (ms) | fwd_microstep: 479.58 | bwd_microstep: 895.54 | bwd_inner_microstep: 895.53 | bwd_allreduce_microstep: 0.00 | step_microstep: 0.04
dynamic ViT batch size: 1, images per sample: 1.0, dynamic token length: 373
[2025-09-24 19:55:23,698] [INFO] [logging.py:96:log_dist] [Rank 0] time (ms) | fwd_microstep: 129.68 | bwd_microstep: 286.85 | bwd_inner_microstep: 286.55 | bwd_allreduce_microstep: 0.11 | step_microstep: 0.17
dynamic ViT batch size: 13, images per sample: 13.0, dynamic token length: 3426
[2025-09-24 19:55:26,043] [INFO] [logging.py:96:log_dist] [Rank 0] time (ms) | fwd_microstep: 809.62 | bwd_microstep: 1494.39 | bwd_inner_microstep: 1494.38 | bwd_allreduce_microstep: 0.00 | step_microstep: 0.06
dynamic ViT batch size: 1, images per sample: 1.0, dynamic token length: 361
[2025-09-24 19:55:26,496] [INFO] [logging.py:96:log_dist] [Rank 0] time (ms) | fwd_microstep: 157.38 | bwd_microstep: 264.09 | bwd_inner_microstep: 263.89 | bwd_allreduce_microstep: 0.07 | step_microstep: 0.13
dynamic ViT batch size: 7, images per sample: 7.0, dynamic token length: 2023
[2025-09-24 19:55:27,913] [INFO] [logging.py:96:log_dist] [Rank 0] time (ms) | fwd_microstep: 480.95 | bwd_microstep: 894.76 | bwd_inner_microstep: 894.75 | bwd_allreduce_microstep: 0.00 | step_microstep: 0.08
dynamic ViT batch size: 11, images per sample: 11.0, dynamic token length: 2924
[2025-09-24 19:55:29,926] [INFO] [logging.py:96:log_dist] [Rank 0] time (ms) | fwd_microstep: 695.23 | bwd_microstep: 1274.93 | bwd_inner_microstep: 1274.91 | bwd_allreduce_microstep: 0.00 | step_microstep: 0.07
dynamic ViT batch size: 13, images per sample: 13.0, dynamic token length: 3419
[2025-09-24 19:55:32,275] [INFO] [logging.py:96:log_dist] [Rank 0] time (ms) | fwd_microstep: 810.69 | bwd_microstep: 1492.90 | bwd_inner_microstep: 1492.89 | bwd_allreduce_microstep: 0.00 | step_microstep: 0.08
dynamic ViT batch size: 7, images per sample: 7.0, dynamic token length: 1906
[2025-09-24 19:55:33,615] [INFO] [logging.py:96:log_dist] [Rank 0] time (ms) | fwd_microstep: 464.07 | bwd_microstep: 847.07 | bwd_inner_microstep: 847.06 | bwd_allreduce_microstep: 0.00 | step_microstep: 0.04
dynamic ViT batch size: 3, images per sample: 3.0, dynamic token length: 855
[2025-09-24 19:55:34,283] [INFO] [logging.py:96:log_dist] [Rank 0] time (ms) | fwd_microstep: 229.35 | bwd_microstep: 416.21 | bwd_inner_microstep: 416.19 | bwd_allreduce_microstep: 0.00 | step_microstep: 0.05
dynamic ViT batch size: 7, images per sample: 7.0, dynamic token length: 1884
[2025-09-24 19:55:35,612] [INFO] [logging.py:96:log_dist] [Rank 0] time (ms) | fwd_microstep: 460.68 | bwd_microstep: 843.86 | bwd_inner_microstep: 843.85 | bwd_allreduce_microstep: 0.00 | step_microstep: 0.05
dynamic ViT batch size: 13, images per sample: 13.0, dynamic token length: 3409
[2025-09-24 19:55:37,937] [INFO] [logging.py:96:log_dist] [Rank 0] time (ms) | fwd_microstep: 807.96 | bwd_microstep: 1486.80 | bwd_inner_microstep: 1486.79 | bwd_allreduce_microstep: 0.00 | step_microstep: 0.04
dynamic ViT batch size: 13, images per sample: 13.0, dynamic token length: 3405
[2025-09-24 19:55:40,257] [INFO] [logging.py:96:log_dist] [Rank 0] time (ms) | fwd_microstep: 812.29 | bwd_microstep: 1481.07 | bwd_inner_microstep: 1481.06 | bwd_allreduce_microstep: 0.00 | step_microstep: 0.05
dynamic ViT batch size: 7, images per sample: 7.0, dynamic token length: 1883
[2025-09-24 19:55:41,596] [INFO] [logging.py:96:log_dist] [Rank 0] time (ms) | fwd_microstep: 464.38 | bwd_microstep: 845.56 | bwd_inner_microstep: 845.55 | bwd_allreduce_microstep: 0.00 | step_microstep: 0.04
dynamic ViT batch size: 1, images per sample: 1.0, dynamic token length: 356
[2025-09-24 19:55:42,001] [INFO] [logging.py:96:log_dist] [Rank 0] time (ms) | fwd_microstep: 126.49 | bwd_microstep: 253.72 | bwd_inner_microstep: 253.53 | bwd_allreduce_microstep: 0.08 | step_microstep: 0.12
dynamic ViT batch size: 13, images per sample: 13.0, dynamic token length: 3403
[2025-09-24 19:55:44,322] [INFO] [logging.py:96:log_dist] [Rank 0] time (ms) | fwd_microstep: 807.39 | bwd_microstep: 1487.46 | bwd_inner_microstep: 1487.45 | bwd_allreduce_microstep: 0.00 | step_microstep: 0.10
dynamic ViT batch size: 13, images per sample: 13.0, dynamic token length: 3406
[2025-09-24 19:55:46,653] [INFO] [logging.py:96:log_dist] [Rank 0] time (ms) | fwd_microstep: 811.60 | bwd_microstep: 1490.38 | bwd_inner_microstep: 1490.37 | bwd_allreduce_microstep: 0.00 | step_microstep: 0.08
dynamic ViT batch size: 13, images per sample: 13.0, dynamic token length: 3401
[2025-09-24 19:55:48,984] [INFO] [logging.py:96:log_dist] [Rank 0] time (ms) | fwd_microstep: 809.64 | bwd_microstep: 1489.87 | bwd_inner_microstep: 1489.86 | bwd_allreduce_microstep: 0.00 | step_microstep: 0.05
dynamic ViT batch size: 13, images per sample: 13.0, dynamic token length: 3403
[2025-09-24 19:55:51,309] [INFO] [logging.py:96:log_dist] [Rank 0] time (ms) | fwd_microstep: 809.00 | bwd_microstep: 1489.14 | bwd_inner_microstep: 1489.13 | bwd_allreduce_microstep: 0.00 | step_microstep: 0.05
dynamic ViT batch size: 7, images per sample: 7.0, dynamic token length: 1868
[2025-09-24 19:55:52,650] [INFO] [logging.py:96:log_dist] [Rank 0] time (ms) | fwd_microstep: 463.10 | bwd_microstep: 841.04 | bwd_inner_microstep: 841.03 | bwd_allreduce_microstep: 0.00 | step_microstep: 0.06
dynamic ViT batch size: 7, images per sample: 7.0, dynamic token length: 1867
[2025-09-24 19:55:53,979] [INFO] [logging.py:96:log_dist] [Rank 0] time (ms) | fwd_microstep: 458.53 | bwd_microstep: 844.52 | bwd_inner_microstep: 844.51 | bwd_allreduce_microstep: 0.00 | step_microstep: 0.07
dynamic ViT batch size: 13, images per sample: 13.0, dynamic token length: 3407
[2025-09-24 19:55:56,306] [INFO] [logging.py:96:log_dist] [Rank 0] time (ms) | fwd_microstep: 810.98 | bwd_microstep: 1489.61 | bwd_inner_microstep: 1489.59 | bwd_allreduce_microstep: 0.00 | step_microstep: 0.06
dynamic ViT batch size: 7, images per sample: 7.0, dynamic token length: 1884
[2025-09-24 19:55:57,634] [INFO] [logging.py:96:log_dist] [Rank 0] time (ms) | fwd_microstep: 457.42 | bwd_microstep: 844.49 | bwd_inner_microstep: 844.48 | bwd_allreduce_microstep: 0.00 | step_microstep: 0.04
dynamic ViT batch size: 3, images per sample: 3.0, dynamic token length: 842
[2025-09-24 19:55:58,299] [INFO] [logging.py:96:log_dist] [Rank 0] time (ms) | fwd_microstep: 228.64 | bwd_microstep: 412.29 | bwd_inner_microstep: 412.27 | bwd_allreduce_microstep: 0.00 | step_microstep: 0.06
dynamic ViT batch size: 1, images per sample: 1.0, dynamic token length: 323
[2025-09-24 19:55:58,674] [INFO] [logging.py:96:log_dist] [Rank 0] time (ms) | fwd_microstep: 120.89 | bwd_microstep: 232.01 | bwd_inner_microstep: 231.63 | bwd_allreduce_microstep: 0.15 | step_microstep: 0.23
dynamic ViT batch size: 1, images per sample: 1.0, dynamic token length: 321
[2025-09-24 19:55:59,050] [INFO] [logging.py:96:log_dist] [Rank 0] time (ms) | fwd_microstep: 121.49 | bwd_microstep: 232.76 | bwd_inner_microstep: 232.59 | bwd_allreduce_microstep: 0.07 | step_microstep: 0.11
dynamic ViT batch size: 1, images per sample: 1.0, dynamic token length: 537
[2025-09-24 19:55:59,533] [INFO] [logging.py:96:log_dist] [Rank 0] time (ms) | fwd_microstep: 167.33 | bwd_microstep: 290.12 | bwd_inner_microstep: 289.94 | bwd_allreduce_microstep: 0.08 | step_microstep: 0.11
dynamic ViT batch size: 13, images per sample: 13.0, dynamic token length: 3431
[2025-09-24 19:56:01,858] [INFO] [logging.py:96:log_dist] [Rank 0] time (ms) | fwd_microstep: 809.94 | bwd_microstep: 1490.43 | bwd_inner_microstep: 1490.42 | bwd_allreduce_microstep: 0.00 | step_microstep: 0.04
dynamic ViT batch size: 13, images per sample: 13.0, dynamic token length: 3416
[2025-09-24 19:56:04,192] [INFO] [logging.py:96:log_dist] [Rank 0] time (ms) | fwd_microstep: 807.65 | bwd_microstep: 1489.79 | bwd_inner_microstep: 1489.78 | bwd_allreduce_microstep: 0.00 | step_microstep: 0.12
dynamic ViT batch size: 1, images per sample: 1.0, dynamic token length: 328
[2025-09-24 19:56:04,611] [INFO] [logging.py:96:log_dist] [Rank 0] time (ms) | fwd_microstep: 131.98 | bwd_microstep: 253.29 | bwd_inner_microstep: 253.09 | bwd_allreduce_microstep: 0.07 | step_microstep: 0.13
dynamic ViT batch size: 10, images per sample: 10.0, dynamic token length: 2626
[2025-09-24 19:56:06,501] [INFO] [logging.py:96:log_dist] [Rank 0] time (ms) | optimizer_allgather: 13.82 | optimizer_gradients: 1.66 | optimizer_step: 1.72
[2025-09-24 19:56:06,502] [INFO] [logging.py:96:log_dist] [Rank 0] time (ms) | fwd_microstep: 630.36 | bwd_microstep: 1196.57 | bwd_inner_microstep: 1162.73 | bwd_allreduce_microstep: 33.77 | step_microstep: 38.15
[2025-09-24 19:56:06,506] [INFO] [logging.py:96:log_dist] [Rank 0] time (ms) | fwd: 16330.69 | bwd: 30115.75 | bwd_inner: 30079.90 | bwd_allreduce: 34.58 | step: 41.20
 73%|#######3  | 11/15 [09:50<03:12, 48.24s/it]                                               {'loss': 0.3675, 'learning_rate': 3.7651019814126656e-06, 'epoch': 0.7}
 73%|#######3  | 11/15 [09:50<03:12, 48.24s/it]dynamic ViT batch size: 13, images per sample: 13.0, dynamic token length: 3419
[2025-09-24 19:56:08,847] [INFO] [logging.py:96:log_dist] [Rank 0] time (ms) | fwd_microstep: 806.50 | bwd_microstep: 1485.17 | bwd_inner_microstep: 1485.16 | bwd_allreduce_microstep: 0.00 | step_microstep: 0.05
dynamic ViT batch size: 1, images per sample: 1.0, dynamic token length: 456
[2025-09-24 19:56:09,355] [INFO] [logging.py:96:log_dist] [Rank 0] time (ms) | fwd_microstep: 163.13 | bwd_microstep: 319.98 | bwd_inner_microstep: 319.79 | bwd_allreduce_microstep: 0.07 | step_microstep: 0.13
dynamic ViT batch size: 13, images per sample: 13.0, dynamic token length: 3405
[2025-09-24 19:56:11,678] [INFO] [logging.py:96:log_dist] [Rank 0] time (ms) | fwd_microstep: 806.86 | bwd_microstep: 1487.29 | bwd_inner_microstep: 1487.28 | bwd_allreduce_microstep: 0.00 | step_microstep: 0.07
dynamic ViT batch size: 1, images per sample: 1.0, dynamic token length: 397
[2025-09-24 19:56:12,214] [INFO] [logging.py:96:log_dist] [Rank 0] time (ms) | fwd_microstep: 177.53 | bwd_microstep: 323.55 | bwd_inner_microstep: 323.38 | bwd_allreduce_microstep: 0.07 | step_microstep: 0.12
dynamic ViT batch size: 7, images per sample: 7.0, dynamic token length: 1885
[2025-09-24 19:56:13,553] [INFO] [logging.py:96:log_dist] [Rank 0] time (ms) | fwd_microstep: 461.55 | bwd_microstep: 845.55 | bwd_inner_microstep: 845.54 | bwd_allreduce_microstep: 0.00 | step_microstep: 0.06
dynamic ViT batch size: 7, images per sample: 7.0, dynamic token length: 1881
[2025-09-24 19:56:14,881] [INFO] [logging.py:96:log_dist] [Rank 0] time (ms) | fwd_microstep: 457.15 | bwd_microstep: 845.52 | bwd_inner_microstep: 845.51 | bwd_allreduce_microstep: 0.00 | step_microstep: 0.07
dynamic ViT batch size: 7, images per sample: 7.0, dynamic token length: 1864
[2025-09-24 19:56:16,207] [INFO] [logging.py:96:log_dist] [Rank 0] time (ms) | fwd_microstep: 460.11 | bwd_microstep: 840.47 | bwd_inner_microstep: 840.46 | bwd_allreduce_microstep: 0.00 | step_microstep: 0.04
dynamic ViT batch size: 1, images per sample: 1.0, dynamic token length: 362
[2025-09-24 19:56:16,675] [INFO] [logging.py:96:log_dist] [Rank 0] time (ms) | fwd_microstep: 129.86 | bwd_microstep: 311.92 | bwd_inner_microstep: 311.73 | bwd_allreduce_microstep: 0.08 | step_microstep: 0.12
dynamic ViT batch size: 1, images per sample: 1.0, dynamic token length: 350
[2025-09-24 19:56:17,048] [INFO] [logging.py:96:log_dist] [Rank 0] time (ms) | fwd_microstep: 132.85 | bwd_microstep: 215.66 | bwd_inner_microstep: 215.18 | bwd_allreduce_microstep: 0.18 | step_microstep: 0.26
dynamic ViT batch size: 4, images per sample: 4.0, dynamic token length: 1104
[2025-09-24 19:56:17,890] [INFO] [logging.py:96:log_dist] [Rank 0] time (ms) | fwd_microstep: 290.55 | bwd_microstep: 528.29 | bwd_inner_microstep: 528.27 | bwd_allreduce_microstep: 0.00 | step_microstep: 0.04
dynamic ViT batch size: 7, images per sample: 7.0, dynamic token length: 1865
[2025-09-24 19:56:19,212] [INFO] [logging.py:96:log_dist] [Rank 0] time (ms) | fwd_microstep: 456.07 | bwd_microstep: 841.06 | bwd_inner_microstep: 841.04 | bwd_allreduce_microstep: 0.00 | step_microstep: 0.06
dynamic ViT batch size: 7, images per sample: 7.0, dynamic token length: 1872
[2025-09-24 19:56:20,532] [INFO] [logging.py:96:log_dist] [Rank 0] time (ms) | fwd_microstep: 457.35 | bwd_microstep: 837.06 | bwd_inner_microstep: 837.04 | bwd_allreduce_microstep: 0.00 | step_microstep: 0.05
dynamic ViT batch size: 13, images per sample: 13.0, dynamic token length: 3401
[2025-09-24 19:56:22,845] [INFO] [logging.py:96:log_dist] [Rank 0] time (ms) | fwd_microstep: 805.25 | bwd_microstep: 1482.46 | bwd_inner_microstep: 1482.45 | bwd_allreduce_microstep: 0.00 | step_microstep: 0.06
dynamic ViT batch size: 7, images per sample: 7.0, dynamic token length: 1865
[2025-09-24 19:56:24,167] [INFO] [logging.py:96:log_dist] [Rank 0] time (ms) | fwd_microstep: 458.78 | bwd_microstep: 838.46 | bwd_inner_microstep: 838.45 | bwd_allreduce_microstep: 0.00 | step_microstep: 0.05
dynamic ViT batch size: 13, images per sample: 13.0, dynamic token length: 3408
[2025-09-24 19:56:26,483] [INFO] [logging.py:96:log_dist] [Rank 0] time (ms) | fwd_microstep: 806.62 | bwd_microstep: 1483.00 | bwd_inner_microstep: 1482.99 | bwd_allreduce_microstep: 0.00 | step_microstep: 0.04
dynamic ViT batch size: 3, images per sample: 3.0, dynamic token length: 853
[2025-09-24 19:56:27,148] [INFO] [logging.py:96:log_dist] [Rank 0] time (ms) | fwd_microstep: 229.03 | bwd_microstep: 406.37 | bwd_inner_microstep: 406.36 | bwd_allreduce_microstep: 0.00 | step_microstep: 0.05
dynamic ViT batch size: 7, images per sample: 7.0, dynamic token length: 1864
[2025-09-24 19:56:28,464] [INFO] [logging.py:96:log_dist] [Rank 0] time (ms) | fwd_microstep: 452.15 | bwd_microstep: 832.39 | bwd_inner_microstep: 832.38 | bwd_allreduce_microstep: 0.00 | step_microstep: 0.04
dynamic ViT batch size: 1, images per sample: 1.0, dynamic token length: 328
[2025-09-24 19:56:28,831] [INFO] [logging.py:96:log_dist] [Rank 0] time (ms) | fwd_microstep: 122.39 | bwd_microstep: 221.08 | bwd_inner_microstep: 220.96 | bwd_allreduce_microstep: 0.07 | step_microstep: 0.11
dynamic ViT batch size: 13, images per sample: 13.0, dynamic token length: 3401
[2025-09-24 19:56:31,153] [INFO] [logging.py:96:log_dist] [Rank 0] time (ms) | fwd_microstep: 805.70 | bwd_microstep: 1484.14 | bwd_inner_microstep: 1484.13 | bwd_allreduce_microstep: 0.00 | step_microstep: 0.05
dynamic ViT batch size: 13, images per sample: 13.0, dynamic token length: 3398
[2025-09-24 19:56:33,474] [INFO] [logging.py:96:log_dist] [Rank 0] time (ms) | fwd_microstep: 805.04 | bwd_microstep: 1485.93 | bwd_inner_microstep: 1485.92 | bwd_allreduce_microstep: 0.00 | step_microstep: 0.05
dynamic ViT batch size: 3, images per sample: 3.0, dynamic token length: 834
[2025-09-24 19:56:34,135] [INFO] [logging.py:96:log_dist] [Rank 0] time (ms) | fwd_microstep: 231.31 | bwd_microstep: 402.23 | bwd_inner_microstep: 402.21 | bwd_allreduce_microstep: 0.00 | step_microstep: 0.04
dynamic ViT batch size: 1, images per sample: 1.0, dynamic token length: 321
[2025-09-24 19:56:34,551] [INFO] [logging.py:96:log_dist] [Rank 0] time (ms) | fwd_microstep: 131.15 | bwd_microstep: 257.91 | bwd_inner_microstep: 257.71 | bwd_allreduce_microstep: 0.08 | step_microstep: 0.13
dynamic ViT batch size: 13, images per sample: 13.0, dynamic token length: 3628
[2025-09-24 19:56:37,051] [INFO] [logging.py:96:log_dist] [Rank 0] time (ms) | fwd_microstep: 853.11 | bwd_microstep: 1615.55 | bwd_inner_microstep: 1615.54 | bwd_allreduce_microstep: 0.00 | step_microstep: 0.06
dynamic ViT batch size: 13, images per sample: 13.0, dynamic token length: 3514
[2025-09-24 19:56:39,457] [INFO] [logging.py:96:log_dist] [Rank 0] time (ms) | fwd_microstep: 828.33 | bwd_microstep: 1546.22 | bwd_inner_microstep: 1546.21 | bwd_allreduce_microstep: 0.00 | step_microstep: 0.06
dynamic ViT batch size: 13, images per sample: 13.0, dynamic token length: 3476
[2025-09-24 19:56:41,859] [INFO] [logging.py:96:log_dist] [Rank 0] time (ms) | fwd_microstep: 828.84 | bwd_microstep: 1542.11 | bwd_inner_microstep: 1542.09 | bwd_allreduce_microstep: 0.00 | step_microstep: 0.05
dynamic ViT batch size: 1, images per sample: 1.0, dynamic token length: 388
[2025-09-24 19:56:42,298] [INFO] [logging.py:96:log_dist] [Rank 0] time (ms) | fwd_microstep: 153.51 | bwd_microstep: 257.61 | bwd_inner_microstep: 257.42 | bwd_allreduce_microstep: 0.07 | step_microstep: 0.13
dynamic ViT batch size: 1, images per sample: 1.0, dynamic token length: 360
[2025-09-24 19:56:42,704] [INFO] [logging.py:96:log_dist] [Rank 0] time (ms) | fwd_microstep: 128.19 | bwd_microstep: 252.48 | bwd_inner_microstep: 252.30 | bwd_allreduce_microstep: 0.07 | step_microstep: 0.13
dynamic ViT batch size: 13, images per sample: 13.0, dynamic token length: 3421
[2025-09-24 19:56:45,033] [INFO] [logging.py:96:log_dist] [Rank 0] time (ms) | fwd_microstep: 811.86 | bwd_microstep: 1485.50 | bwd_inner_microstep: 1485.49 | bwd_allreduce_microstep: 0.00 | step_microstep: 0.06
dynamic ViT batch size: 5, images per sample: 5.0, dynamic token length: 1368
[2025-09-24 19:56:46,009] [INFO] [logging.py:96:log_dist] [Rank 0] time (ms) | fwd_microstep: 335.44 | bwd_microstep: 611.91 | bwd_inner_microstep: 611.89 | bwd_allreduce_microstep: 0.00 | step_microstep: 0.05
dynamic ViT batch size: 1, images per sample: 1.0, dynamic token length: 333
[2025-09-24 19:56:46,419] [INFO] [logging.py:96:log_dist] [Rank 0] time (ms) | fwd_microstep: 127.15 | bwd_microstep: 260.37 | bwd_inner_microstep: 259.87 | bwd_allreduce_microstep: 0.18 | step_microstep: 0.27
dynamic ViT batch size: 7, images per sample: 7.0, dynamic token length: 1866
[2025-09-24 19:56:47,741] [INFO] [logging.py:96:log_dist] [Rank 0] time (ms) | fwd_microstep: 458.12 | bwd_microstep: 837.70 | bwd_inner_microstep: 837.69 | bwd_allreduce_microstep: 0.00 | step_microstep: 0.04
dynamic ViT batch size: 7, images per sample: 7.0, dynamic token length: 1865
[2025-09-24 19:56:58,593] [INFO] [logging.py:96:log_dist] [Rank 0] time (ms) | optimizer_allgather: 13.56 | optimizer_gradients: 1.40 | optimizer_step: 1.72
[2025-09-24 19:56:58,594] [INFO] [logging.py:96:log_dist] [Rank 0] time (ms) | fwd_microstep: 466.21 | bwd_microstep: 10317.00 | bwd_inner_microstep: 839.62 | bwd_allreduce_microstep: 9477.32 | step_microstep: 32.12
[2025-09-24 19:56:58,597] [INFO] [logging.py:96:log_dist] [Rank 0] time (ms) | fwd: 14636.81 | bwd: 36502.16 | bwd_inner: 27022.47 | bwd_allreduce: 9478.26 | step: 35.13
 80%|########  | 12/15 [10:42<02:28, 49.41s/it]                                               {'loss': 0.4694, 'learning_rate': 2.1816851753197023e-06, 'epoch': 0.77}
 80%|########  | 12/15 [10:42<02:28, 49.41s/it]dynamic ViT batch size: 1, images per sample: 1.0, dynamic token length: 358
[2025-09-24 19:56:59,024] [INFO] [logging.py:96:log_dist] [Rank 0] time (ms) | fwd_microstep: 125.05 | bwd_microstep: 269.69 | bwd_inner_microstep: 269.42 | bwd_allreduce_microstep: 0.08 | step_microstep: 0.13
dynamic ViT batch size: 3, images per sample: 3.0, dynamic token length: 885
[2025-09-24 19:56:59,688] [INFO] [logging.py:96:log_dist] [Rank 0] time (ms) | fwd_microstep: 224.56 | bwd_microstep: 412.98 | bwd_inner_microstep: 412.43 | bwd_allreduce_microstep: 0.42 | step_microstep: 1.20
dynamic ViT batch size: 9, images per sample: 9.0, dynamic token length: 2399
[2025-09-24 19:57:01,323] [INFO] [logging.py:96:log_dist] [Rank 0] time (ms) | fwd_microstep: 567.52 | bwd_microstep: 1034.74 | bwd_inner_microstep: 1034.73 | bwd_allreduce_microstep: 0.00 | step_microstep: 0.04
dynamic ViT batch size: 13, images per sample: 13.0, dynamic token length: 3424
[2025-09-24 19:57:03,593] [INFO] [logging.py:96:log_dist] [Rank 0] time (ms) | fwd_microstep: 790.28 | bwd_microstep: 1454.99 | bwd_inner_microstep: 1454.98 | bwd_allreduce_microstep: 0.00 | step_microstep: 0.08
dynamic ViT batch size: 13, images per sample: 13.0, dynamic token length: 3424
[2025-09-24 19:57:05,869] [INFO] [logging.py:96:log_dist] [Rank 0] time (ms) | fwd_microstep: 794.73 | bwd_microstep: 1454.92 | bwd_inner_microstep: 1454.91 | bwd_allreduce_microstep: 0.00 | step_microstep: 0.07
dynamic ViT batch size: 1, images per sample: 1.0, dynamic token length: 369
[2025-09-24 19:57:06,282] [INFO] [logging.py:96:log_dist] [Rank 0] time (ms) | fwd_microstep: 124.51 | bwd_microstep: 258.21 | bwd_inner_microstep: 257.90 | bwd_allreduce_microstep: 0.08 | step_microstep: 0.12
dynamic ViT batch size: 13, images per sample: 13.0, dynamic token length: 3417
[2025-09-24 19:57:08,556] [INFO] [logging.py:96:log_dist] [Rank 0] time (ms) | fwd_microstep: 790.42 | bwd_microstep: 1457.18 | bwd_inner_microstep: 1457.17 | bwd_allreduce_microstep: 0.00 | step_microstep: 0.11
dynamic ViT batch size: 13, images per sample: 13.0, dynamic token length: 3425
[2025-09-24 19:57:10,833] [INFO] [logging.py:96:log_dist] [Rank 0] time (ms) | fwd_microstep: 792.50 | bwd_microstep: 1457.91 | bwd_inner_microstep: 1457.90 | bwd_allreduce_microstep: 0.00 | step_microstep: 0.05
dynamic ViT batch size: 13, images per sample: 13.0, dynamic token length: 3419
[2025-09-24 19:57:13,117] [INFO] [logging.py:96:log_dist] [Rank 0] time (ms) | fwd_microstep: 792.10 | bwd_microstep: 1456.40 | bwd_inner_microstep: 1456.39 | bwd_allreduce_microstep: 0.00 | step_microstep: 0.06
dynamic ViT batch size: 13, images per sample: 13.0, dynamic token length: 3404
[2025-09-24 19:57:15,391] [INFO] [logging.py:96:log_dist] [Rank 0] time (ms) | fwd_microstep: 791.65 | bwd_microstep: 1455.09 | bwd_inner_microstep: 1455.07 | bwd_allreduce_microstep: 0.00 | step_microstep: 0.05
dynamic ViT batch size: 13, images per sample: 13.0, dynamic token length: 3403
[2025-09-24 19:57:17,665] [INFO] [logging.py:96:log_dist] [Rank 0] time (ms) | fwd_microstep: 792.63 | bwd_microstep: 1455.12 | bwd_inner_microstep: 1455.11 | bwd_allreduce_microstep: 0.00 | step_microstep: 0.05
dynamic ViT batch size: 13, images per sample: 13.0, dynamic token length: 3410
[2025-09-24 19:57:19,951] [INFO] [logging.py:96:log_dist] [Rank 0] time (ms) | fwd_microstep: 795.75 | bwd_microstep: 1459.94 | bwd_inner_microstep: 1459.93 | bwd_allreduce_microstep: 0.00 | step_microstep: 0.07
dynamic ViT batch size: 7, images per sample: 7.0, dynamic token length: 1872
[2025-09-24 19:57:21,263] [INFO] [logging.py:96:log_dist] [Rank 0] time (ms) | fwd_microstep: 451.15 | bwd_microstep: 829.76 | bwd_inner_microstep: 829.75 | bwd_allreduce_microstep: 0.00 | step_microstep: 0.19
dynamic ViT batch size: 13, images per sample: 13.0, dynamic token length: 3401
[2025-09-24 19:57:23,578] [INFO] [logging.py:96:log_dist] [Rank 0] time (ms) | fwd_microstep: 795.23 | bwd_microstep: 1460.62 | bwd_inner_microstep: 1460.61 | bwd_allreduce_microstep: 0.00 | step_microstep: 0.08
dynamic ViT batch size: 7, images per sample: 7.0, dynamic token length: 1865
[2025-09-24 19:57:24,885] [INFO] [logging.py:96:log_dist] [Rank 0] time (ms) | fwd_microstep: 452.01 | bwd_microstep: 824.35 | bwd_inner_microstep: 824.33 | bwd_allreduce_microstep: 0.00 | step_microstep: 0.04
dynamic ViT batch size: 13, images per sample: 13.0, dynamic token length: 3421
[2025-09-24 19:57:27,182] [INFO] [logging.py:96:log_dist] [Rank 0] time (ms) | fwd_microstep: 796.98 | bwd_microstep: 1466.87 | bwd_inner_microstep: 1466.85 | bwd_allreduce_microstep: 0.00 | step_microstep: 0.05
dynamic ViT batch size: 7, images per sample: 7.0, dynamic token length: 1869
[2025-09-24 19:57:28,499] [INFO] [logging.py:96:log_dist] [Rank 0] time (ms) | fwd_microstep: 458.85 | bwd_microstep: 829.42 | bwd_inner_microstep: 829.41 | bwd_allreduce_microstep: 0.00 | step_microstep: 0.06
dynamic ViT batch size: 3, images per sample: 3.0, dynamic token length: 842
[2025-09-24 19:57:29,162] [INFO] [logging.py:96:log_dist] [Rank 0] time (ms) | fwd_microstep: 228.11 | bwd_microstep: 408.85 | bwd_inner_microstep: 408.84 | bwd_allreduce_microstep: 0.00 | step_microstep: 0.04
dynamic ViT batch size: 7, images per sample: 7.0, dynamic token length: 1866
[2025-09-24 19:57:30,474] [INFO] [logging.py:96:log_dist] [Rank 0] time (ms) | fwd_microstep: 450.39 | bwd_microstep: 834.92 | bwd_inner_microstep: 834.90 | bwd_allreduce_microstep: 0.00 | step_microstep: 0.05
dynamic ViT batch size: 10, images per sample: 10.0, dynamic token length: 2634
[2025-09-24 19:57:32,279] [INFO] [logging.py:96:log_dist] [Rank 0] time (ms) | fwd_microstep: 623.48 | bwd_microstep: 1153.21 | bwd_inner_microstep: 1153.20 | bwd_allreduce_microstep: 0.00 | step_microstep: 0.06
dynamic ViT batch size: 13, images per sample: 13.0, dynamic token length: 3403
[2025-09-24 19:57:34,588] [INFO] [logging.py:96:log_dist] [Rank 0] time (ms) | fwd_microstep: 803.43 | bwd_microstep: 1469.18 | bwd_inner_microstep: 1469.17 | bwd_allreduce_microstep: 0.00 | step_microstep: 0.10
dynamic ViT batch size: 13, images per sample: 13.0, dynamic token length: 3403
[2025-09-24 19:57:36,892] [INFO] [logging.py:96:log_dist] [Rank 0] time (ms) | fwd_microstep: 799.98 | bwd_microstep: 1469.55 | bwd_inner_microstep: 1469.53 | bwd_allreduce_microstep: 0.00 | step_microstep: 0.08
dynamic ViT batch size: 7, images per sample: 7.0, dynamic token length: 2103
[2025-09-24 19:57:38,354] [INFO] [logging.py:96:log_dist] [Rank 0] time (ms) | fwd_microstep: 497.34 | bwd_microstep: 931.97 | bwd_inner_microstep: 931.95 | bwd_allreduce_microstep: 0.00 | step_microstep: 0.04
dynamic ViT batch size: 13, images per sample: 13.0, dynamic token length: 3548
[2025-09-24 19:57:40,761] [INFO] [logging.py:96:log_dist] [Rank 0] time (ms) | fwd_microstep: 829.06 | bwd_microstep: 1551.57 | bwd_inner_microstep: 1551.56 | bwd_allreduce_microstep: 0.00 | step_microstep: 0.05
dynamic ViT batch size: 7, images per sample: 7.0, dynamic token length: 1964
[2025-09-24 19:57:42,140] [INFO] [logging.py:96:log_dist] [Rank 0] time (ms) | fwd_microstep: 473.58 | bwd_microstep: 876.94 | bwd_inner_microstep: 876.93 | bwd_allreduce_microstep: 0.00 | step_microstep: 0.05
dynamic ViT batch size: 7, images per sample: 7.0, dynamic token length: 1902
[2025-09-24 19:57:43,471] [INFO] [logging.py:96:log_dist] [Rank 0] time (ms) | fwd_microstep: 461.16 | bwd_microstep: 845.41 | bwd_inner_microstep: 845.40 | bwd_allreduce_microstep: 0.00 | step_microstep: 0.07
dynamic ViT batch size: 7, images per sample: 7.0, dynamic token length: 1896
[2025-09-24 19:57:44,802] [INFO] [logging.py:96:log_dist] [Rank 0] time (ms) | fwd_microstep: 452.46 | bwd_microstep: 841.66 | bwd_inner_microstep: 841.64 | bwd_allreduce_microstep: 0.00 | step_microstep: 0.06
dynamic ViT batch size: 3, images per sample: 3.0, dynamic token length: 866
[2025-09-24 19:57:45,487] [INFO] [logging.py:96:log_dist] [Rank 0] time (ms) | fwd_microstep: 231.71 | bwd_microstep: 428.51 | bwd_inner_microstep: 428.49 | bwd_allreduce_microstep: 0.00 | step_microstep: 0.03
dynamic ViT batch size: 13, images per sample: 13.0, dynamic token length: 3418
[2025-09-24 19:57:47,804] [INFO] [logging.py:96:log_dist] [Rank 0] time (ms) | fwd_microstep: 804.34 | bwd_microstep: 1485.38 | bwd_inner_microstep: 1485.37 | bwd_allreduce_microstep: 0.00 | step_microstep: 0.04
dynamic ViT batch size: 13, images per sample: 13.0, dynamic token length: 3411
[2025-09-24 19:57:50,114] [INFO] [logging.py:96:log_dist] [Rank 0] time (ms) | fwd_microstep: 803.28 | bwd_microstep: 1480.71 | bwd_inner_microstep: 1480.70 | bwd_allreduce_microstep: 0.00 | step_microstep: 0.05
dynamic ViT batch size: 13, images per sample: 13.0, dynamic token length: 3403
[2025-09-24 19:57:52,433] [INFO] [logging.py:96:log_dist] [Rank 0] time (ms) | fwd_microstep: 803.81 | bwd_microstep: 1486.36 | bwd_inner_microstep: 1486.34 | bwd_allreduce_microstep: 0.00 | step_microstep: 0.06
dynamic ViT batch size: 7, images per sample: 7.0, dynamic token length: 1858
[2025-09-24 19:57:53,816] [INFO] [logging.py:96:log_dist] [Rank 0] time (ms) | optimizer_allgather: 13.85 | optimizer_gradients: 1.61 | optimizer_step: 1.72
[2025-09-24 19:57:53,816] [INFO] [logging.py:96:log_dist] [Rank 0] time (ms) | fwd_microstep: 454.51 | bwd_microstep: 868.67 | bwd_inner_microstep: 838.67 | bwd_allreduce_microstep: 29.94 | step_microstep: 35.62
[2025-09-24 19:57:53,820] [INFO] [logging.py:96:log_dist] [Rank 0] time (ms) | fwd: 19051.71 | bwd: 35171.18 | bwd_inner: 35139.78 | bwd_allreduce: 30.60 | step: 39.55
 87%|########6 | 13/15 [11:37<01:42, 51.17s/it]                                               {'loss': 0.6468, 'learning_rate': 9.903113209758098e-07, 'epoch': 0.83}
 87%|########6 | 13/15 [11:37<01:42, 51.17s/it]dynamic ViT batch size: 13, images per sample: 13.0, dynamic token length: 3412
[2025-09-24 19:57:56,156] [INFO] [logging.py:96:log_dist] [Rank 0] time (ms) | fwd_microstep: 809.02 | bwd_microstep: 1486.40 | bwd_inner_microstep: 1486.38 | bwd_allreduce_microstep: 0.00 | step_microstep: 0.16
dynamic ViT batch size: 7, images per sample: 7.0, dynamic token length: 1896
[2025-09-24 19:57:57,492] [INFO] [logging.py:96:log_dist] [Rank 0] time (ms) | fwd_microstep: 463.62 | bwd_microstep: 837.31 | bwd_inner_microstep: 837.29 | bwd_allreduce_microstep: 0.00 | step_microstep: 0.05
dynamic ViT batch size: 5, images per sample: 5.0, dynamic token length: 1380
[2025-09-24 19:57:58,471] [INFO] [logging.py:96:log_dist] [Rank 0] time (ms) | fwd_microstep: 333.14 | bwd_microstep: 611.02 | bwd_inner_microstep: 611.01 | bwd_allreduce_microstep: 0.00 | step_microstep: 0.11
dynamic ViT batch size: 3, images per sample: 3.0, dynamic token length: 906
[2025-09-24 19:57:59,221] [INFO] [logging.py:96:log_dist] [Rank 0] time (ms) | fwd_microstep: 270.24 | bwd_microstep: 458.85 | bwd_inner_microstep: 458.84 | bwd_allreduce_microstep: 0.00 | step_microstep: 0.05
dynamic ViT batch size: 11, images per sample: 11.0, dynamic token length: 2913
[2025-09-24 19:58:01,221] [INFO] [logging.py:96:log_dist] [Rank 0] time (ms) | fwd_microstep: 690.01 | bwd_microstep: 1270.91 | bwd_inner_microstep: 1270.90 | bwd_allreduce_microstep: 0.00 | step_microstep: 0.06
dynamic ViT batch size: 13, images per sample: 13.0, dynamic token length: 3424
[2025-09-24 19:58:03,546] [INFO] [logging.py:96:log_dist] [Rank 0] time (ms) | fwd_microstep: 810.94 | bwd_microstep: 1487.72 | bwd_inner_microstep: 1487.71 | bwd_allreduce_microstep: 0.00 | step_microstep: 0.06
dynamic ViT batch size: 5, images per sample: 5.0, dynamic token length: 1362
[2025-09-24 19:58:04,527] [INFO] [logging.py:96:log_dist] [Rank 0] time (ms) | fwd_microstep: 343.16 | bwd_microstep: 612.45 | bwd_inner_microstep: 612.43 | bwd_allreduce_microstep: 0.00 | step_microstep: 0.04
dynamic ViT batch size: 13, images per sample: 13.0, dynamic token length: 3421
[2025-09-24 19:58:06,857] [INFO] [logging.py:96:log_dist] [Rank 0] time (ms) | fwd_microstep: 809.33 | bwd_microstep: 1490.04 | bwd_inner_microstep: 1490.02 | bwd_allreduce_microstep: 0.00 | step_microstep: 0.06
dynamic ViT batch size: 1, images per sample: 1.0, dynamic token length: 328
[2025-09-24 19:58:07,276] [INFO] [logging.py:96:log_dist] [Rank 0] time (ms) | fwd_microstep: 150.85 | bwd_microstep: 240.45 | bwd_inner_microstep: 240.21 | bwd_allreduce_microstep: 0.10 | step_microstep: 0.18
dynamic ViT batch size: 13, images per sample: 13.0, dynamic token length: 3421
[2025-09-24 19:58:09,618] [INFO] [logging.py:96:log_dist] [Rank 0] time (ms) | fwd_microstep: 809.22 | bwd_microstep: 1492.06 | bwd_inner_microstep: 1492.04 | bwd_allreduce_microstep: 0.00 | step_microstep: 0.05
dynamic ViT batch size: 7, images per sample: 7.0, dynamic token length: 1887
[2025-09-24 19:58:10,950] [INFO] [logging.py:96:log_dist] [Rank 0] time (ms) | fwd_microstep: 454.85 | bwd_microstep: 845.32 | bwd_inner_microstep: 845.30 | bwd_allreduce_microstep: 0.00 | step_microstep: 0.05
dynamic ViT batch size: 7, images per sample: 7.0, dynamic token length: 1872
[2025-09-24 19:58:12,276] [INFO] [logging.py:96:log_dist] [Rank 0] time (ms) | fwd_microstep: 459.74 | bwd_microstep: 840.69 | bwd_inner_microstep: 840.67 | bwd_allreduce_microstep: 0.00 | step_microstep: 0.06
dynamic ViT batch size: 3, images per sample: 3.0, dynamic token length: 848
[2025-09-24 19:58:12,933] [INFO] [logging.py:96:log_dist] [Rank 0] time (ms) | fwd_microstep: 222.58 | bwd_microstep: 410.00 | bwd_inner_microstep: 409.99 | bwd_allreduce_microstep: 0.00 | step_microstep: 0.05
dynamic ViT batch size: 13, images per sample: 13.0, dynamic token length: 3401
[2025-09-24 19:58:15,274] [INFO] [logging.py:96:log_dist] [Rank 0] time (ms) | fwd_microstep: 807.94 | bwd_microstep: 1492.45 | bwd_inner_microstep: 1492.44 | bwd_allreduce_microstep: 0.00 | step_microstep: 0.07
dynamic ViT batch size: 13, images per sample: 13.0, dynamic token length: 3404
[2025-09-24 19:58:17,606] [INFO] [logging.py:96:log_dist] [Rank 0] time (ms) | fwd_microstep: 810.92 | bwd_microstep: 1489.78 | bwd_inner_microstep: 1489.76 | bwd_allreduce_microstep: 0.00 | step_microstep: 0.10
dynamic ViT batch size: 13, images per sample: 13.0, dynamic token length: 3401
[2025-09-24 19:58:19,941] [INFO] [logging.py:96:log_dist] [Rank 0] time (ms) | fwd_microstep: 811.19 | bwd_microstep: 1492.09 | bwd_inner_microstep: 1492.08 | bwd_allreduce_microstep: 0.00 | step_microstep: 0.06
dynamic ViT batch size: 13, images per sample: 13.0, dynamic token length: 3405
[2025-09-24 19:58:22,272] [INFO] [logging.py:96:log_dist] [Rank 0] time (ms) | fwd_microstep: 811.63 | bwd_microstep: 1493.26 | bwd_inner_microstep: 1493.25 | bwd_allreduce_microstep: 0.00 | step_microstep: 0.06
dynamic ViT batch size: 7, images per sample: 7.0, dynamic token length: 1865
[2025-09-24 19:58:23,599] [INFO] [logging.py:96:log_dist] [Rank 0] time (ms) | fwd_microstep: 462.27 | bwd_microstep: 840.37 | bwd_inner_microstep: 840.35 | bwd_allreduce_microstep: 0.00 | step_microstep: 0.05
dynamic ViT batch size: 1, images per sample: 1.0, dynamic token length: 355
[2025-09-24 19:58:24,003] [INFO] [logging.py:96:log_dist] [Rank 0] time (ms) | fwd_microstep: 126.51 | bwd_microstep: 249.66 | bwd_inner_microstep: 249.45 | bwd_allreduce_microstep: 0.09 | step_microstep: 0.16
dynamic ViT batch size: 7, images per sample: 7.0, dynamic token length: 1866
[2025-09-24 19:58:25,342] [INFO] [logging.py:96:log_dist] [Rank 0] time (ms) | fwd_microstep: 458.74 | bwd_microstep: 841.74 | bwd_inner_microstep: 841.73 | bwd_allreduce_microstep: 0.00 | step_microstep: 0.06
dynamic ViT batch size: 3, images per sample: 3.0, dynamic token length: 861
[2025-09-24 19:58:26,020] [INFO] [logging.py:96:log_dist] [Rank 0] time (ms) | fwd_microstep: 234.27 | bwd_microstep: 417.90 | bwd_inner_microstep: 417.72 | bwd_allreduce_microstep: 0.03 | step_microstep: 0.25
dynamic ViT batch size: 1, images per sample: 1.0, dynamic token length: 324
[2025-09-24 19:58:26,434] [INFO] [logging.py:96:log_dist] [Rank 0] time (ms) | fwd_microstep: 124.70 | bwd_microstep: 261.58 | bwd_inner_microstep: 261.40 | bwd_allreduce_microstep: 0.07 | step_microstep: 0.13
dynamic ViT batch size: 7, images per sample: 7.0, dynamic token length: 1867
[2025-09-24 19:58:27,760] [INFO] [logging.py:96:log_dist] [Rank 0] time (ms) | fwd_microstep: 456.13 | bwd_microstep: 844.38 | bwd_inner_microstep: 844.36 | bwd_allreduce_microstep: 0.00 | step_microstep: 0.05
dynamic ViT batch size: 13, images per sample: 13.0, dynamic token length: 3402
[2025-09-24 19:58:30,097] [INFO] [logging.py:96:log_dist] [Rank 0] time (ms) | fwd_microstep: 813.76 | bwd_microstep: 1495.07 | bwd_inner_microstep: 1495.06 | bwd_allreduce_microstep: 0.00 | step_microstep: 0.14
dynamic ViT batch size: 3, images per sample: 3.0, dynamic token length: 844
[2025-09-24 19:58:30,778] [INFO] [logging.py:96:log_dist] [Rank 0] time (ms) | fwd_microstep: 228.77 | bwd_microstep: 411.30 | bwd_inner_microstep: 411.17 | bwd_allreduce_microstep: 0.07 | step_microstep: 0.13
dynamic ViT batch size: 1, images per sample: 1.0, dynamic token length: 324
[2025-09-24 19:58:31,252] [INFO] [logging.py:96:log_dist] [Rank 0] time (ms) | fwd_microstep: 152.24 | bwd_microstep: 283.11 | bwd_inner_microstep: 282.76 | bwd_allreduce_microstep: 0.11 | step_microstep: 0.13
dynamic ViT batch size: 4, images per sample: 4.0, dynamic token length: 1352
[2025-09-24 19:58:32,219] [INFO] [logging.py:96:log_dist] [Rank 0] time (ms) | fwd_microstep: 328.83 | bwd_microstep: 612.51 | bwd_inner_microstep: 612.50 | bwd_allreduce_microstep: 0.00 | step_microstep: 0.07
dynamic ViT batch size: 10, images per sample: 10.0, dynamic token length: 2817
[2025-09-24 19:58:34,203] [INFO] [logging.py:96:log_dist] [Rank 0] time (ms) | fwd_microstep: 672.49 | bwd_microstep: 1259.32 | bwd_inner_microstep: 1259.30 | bwd_allreduce_microstep: 0.00 | step_microstep: 0.17
dynamic ViT batch size: 13, images per sample: 13.0, dynamic token length: 3464
[2025-09-24 19:58:36,611] [INFO] [logging.py:96:log_dist] [Rank 0] time (ms) | fwd_microstep: 827.93 | bwd_microstep: 1547.81 | bwd_inner_microstep: 1547.80 | bwd_allreduce_microstep: 0.00 | step_microstep: 0.11
dynamic ViT batch size: 7, images per sample: 7.0, dynamic token length: 1883
[2025-09-24 19:58:37,956] [INFO] [logging.py:96:log_dist] [Rank 0] time (ms) | fwd_microstep: 465.40 | bwd_microstep: 846.83 | bwd_inner_microstep: 846.82 | bwd_allreduce_microstep: 0.00 | step_microstep: 0.05
dynamic ViT batch size: 11, images per sample: 11.0, dynamic token length: 2906
[2025-09-24 19:58:39,953] [INFO] [logging.py:96:log_dist] [Rank 0] time (ms) | fwd_microstep: 694.94 | bwd_microstep: 1276.51 | bwd_inner_microstep: 1276.50 | bwd_allreduce_microstep: 0.00 | step_microstep: 0.06
dynamic ViT batch size: 13, images per sample: 13.0, dynamic token length: 3413
[2025-09-24 19:58:44,175] [INFO] [logging.py:96:log_dist] [Rank 0] time (ms) | optimizer_allgather: 13.52 | optimizer_gradients: 1.88 | optimizer_step: 1.73
[2025-09-24 19:58:44,176] [INFO] [logging.py:96:log_dist] [Rank 0] time (ms) | fwd_microstep: 811.75 | bwd_microstep: 3343.98 | bwd_inner_microstep: 1497.35 | bwd_allreduce_microstep: 1846.57 | step_microstep: 35.81
[2025-09-24 19:58:44,183] [INFO] [logging.py:96:log_dist] [Rank 0] time (ms) | fwd: 16726.22 | bwd: 32583.03 | bwd_inner: 30734.77 | bwd_allreduce: 1847.22 | step: 39.38
 93%|#########3| 14/15 [12:28<00:50, 50.93s/it]                                               {'loss': 0.4167, 'learning_rate': 2.507208781817638e-07, 'epoch': 0.9}
 93%|#########3| 14/15 [12:28<00:50, 50.93s/it]dynamic ViT batch size: 3, images per sample: 3.0, dynamic token length: 918
[2025-09-24 19:58:44,925] [INFO] [logging.py:96:log_dist] [Rank 0] time (ms) | fwd_microstep: 246.82 | bwd_microstep: 450.22 | bwd_inner_microstep: 449.93 | bwd_allreduce_microstep: 0.12 | step_microstep: 0.18
dynamic ViT batch size: 13, images per sample: 13.0, dynamic token length: 3429
[2025-09-24 19:58:47,242] [INFO] [logging.py:96:log_dist] [Rank 0] time (ms) | fwd_microstep: 796.73 | bwd_microstep: 1473.05 | bwd_inner_microstep: 1473.04 | bwd_allreduce_microstep: 0.00 | step_microstep: 0.05
dynamic ViT batch size: 7, images per sample: 7.0, dynamic token length: 1877
[2025-09-24 19:58:48,565] [INFO] [logging.py:96:log_dist] [Rank 0] time (ms) | fwd_microstep: 456.55 | bwd_microstep: 836.85 | bwd_inner_microstep: 836.84 | bwd_allreduce_microstep: 0.00 | step_microstep: 0.04
dynamic ViT batch size: 13, images per sample: 13.0, dynamic token length: 3420
[2025-09-24 19:58:50,873] [INFO] [logging.py:96:log_dist] [Rank 0] time (ms) | fwd_microstep: 803.48 | bwd_microstep: 1477.81 | bwd_inner_microstep: 1477.79 | bwd_allreduce_microstep: 0.00 | step_microstep: 0.10
dynamic ViT batch size: 3, images per sample: 3.0, dynamic token length: 889
[2025-09-24 19:58:51,554] [INFO] [logging.py:96:log_dist] [Rank 0] time (ms) | fwd_microstep: 235.55 | bwd_microstep: 422.16 | bwd_inner_microstep: 422.15 | bwd_allreduce_microstep: 0.00 | step_microstep: 0.05
dynamic ViT batch size: 13, images per sample: 13.0, dynamic token length: 3415
[2025-09-24 19:58:53,866] [INFO] [logging.py:96:log_dist] [Rank 0] time (ms) | fwd_microstep: 804.80 | bwd_microstep: 1481.40 | bwd_inner_microstep: 1481.39 | bwd_allreduce_microstep: 0.00 | step_microstep: 0.09
dynamic ViT batch size: 13, images per sample: 13.0, dynamic token length: 3422
[2025-09-24 19:58:56,200] [INFO] [logging.py:96:log_dist] [Rank 0] time (ms) | fwd_microstep: 807.29 | bwd_microstep: 1484.80 | bwd_inner_microstep: 1484.79 | bwd_allreduce_microstep: 0.00 | step_microstep: 0.18
dynamic ViT batch size: 7, images per sample: 7.0, dynamic token length: 1893
[2025-09-24 19:58:57,549] [INFO] [logging.py:96:log_dist] [Rank 0] time (ms) | fwd_microstep: 463.41 | bwd_microstep: 845.00 | bwd_inner_microstep: 844.99 | bwd_allreduce_microstep: 0.00 | step_microstep: 0.05
dynamic ViT batch size: 1, images per sample: 1.0, dynamic token length: 327
[2025-09-24 19:58:57,956] [INFO] [logging.py:96:log_dist] [Rank 0] time (ms) | fwd_microstep: 128.86 | bwd_microstep: 253.06 | bwd_inner_microstep: 252.58 | bwd_allreduce_microstep: 0.21 | step_microstep: 0.11
dynamic ViT batch size: 7, images per sample: 7.0, dynamic token length: 1910
[2025-09-24 19:58:59,279] [INFO] [logging.py:96:log_dist] [Rank 0] time (ms) | fwd_microstep: 458.92 | bwd_microstep: 839.77 | bwd_inner_microstep: 839.76 | bwd_allreduce_microstep: 0.00 | step_microstep: 0.05
dynamic ViT batch size: 3, images per sample: 3.0, dynamic token length: 848
[2025-09-24 19:58:59,946] [INFO] [logging.py:96:log_dist] [Rank 0] time (ms) | fwd_microstep: 226.25 | bwd_microstep: 416.81 | bwd_inner_microstep: 416.80 | bwd_allreduce_microstep: 0.00 | step_microstep: 0.18
dynamic ViT batch size: 1, images per sample: 1.0, dynamic token length: 328
[2025-09-24 19:59:00,374] [INFO] [logging.py:96:log_dist] [Rank 0] time (ms) | fwd_microstep: 134.93 | bwd_microstep: 252.99 | bwd_inner_microstep: 252.49 | bwd_allreduce_microstep: 0.20 | step_microstep: 0.28
dynamic ViT batch size: 1, images per sample: 1.0, dynamic token length: 327
[2025-09-24 19:59:00,783] [INFO] [logging.py:96:log_dist] [Rank 0] time (ms) | fwd_microstep: 122.07 | bwd_microstep: 262.06 | bwd_inner_microstep: 261.89 | bwd_allreduce_microstep: 0.07 | step_microstep: 0.12
dynamic ViT batch size: 7, images per sample: 7.0, dynamic token length: 1874
[2025-09-24 19:59:02,105] [INFO] [logging.py:96:log_dist] [Rank 0] time (ms) | fwd_microstep: 459.10 | bwd_microstep: 839.22 | bwd_inner_microstep: 839.21 | bwd_allreduce_microstep: 0.00 | step_microstep: 0.05
dynamic ViT batch size: 5, images per sample: 5.0, dynamic token length: 1352
[2025-09-24 19:59:03,078] [INFO] [logging.py:96:log_dist] [Rank 0] time (ms) | fwd_microstep: 332.60 | bwd_microstep: 611.52 | bwd_inner_microstep: 611.51 | bwd_allreduce_microstep: 0.00 | step_microstep: 0.17
dynamic ViT batch size: 1, images per sample: 1.0, dynamic token length: 332
[2025-09-24 19:59:03,486] [INFO] [logging.py:96:log_dist] [Rank 0] time (ms) | fwd_microstep: 132.82 | bwd_microstep: 250.56 | bwd_inner_microstep: 250.07 | bwd_allreduce_microstep: 0.17 | step_microstep: 0.15
dynamic ViT batch size: 13, images per sample: 13.0, dynamic token length: 3399
[2025-09-24 19:59:05,795] [INFO] [logging.py:96:log_dist] [Rank 0] time (ms) | fwd_microstep: 802.78 | bwd_microstep: 1480.32 | bwd_inner_microstep: 1480.31 | bwd_allreduce_microstep: 0.00 | step_microstep: 0.05
dynamic ViT batch size: 13, images per sample: 13.0, dynamic token length: 3415
[2025-09-24 19:59:08,119] [INFO] [logging.py:96:log_dist] [Rank 0] time (ms) | fwd_microstep: 807.89 | bwd_microstep: 1485.72 | bwd_inner_microstep: 1485.71 | bwd_allreduce_microstep: 0.00 | step_microstep: 0.07
dynamic ViT batch size: 7, images per sample: 7.0, dynamic token length: 1865
[2025-09-24 19:59:09,449] [INFO] [logging.py:96:log_dist] [Rank 0] time (ms) | fwd_microstep: 458.66 | bwd_microstep: 841.23 | bwd_inner_microstep: 841.21 | bwd_allreduce_microstep: 0.00 | step_microstep: 0.06
dynamic ViT batch size: 13, images per sample: 13.0, dynamic token length: 3400
[2025-09-24 19:59:11,779] [INFO] [logging.py:96:log_dist] [Rank 0] time (ms) | fwd_microstep: 808.24 | bwd_microstep: 1488.30 | bwd_inner_microstep: 1488.29 | bwd_allreduce_microstep: 0.00 | step_microstep: 0.08
dynamic ViT batch size: 1, images per sample: 1.0, dynamic token length: 323
[2025-09-24 19:59:12,151] [INFO] [logging.py:96:log_dist] [Rank 0] time (ms) | fwd_microstep: 126.78 | bwd_microstep: 221.70 | bwd_inner_microstep: 221.47 | bwd_allreduce_microstep: 0.06 | step_microstep: 0.13
dynamic ViT batch size: 11, images per sample: 11.0, dynamic token length: 2881
[2025-09-24 19:59:14,131] [INFO] [logging.py:96:log_dist] [Rank 0] time (ms) | fwd_microstep: 689.91 | bwd_microstep: 1265.68 | bwd_inner_microstep: 1265.67 | bwd_allreduce_microstep: 0.00 | step_microstep: 0.04
dynamic ViT batch size: 1, images per sample: 1.0, dynamic token length: 318
[2025-09-24 19:59:14,514] [INFO] [logging.py:96:log_dist] [Rank 0] time (ms) | fwd_microstep: 118.17 | bwd_microstep: 243.16 | bwd_inner_microstep: 243.12 | bwd_allreduce_microstep: 0.00 | step_microstep: 0.10
dynamic ViT batch size: 1, images per sample: 1.0, dynamic token length: 484
[2025-09-24 19:59:14,960] [INFO] [logging.py:96:log_dist] [Rank 0] time (ms) | fwd_microstep: 152.39 | bwd_microstep: 271.31 | bwd_inner_microstep: 270.98 | bwd_allreduce_microstep: 0.12 | step_microstep: 0.12
dynamic ViT batch size: 1, images per sample: 1.0, dynamic token length: 427
[2025-09-24 19:59:15,470] [INFO] [logging.py:96:log_dist] [Rank 0] time (ms) | fwd_microstep: 149.30 | bwd_microstep: 336.25 | bwd_inner_microstep: 335.44 | bwd_allreduce_microstep: 0.38 | step_microstep: 0.27
dynamic ViT batch size: 7, images per sample: 7.0, dynamic token length: 1926
[2025-09-24 19:59:16,854] [INFO] [logging.py:96:log_dist] [Rank 0] time (ms) | fwd_microstep: 475.61 | bwd_microstep: 874.11 | bwd_inner_microstep: 874.10 | bwd_allreduce_microstep: 0.00 | step_microstep: 0.04
dynamic ViT batch size: 1, images per sample: 1.0, dynamic token length: 368
[2025-09-24 19:59:17,228] [INFO] [logging.py:96:log_dist] [Rank 0] time (ms) | fwd_microstep: 123.23 | bwd_microstep: 229.19 | bwd_inner_microstep: 228.88 | bwd_allreduce_microstep: 0.08 | step_microstep: 0.11
dynamic ViT batch size: 10, images per sample: 10.0, dynamic token length: 2663
[2025-09-24 19:59:19,055] [INFO] [logging.py:96:log_dist] [Rank 0] time (ms) | fwd_microstep: 629.90 | bwd_microstep: 1169.29 | bwd_inner_microstep: 1168.07 | bwd_allreduce_microstep: 0.30 | step_microstep: 1.47
dynamic ViT batch size: 7, images per sample: 7.0, dynamic token length: 1889
[2025-09-24 19:59:20,411] [INFO] [logging.py:96:log_dist] [Rank 0] time (ms) | fwd_microstep: 457.65 | bwd_microstep: 841.78 | bwd_inner_microstep: 841.77 | bwd_allreduce_microstep: 0.00 | step_microstep: 0.06
dynamic ViT batch size: 7, images per sample: 7.0, dynamic token length: 1880
[2025-09-24 19:59:21,738] [INFO] [logging.py:96:log_dist] [Rank 0] time (ms) | fwd_microstep: 458.58 | bwd_microstep: 842.28 | bwd_inner_microstep: 842.27 | bwd_allreduce_microstep: 0.00 | step_microstep: 0.05
dynamic ViT batch size: 7, images per sample: 7.0, dynamic token length: 1874
[2025-09-24 19:59:23,060] [INFO] [logging.py:96:log_dist] [Rank 0] time (ms) | fwd_microstep: 457.30 | bwd_microstep: 839.10 | bwd_inner_microstep: 839.09 | bwd_allreduce_microstep: 0.00 | step_microstep: 0.05
dynamic ViT batch size: 13, images per sample: 13.0, dynamic token length: 3404
[2025-09-24 19:59:25,449] [INFO] [logging.py:96:log_dist] [Rank 0] time (ms) | optimizer_allgather: 13.70 | optimizer_gradients: 1.66 | optimizer_step: 1.72
[2025-09-24 19:59:25,450] [INFO] [logging.py:96:log_dist] [Rank 0] time (ms) | fwd_microstep: 812.20 | bwd_microstep: 1515.13 | bwd_inner_microstep: 1487.20 | bwd_allreduce_microstep: 27.87 | step_microstep: 36.22
[2025-09-24 19:59:25,453] [INFO] [logging.py:96:log_dist] [Rank 0] time (ms) | fwd: 14137.89 | bwd: 26142.27 | bwd_inner: 26109.52 | bwd_allreduce: 29.81 | step: 41.32
100%|##########| 15/15 [13:09<00:00, 48.02s/it]Warning: The default cache directory for DeepSpeed Triton autotune, /home/ashmal/.triton/autotune, appears to be on an NFS system. While this is generally acceptable, if you experience slowdowns or hanging when DeepSpeed exits, it is recommended to set the TRITON_CACHE_DIR environment variable to a non-NFS path.
[93m [WARNING] [0m async_io requires the dev libaio .so object and headers but these were not found.
[93m [WARNING] [0m async_io: please install the libaio-dev package with apt
[93m [WARNING] [0m If libaio is already installed (perhaps from source), try setting the CFLAGS and LDFLAGS environment variables to where it can be found.
[93m [WARNING] [0m Please specify the CUTLASS repo directory as environment variable $CUTLASS_PATH
[93m [WARNING] [0m sparse_attn requires a torch version >= 1.5 and < 2.0 but detected 2.8
[93m [WARNING] [0m using untested triton version (3.4.0), only 1.0.0 is known to be compatible
petrel_client is not installed. If you read data locally instead of from ceph, ignore it.
petrel_client is not installed. Using PIL to load images.
Warning: The default cache directory for DeepSpeed Triton autotune, /home/ashmal/.triton/autotune, appears to be on an NFS system. While this is generally acceptable, if you experience slowdowns or hanging when DeepSpeed exits, it is recommended to set the TRITON_CACHE_DIR environment variable to a non-NFS path.
[93m [WARNING] [0m async_io requires the dev libaio .so object and headers but these were not found.
[93m [WARNING] [0m async_io: please install the libaio-dev package with apt
[93m [WARNING] [0m If libaio is already installed (perhaps from source), try setting the CFLAGS and LDFLAGS environment variables to where it can be found.
[93m [WARNING] [0m Please specify the CUTLASS repo directory as environment variable $CUTLASS_PATH
[93m [WARNING] [0m sparse_attn requires a torch version >= 1.5 and < 2.0 but detected 2.8
[93m [WARNING] [0m using untested triton version (3.4.0), only 1.0.0 is known to be compatible
petrel_client is not installed. If you read data locally instead of from ceph, ignore it.
petrel_client is not installed. Using PIL to load images.
Warning: The default cache directory for DeepSpeed Triton autotune, /home/ashmal/.triton/autotune, appears to be on an NFS system. While this is generally acceptable, if you experience slowdowns or hanging when DeepSpeed exits, it is recommended to set the TRITON_CACHE_DIR environment variable to a non-NFS path.
[93m [WARNING] [0m async_io requires the dev libaio .so object and headers but these were not found.
[93m [WARNING] [0m async_io: please install the libaio-dev package with apt
[93m [WARNING] [0m If libaio is already installed (perhaps from source), try setting the CFLAGS and LDFLAGS environment variables to where it can be found.
[93m [WARNING] [0m Please specify the CUTLASS repo directory as environment variable $CUTLASS_PATH
[93m [WARNING] [0m sparse_attn requires a torch version >= 1.5 and < 2.0 but detected 2.8
[93m [WARNING] [0m using untested triton version (3.4.0), only 1.0.0 is known to be compatible
petrel_client is not installed. If you read data locally instead of from ceph, ignore it.
petrel_client is not installed. Using PIL to load images.
Warning: The default cache directory for DeepSpeed Triton autotune, /home/ashmal/.triton/autotune, appears to be on an NFS system. While this is generally acceptable, if you experience slowdowns or hanging when DeepSpeed exits, it is recommended to set the TRITON_CACHE_DIR environment variable to a non-NFS path.
[93m [WARNING] [0m async_io requires the dev libaio .so object and headers but these were not found.
[93m [WARNING] [0m async_io: please install the libaio-dev package with apt
[93m [WARNING] [0m If libaio is already installed (perhaps from source), try setting the CFLAGS and LDFLAGS environment variables to where it can be found.
[93m [WARNING] [0m Please specify the CUTLASS repo directory as environment variable $CUTLASS_PATH
[93m [WARNING] [0m sparse_attn requires a torch version >= 1.5 and < 2.0 but detected 2.8
[93m [WARNING] [0m using untested triton version (3.4.0), only 1.0.0 is known to be compatible
petrel_client is not installed. If you read data locally instead of from ceph, ignore it.
petrel_client is not installed. Using PIL to load images.
                                               {'loss': 0.4484, 'learning_rate': 0.0, 'epoch': 0.96}
100%|##########| 15/15 [13:09<00:00, 48.02s/it]Warning: The default cache directory for DeepSpeed Triton autotune, /home/ashmal/.triton/autotune, appears to be on an NFS system. While this is generally acceptable, if you experience slowdowns or hanging when DeepSpeed exits, it is recommended to set the TRITON_CACHE_DIR environment variable to a non-NFS path.
[93m [WARNING] [0m async_io requires the dev libaio .so object and headers but these were not found.
[93m [WARNING] [0m async_io: please install the libaio-dev package with apt
[93m [WARNING] [0m If libaio is already installed (perhaps from source), try setting the CFLAGS and LDFLAGS environment variables to where it can be found.
[93m [WARNING] [0m Please specify the CUTLASS repo directory as environment variable $CUTLASS_PATH
[93m [WARNING] [0m sparse_attn requires a torch version >= 1.5 and < 2.0 but detected 2.8
[93m [WARNING] [0m using untested triton version (3.4.0), only 1.0.0 is known to be compatible
petrel_client is not installed. If you read data locally instead of from ceph, ignore it.
petrel_client is not installed. Using PIL to load images.
Warning: The default cache directory for DeepSpeed Triton autotune, /home/ashmal/.triton/autotune, appears to be on an NFS system. While this is generally acceptable, if you experience slowdowns or hanging when DeepSpeed exits, it is recommended to set the TRITON_CACHE_DIR environment variable to a non-NFS path.
[93m [WARNING] [0m async_io requires the dev libaio .so object and headers but these were not found.
[93m [WARNING] [0m async_io: please install the libaio-dev package with apt
[93m [WARNING] [0m If libaio is already installed (perhaps from source), try setting the CFLAGS and LDFLAGS environment variables to where it can be found.
[93m [WARNING] [0m Please specify the CUTLASS repo directory as environment variable $CUTLASS_PATH
[93m [WARNING] [0m sparse_attn requires a torch version >= 1.5 and < 2.0 but detected 2.8
[93m [WARNING] [0m using untested triton version (3.4.0), only 1.0.0 is known to be compatible
petrel_client is not installed. If you read data locally instead of from ceph, ignore it.
petrel_client is not installed. Using PIL to load images.
Warning: The default cache directory for DeepSpeed Triton autotune, /home/ashmal/.triton/autotune, appears to be on an NFS system. While this is generally acceptable, if you experience slowdowns or hanging when DeepSpeed exits, it is recommended to set the TRITON_CACHE_DIR environment variable to a non-NFS path.
[93m [WARNING] [0m async_io requires the dev libaio .so object and headers but these were not found.
[93m [WARNING] [0m async_io: please install the libaio-dev package with apt
[93m [WARNING] [0m If libaio is already installed (perhaps from source), try setting the CFLAGS and LDFLAGS environment variables to where it can be found.
[93m [WARNING] [0m Please specify the CUTLASS repo directory as environment variable $CUTLASS_PATH
[93m [WARNING] [0m sparse_attn requires a torch version >= 1.5 and < 2.0 but detected 2.8
[93m [WARNING] [0m using untested triton version (3.4.0), only 1.0.0 is known to be compatible
petrel_client is not installed. If you read data locally instead of from ceph, ignore it.
petrel_client is not installed. Using PIL to load images.
Warning: The default cache directory for DeepSpeed Triton autotune, /home/ashmal/.triton/autotune, appears to be on an NFS system. While this is generally acceptable, if you experience slowdowns or hanging when DeepSpeed exits, it is recommended to set the TRITON_CACHE_DIR environment variable to a non-NFS path.
[93m [WARNING] [0m async_io requires the dev libaio .so object and headers but these were not found.
[93m [WARNING] [0m async_io: please install the libaio-dev package with apt
[93m [WARNING] [0m If libaio is already installed (perhaps from source), try setting the CFLAGS and LDFLAGS environment variables to where it can be found.
[93m [WARNING] [0m Please specify the CUTLASS repo directory as environment variable $CUTLASS_PATH
[93m [WARNING] [0m sparse_attn requires a torch version >= 1.5 and < 2.0 but detected 2.8
[93m [WARNING] [0m using untested triton version (3.4.0), only 1.0.0 is known to be compatible
petrel_client is not installed. If you read data locally instead of from ceph, ignore it.
petrel_client is not installed. Using PIL to load images.
[INFO|trainer.py:1962] 2025-09-24 19:59:28,906 >> 

Training completed. Do not forget to share your model on huggingface.co/models =)


                                               {'train_runtime': 792.8776, 'train_samples_per_second': 1.261, 'train_steps_per_second': 0.019, 'train_loss': 0.5606391191482544, 'epoch': 0.96}
100%|##########| 15/15 [13:12<00:00, 48.02s/it]100%|##########| 15/15 [13:12<00:00, 52.86s/it]
[INFO|trainer.py:2936] 2025-09-24 19:59:46,518 >> Saving model checkpoint to work_dirs/internvl_chat_v3/internvl3_8b_dynamic_res_2nd_finetune_full
[INFO|configuration_utils.py:473] 2025-09-24 19:59:46,522 >> Configuration saved in work_dirs/internvl_chat_v3/internvl3_8b_dynamic_res_2nd_finetune_full/config.json
[INFO|configuration_utils.py:594] 2025-09-24 19:59:46,524 >> Configuration saved in work_dirs/internvl_chat_v3/internvl3_8b_dynamic_res_2nd_finetune_full/generation_config.json
[INFO|modeling_utils.py:2501] 2025-09-24 20:00:41,478 >> The model is bigger than the maximum size per checkpoint (5GB) and is going to be split in 4 checkpoint shards. You can find where each parameters has been saved in the index located at work_dirs/internvl_chat_v3/internvl3_8b_dynamic_res_2nd_finetune_full/model.safetensors.index.json.
[INFO|tokenization_utils_base.py:2433] 2025-09-24 20:00:41,483 >> tokenizer config file saved in work_dirs/internvl_chat_v3/internvl3_8b_dynamic_res_2nd_finetune_full/tokenizer_config.json
[INFO|tokenization_utils_base.py:2442] 2025-09-24 20:00:41,486 >> Special tokens file saved in work_dirs/internvl_chat_v3/internvl3_8b_dynamic_res_2nd_finetune_full/special_tokens_map.json
[INFO|tokenization_utils_base.py:2493] 2025-09-24 20:00:41,487 >> added tokens file saved in work_dirs/internvl_chat_v3/internvl3_8b_dynamic_res_2nd_finetune_full/added_tokens.json
***** train metrics *****
  epoch                    =       0.96
  train_loss               =     0.5606
  train_runtime            = 0:13:12.87
  train_samples            =       1000
  train_samples_per_second =      1.261
  train_steps_per_second   =      0.019
[rank0]:[W924 20:00:45.079355916 ProcessGroupNCCL.cpp:1538] Warning: WARNING: destroy_process_group() was not called before program exit, which can leak resources. For more info, please see https://pytorch.org/docs/stable/distributed.html#shutdown (function operator())
