CUDA_VISIBLE_DEVICES=0,1
Wed Sep 24 19:42:56 2025       
+-----------------------------------------------------------------------------------------+
| NVIDIA-SMI 575.57.08              Driver Version: 575.57.08      CUDA Version: 12.9     |
|-----------------------------------------+------------------------+----------------------+
| GPU  Name                 Persistence-M | Bus-Id          Disp.A | Volatile Uncorr. ECC |
| Fan  Temp   Perf          Pwr:Usage/Cap |           Memory-Usage | GPU-Util  Compute M. |
|                                         |                        |               MIG M. |
|=========================================+========================+======================|
|   0  NVIDIA RTX A6000               Off |   00000000:5E:00.0 Off |                  Off |
| 30%   33C    P8             20W /  300W |       1MiB /  49140MiB |      0%      Default |
|                                         |                        |                  N/A |
+-----------------------------------------+------------------------+----------------------+
|   1  NVIDIA RTX A6000               Off |   00000000:86:00.0 Off |                  Off |
| 30%   32C    P8             17W /  300W |       1MiB /  49140MiB |      0%      Default |
|                                         |                        |                  N/A |
+-----------------------------------------+------------------------+----------------------+
                                                                                         
+-----------------------------------------------------------------------------------------+
| Processes:                                                                              |
|  GPU   GI   CI              PID   Type   Process name                        GPU Memory |
|        ID   ID                                                               Usage      |
|=========================================================================================|
|  No running processes found                                                             |
+-----------------------------------------------------------------------------------------+
W0924 19:43:04.881688 570930 site-packages/torch/distributed/run.py:774] 
W0924 19:43:04.881688 570930 site-packages/torch/distributed/run.py:774] *****************************************
W0924 19:43:04.881688 570930 site-packages/torch/distributed/run.py:774] Setting OMP_NUM_THREADS environment variable for each process to be 1 in default, to avoid your system being overloaded, please further tune the variable for optimal performance in your application as needed. 
W0924 19:43:04.881688 570930 site-packages/torch/distributed/run.py:774] *****************************************
[2025-09-24 19:43:10,874] [INFO] [real_accelerator.py:203:get_accelerator] Setting ds_accelerator to cuda (auto detect)
[2025-09-24 19:43:10,908] [INFO] [real_accelerator.py:203:get_accelerator] Setting ds_accelerator to cuda (auto detect)
Warning: The default cache directory for DeepSpeed Triton autotune, /home/ashmal/.triton/autotune, appears to be on an NFS system. While this is generally acceptable, if you experience slowdowns or hanging when DeepSpeed exits, it is recommended to set the TRITON_CACHE_DIR environment variable to a non-NFS path.
Warning: The default cache directory for DeepSpeed Triton autotune, /home/ashmal/.triton/autotune, appears to be on an NFS system. While this is generally acceptable, if you experience slowdowns or hanging when DeepSpeed exits, it is recommended to set the TRITON_CACHE_DIR environment variable to a non-NFS path.
[93m [WARNING] [0m async_io requires the dev libaio .so object and headers but these were not found.
[93m [WARNING] [0m async_io requires the dev libaio .so object and headers but these were not found.
[93m [WARNING] [0m async_io: please install the libaio-dev package with apt
[93m [WARNING] [0m If libaio is already installed (perhaps from source), try setting the CFLAGS and LDFLAGS environment variables to where it can be found.
[93m [WARNING] [0m Please specify the CUTLASS repo directory as environment variable $CUTLASS_PATH
[93m [WARNING] [0m async_io: please install the libaio-dev package with apt
[93m [WARNING] [0m If libaio is already installed (perhaps from source), try setting the CFLAGS and LDFLAGS environment variables to where it can be found.
[93m [WARNING] [0m Please specify the CUTLASS repo directory as environment variable $CUTLASS_PATH
[93m [WARNING] [0m sparse_attn requires a torch version >= 1.5 and < 2.0 but detected 2.8
[93m [WARNING] [0m sparse_attn requires a torch version >= 1.5 and < 2.0 but detected 2.8
[93m [WARNING] [0m using untested triton version (3.4.0), only 1.0.0 is known to be compatible
[93m [WARNING] [0m using untested triton version (3.4.0), only 1.0.0 is known to be compatible
/home/ashmal/anaconda3/envs/cvs_ass5_internvl/lib/python3.9/site-packages/deepspeed/runtime/zero/linear.py:49: FutureWarning: `torch.cuda.amp.custom_fwd(args...)` is deprecated. Please use `torch.amp.custom_fwd(args..., device_type='cuda')` instead.
  def forward(ctx, input, weight, bias=None):
/home/ashmal/anaconda3/envs/cvs_ass5_internvl/lib/python3.9/site-packages/deepspeed/runtime/zero/linear.py:67: FutureWarning: `torch.cuda.amp.custom_bwd(args...)` is deprecated. Please use `torch.amp.custom_bwd(args..., device_type='cuda')` instead.
  def backward(ctx, grad_output):
/home/ashmal/anaconda3/envs/cvs_ass5_internvl/lib/python3.9/site-packages/deepspeed/runtime/zero/linear.py:49: FutureWarning: `torch.cuda.amp.custom_fwd(args...)` is deprecated. Please use `torch.amp.custom_fwd(args..., device_type='cuda')` instead.
  def forward(ctx, input, weight, bias=None):
/home/ashmal/anaconda3/envs/cvs_ass5_internvl/lib/python3.9/site-packages/deepspeed/runtime/zero/linear.py:67: FutureWarning: `torch.cuda.amp.custom_bwd(args...)` is deprecated. Please use `torch.amp.custom_bwd(args..., device_type='cuda')` instead.
  def backward(ctx, grad_output):
petrel_client is not installed. If you read data locally instead of from ceph, ignore it.
petrel_client is not installed. If you read data locally instead of from ceph, ignore it.
petrel_client is not installed. Using PIL to load images.
petrel_client is not installed. Using PIL to load images.
[2025-09-24 19:43:29,639] [INFO] [comm.py:637:init_distributed] cdb=None
[2025-09-24 19:43:29,650] [INFO] [comm.py:637:init_distributed] cdb=None
[2025-09-24 19:43:29,650] [INFO] [comm.py:668:init_distributed] Initializing TorchBackend in DeepSpeed with backend nccl
09/24/2025 19:43:29 - WARNING - __main__ - Process rank: 1, device: cuda:1, n_gpu: 1distributed training: True, 16-bits training: False
09/24/2025 19:43:29 - WARNING - __main__ - Process rank: 0, device: cuda:0, n_gpu: 1distributed training: True, 16-bits training: False
09/24/2025 19:43:29 - INFO - __main__ - Training/evaluation parameters TrainingArguments(
_n_gpu=1,
adafactor=False,
adam_beta1=0.9,
adam_beta2=0.999,
adam_epsilon=1e-08,
auto_find_batch_size=False,
bf16=True,
bf16_full_eval=False,
data_seed=None,
dataloader_drop_last=False,
dataloader_num_workers=4,
dataloader_persistent_workers=False,
dataloader_pin_memory=True,
ddp_backend=None,
ddp_broadcast_buffers=None,
ddp_bucket_cap_mb=None,
ddp_find_unused_parameters=None,
ddp_timeout=1800,
debug=[],
deepspeed=zero_stage1_config.json,
disable_tqdm=False,
dispatch_batches=None,
do_eval=False,
do_predict=False,
do_train=True,
eval_accumulation_steps=None,
eval_delay=0,
eval_steps=None,
evaluation_strategy=no,
fp16=False,
fp16_backend=auto,
fp16_full_eval=False,
fp16_opt_level=O1,
fsdp=[],
fsdp_config={'min_num_params': 0, 'xla': False, 'xla_fsdp_grad_ckpt': False},
fsdp_min_num_params=0,
fsdp_transformer_layer_cls_to_wrap=None,
full_determinism=False,
gradient_accumulation_steps=32,
gradient_checkpointing=False,
gradient_checkpointing_kwargs=None,
greater_is_better=None,
group_by_length=True,
half_precision_backend=auto,
hub_always_push=False,
hub_model_id=None,
hub_private_repo=False,
hub_strategy=every_save,
hub_token=<HUB_TOKEN>,
ignore_data_skip=False,
include_inputs_for_metrics=False,
include_num_input_tokens_seen=False,
include_tokens_per_second=False,
jit_mode_eval=False,
label_names=None,
label_smoothing_factor=0.0,
learning_rate=2e-05,
length_column_name=length,
load_best_model_at_end=False,
local_rank=0,
log_level=passive,
log_level_replica=warning,
log_on_each_node=True,
logging_dir=work_dirs/internvl_chat_v3/internvl3_8b_dynamic_res_2nd_finetune_full/runs/Sep24_19-43-29_c1-8,
logging_first_step=False,
logging_nan_inf_filter=True,
logging_steps=1.0,
logging_strategy=steps,
lr_scheduler_kwargs={},
lr_scheduler_type=cosine,
max_grad_norm=1.0,
max_steps=-1,
metric_for_best_model=None,
mp_parameters=,
neftune_noise_alpha=None,
no_cuda=False,
num_train_epochs=1.0,
optim=adamw_torch,
optim_args=None,
output_dir=work_dirs/internvl_chat_v3/internvl3_8b_dynamic_res_2nd_finetune_full,
overwrite_output_dir=True,
past_index=-1,
per_device_eval_batch_size=8,
per_device_train_batch_size=1,
prediction_loss_only=False,
push_to_hub=False,
push_to_hub_model_id=None,
push_to_hub_organization=None,
push_to_hub_token=<PUSH_TO_HUB_TOKEN>,
ray_scope=last,
remove_unused_columns=True,
report_to=['tensorboard'],
resume_from_checkpoint=None,
run_name=work_dirs/internvl_chat_v3/internvl3_8b_dynamic_res_2nd_finetune_full,
save_on_each_node=False,
save_only_model=False,
save_safetensors=True,
save_steps=200,
save_strategy=steps,
save_total_limit=1,
seed=42,
skip_memory_metrics=True,
split_batches=False,
tf32=None,
torch_compile=False,
torch_compile_backend=None,
torch_compile_mode=None,
torchdynamo=None,
tpu_metrics_debug=False,
tpu_num_cores=None,
use_cpu=False,
use_ipex=False,
use_legacy_prediction_loop=False,
use_mps_device=False,
warmup_ratio=0.03,
warmup_steps=0,
weight_decay=0.05,
)
09/24/2025 19:43:29 - INFO - __main__ - Loading Tokenizer: OpenGVLab/InternVL3-8B
[INFO|tokenization_utils_base.py:2027] 2025-09-24 19:43:30,976 >> loading file vocab.json from cache at /home/ashmal/.cache/huggingface/hub/models--OpenGVLab--InternVL3-8B/snapshots/853e3a797a661694b1b8ece0cb72dc2b23e3dac9/vocab.json
[INFO|tokenization_utils_base.py:2027] 2025-09-24 19:43:30,977 >> loading file merges.txt from cache at /home/ashmal/.cache/huggingface/hub/models--OpenGVLab--InternVL3-8B/snapshots/853e3a797a661694b1b8ece0cb72dc2b23e3dac9/merges.txt
[INFO|tokenization_utils_base.py:2027] 2025-09-24 19:43:30,977 >> loading file added_tokens.json from cache at /home/ashmal/.cache/huggingface/hub/models--OpenGVLab--InternVL3-8B/snapshots/853e3a797a661694b1b8ece0cb72dc2b23e3dac9/added_tokens.json
[INFO|tokenization_utils_base.py:2027] 2025-09-24 19:43:30,977 >> loading file special_tokens_map.json from cache at /home/ashmal/.cache/huggingface/hub/models--OpenGVLab--InternVL3-8B/snapshots/853e3a797a661694b1b8ece0cb72dc2b23e3dac9/special_tokens_map.json
[INFO|tokenization_utils_base.py:2027] 2025-09-24 19:43:30,977 >> loading file tokenizer_config.json from cache at /home/ashmal/.cache/huggingface/hub/models--OpenGVLab--InternVL3-8B/snapshots/853e3a797a661694b1b8ece0cb72dc2b23e3dac9/tokenizer_config.json
[INFO|tokenization_utils_base.py:2027] 2025-09-24 19:43:30,977 >> loading file tokenizer.json from cache at /home/ashmal/.cache/huggingface/hub/models--OpenGVLab--InternVL3-8B/snapshots/853e3a797a661694b1b8ece0cb72dc2b23e3dac9/tokenizer.json
[WARNING|logging.py:314] 2025-09-24 19:43:31,722 >> Special tokens have been added in the vocabulary, make sure the associated word embeddings are fine-tuned or trained.
[WARNING|logging.py:314] 2025-09-24 19:43:31,731 >> Special tokens have been added in the vocabulary, make sure the associated word embeddings are fine-tuned or trained.
09/24/2025 19:43:31 - INFO - __main__ - Loading InternVLChatModel...
[INFO|configuration_utils.py:729] 2025-09-24 19:43:31,886 >> loading configuration file config.json from cache at /home/ashmal/.cache/huggingface/hub/models--OpenGVLab--InternVL3-8B/snapshots/853e3a797a661694b1b8ece0cb72dc2b23e3dac9/config.json
[INFO|configuration_utils.py:792] 2025-09-24 19:43:31,894 >> Model config InternVLChatConfig {
  "_commit_hash": "853e3a797a661694b1b8ece0cb72dc2b23e3dac9",
  "_name_or_path": "/mnt/petrelfs/wangweiyun/workspace_wwy/open_source/InternVL/internvl_chat/work_dirs/internvl_chat_v3_0/InternVL3_0-8B-MPO-try0-2",
  "architectures": [
    "InternVLChatModel"
  ],
  "auto_map": {
    "AutoConfig": "OpenGVLab/InternVL3-8B--configuration_internvl_chat.InternVLChatConfig",
    "AutoModel": "OpenGVLab/InternVL3-8B--modeling_internvl_chat.InternVLChatModel",
    "AutoModelForCausalLM": "OpenGVLab/InternVL3-8B--modeling_internvl_chat.InternVLChatModel"
  },
  "downsample_ratio": 0.5,
  "dynamic_image_size": true,
  "force_image_size": 448,
  "hidden_size": 3584,
  "image_fold": null,
  "llm_config": {
    "_attn_implementation_autoset": true,
    "_name_or_path": "./pretrained/Qwen2.5-32B-Instruct",
    "add_cross_attention": false,
    "architectures": [
      "Qwen2ForCausalLM"
    ],
    "attention_dropout": 0.0,
    "bad_words_ids": null,
    "begin_suppress_tokens": null,
    "bos_token_id": 151643,
    "chunk_size_feed_forward": 0,
    "cross_attention_hidden_size": null,
    "decoder_start_token_id": null,
    "diversity_penalty": 0.0,
    "do_sample": false,
    "early_stopping": false,
    "encoder_no_repeat_ngram_size": 0,
    "eos_token_id": 151643,
    "exponential_decay_length_penalty": null,
    "finetuning_task": null,
    "forced_bos_token_id": null,
    "forced_eos_token_id": null,
    "hidden_act": "silu",
    "hidden_size": 3584,
    "id2label": {
      "0": "LABEL_0",
      "1": "LABEL_1"
    },
    "initializer_range": 0.02,
    "intermediate_size": 18944,
    "is_decoder": false,
    "is_encoder_decoder": false,
    "label2id": {
      "LABEL_0": 0,
      "LABEL_1": 1
    },
    "length_penalty": 1.0,
    "max_length": 20,
    "max_position_embeddings": 32768,
    "max_window_layers": 70,
    "min_length": 0,
    "model_type": "qwen2",
    "moe_config": null,
    "no_repeat_ngram_size": 0,
    "num_attention_heads": 28,
    "num_beam_groups": 1,
    "num_beams": 1,
    "num_hidden_layers": 28,
    "num_key_value_heads": 4,
    "num_return_sequences": 1,
    "output_attentions": false,
    "output_hidden_states": false,
    "output_scores": false,
    "pad_token_id": null,
    "prefix": null,
    "problem_type": null,
    "pruned_heads": {},
    "remove_invalid_values": false,
    "repetition_penalty": 1.0,
    "return_dict": true,
    "return_dict_in_generate": false,
    "rms_norm_eps": 1e-06,
    "rope_scaling": {
      "factor": 2.0,
      "rope_type": "dynamic",
      "type": "dynamic"
    },
    "rope_theta": 1000000.0,
    "sep_token_id": null,
    "sliding_window": null,
    "suppress_tokens": null,
    "task_specific_params": null,
    "temperature": 1.0,
    "tf_legacy_loss": false,
    "tie_encoder_decoder": false,
    "tie_word_embeddings": false,
    "tokenizer_class": null,
    "top_k": 50,
    "top_p": 1.0,
    "torch_dtype": "bfloat16",
    "torchscript": false,
    "transformers_version": "4.37.2",
    "typical_p": 1.0,
    "use_bfloat16": true,
    "use_cache": false,
    "use_sliding_window": false,
    "vocab_size": 151674
  },
  "max_dynamic_patch": 12,
  "min_dynamic_patch": 1,
  "model_type": "internvl_chat",
  "pad2square": false,
  "ps_version": "v2",
  "select_layer": -1,
  "system_message": null,
  "template": "internvl2_5",
  "tie_word_embeddings": false,
  "torch_dtype": "bfloat16",
  "transformers_version": null,
  "use_backbone_lora": 0,
  "use_llm_lora": 0,
  "use_thumbnail": true,
  "vision_config": {
    "_attn_implementation_autoset": true,
    "_name_or_path": "OpenGVLab/InternViT-6B-448px-V1-5",
    "add_cross_attention": false,
    "architectures": [
      "InternVisionModel"
    ],
    "attention_dropout": 0.0,
    "auto_map": {
      "AutoConfig": "configuration_intern_vit.InternVisionConfig",
      "AutoModel": "modeling_intern_vit.InternVisionModel"
    },
    "bad_words_ids": null,
    "begin_suppress_tokens": null,
    "bos_token_id": null,
    "capacity_factor": 1.2,
    "chunk_size_feed_forward": 0,
    "cross_attention_hidden_size": null,
    "decoder_start_token_id": null,
    "diversity_penalty": 0.0,
    "do_sample": false,
    "drop_path_rate": 0.1,
    "dropout": 0.0,
    "early_stopping": false,
    "encoder_no_repeat_ngram_size": 0,
    "eos_token_id": null,
    "eval_capacity_factor": 1.4,
    "exponential_decay_length_penalty": null,
    "finetuning_task": null,
    "forced_bos_token_id": null,
    "forced_eos_token_id": null,
    "hidden_act": "gelu",
    "hidden_size": 1024,
    "id2label": {
      "0": "LABEL_0",
      "1": "LABEL_1"
    },
    "image_size": 448,
    "initializer_factor": 0.1,
    "initializer_range": 1e-10,
    "intermediate_size": 4096,
    "is_decoder": false,
    "is_encoder_decoder": false,
    "label2id": {
      "LABEL_0": 0,
      "LABEL_1": 1
    },
    "laux_allreduce": "all_nodes",
    "layer_norm_eps": 1e-06,
    "length_penalty": 1.0,
    "max_length": 20,
    "min_length": 0,
    "model_type": "intern_vit_6b",
    "moe_coeff_ratio": 0.5,
    "moe_intermediate_size": 768,
    "moe_output_scale": 4.0,
    "no_repeat_ngram_size": 0,
    "noisy_gate_policy": "RSample_before",
    "norm_type": "layer_norm",
    "num_attention_heads": 16,
    "num_beam_groups": 1,
    "num_beams": 1,
    "num_channels": 3,
    "num_experts": 8,
    "num_hidden_layers": 24,
    "num_return_sequences": 1,
    "num_routed_experts": 4,
    "num_shared_experts": 4,
    "output_attentions": false,
    "output_hidden_states": false,
    "output_scores": false,
    "pad_token_id": null,
    "patch_size": 14,
    "prefix": null,
    "problem_type": null,
    "pruned_heads": {},
    "qk_normalization": false,
    "qkv_bias": true,
    "remove_invalid_values": false,
    "repetition_penalty": 1.0,
    "return_dict": true,
    "return_dict_in_generate": false,
    "sep_token_id": null,
    "shared_expert_intermediate_size": 3072,
    "suppress_tokens": null,
    "task_specific_params": null,
    "temperature": 1.0,
    "tf_legacy_loss": false,
    "tie_encoder_decoder": false,
    "tie_word_embeddings": true,
    "tokenizer_class": null,
    "top_k": 50,
    "top_p": 1.0,
    "torch_dtype": "bfloat16",
    "torchscript": false,
    "transformers_version": "4.37.2",
    "typical_p": 1.0,
    "use_bfloat16": true,
    "use_flash_attn": true,
    "use_moe": false,
    "use_residual": true,
    "use_rts": false,
    "use_weighted_residual": false
  }
}

09/24/2025 19:43:31 - INFO - __main__ - Using flash_attention_2 for LLaMA
[INFO|modeling_utils.py:3476] 2025-09-24 19:43:32,177 >> loading weights file model.safetensors from cache at /home/ashmal/.cache/huggingface/hub/models--OpenGVLab--InternVL3-8B/snapshots/853e3a797a661694b1b8ece0cb72dc2b23e3dac9/model.safetensors.index.json
Downloading shards:   0%|          | 0/4 [00:00<?, ?it/s]Downloading shards:   0%|          | 0/4 [00:00<?, ?it/s]Downloading shards:  50%|#####     | 2/4 [00:00<00:00, 13.48it/s]Downloading shards:  50%|#####     | 2/4 [00:00<00:00, 10.90it/s]Downloading shards: 100%|##########| 4/4 [00:00<00:00, 13.16it/s]Downloading shards: 100%|##########| 4/4 [00:00<00:00, 13.18it/s]
[INFO|modeling_utils.py:1426] 2025-09-24 19:43:32,567 >> Instantiating InternVLChatModel model under default dtype torch.bfloat16.
[INFO|configuration_utils.py:826] 2025-09-24 19:43:32,575 >> Generate config GenerationConfig {}

Downloading shards: 100%|##########| 4/4 [00:00<00:00, 10.39it/s]Downloading shards: 100%|##########| 4/4 [00:00<00:00, 10.45it/s]
[INFO|configuration_utils.py:826] 2025-09-24 19:43:32,720 >> Generate config GenerationConfig {
  "bos_token_id": 151643,
  "eos_token_id": 151643,
  "use_cache": false
}

Loading checkpoint shards:   0%|          | 0/4 [00:00<?, ?it/s]Loading checkpoint shards:   0%|          | 0/4 [00:00<?, ?it/s]Loading checkpoint shards:  25%|##5       | 1/4 [00:52<02:36, 52.23s/it]Loading checkpoint shards:  25%|##5       | 1/4 [00:52<02:37, 52.36s/it]Loading checkpoint shards:  50%|#####     | 2/4 [01:37<01:36, 48.18s/it]Loading checkpoint shards:  50%|#####     | 2/4 [01:37<01:36, 48.24s/it]Loading checkpoint shards:  75%|#######5  | 3/4 [02:19<00:45, 45.13s/it]Loading checkpoint shards:  75%|#######5  | 3/4 [02:19<00:45, 45.16s/it]Loading checkpoint shards: 100%|##########| 4/4 [02:28<00:00, 30.83s/it]Loading checkpoint shards: 100%|##########| 4/4 [02:28<00:00, 37.01s/it]
Loading checkpoint shards: 100%|##########| 4/4 [02:28<00:00, 30.85s/it]Loading checkpoint shards: 100%|##########| 4/4 [02:28<00:00, 37.02s/it]
[INFO|modeling_utils.py:4350] 2025-09-24 19:46:04,187 >> All model checkpoint weights were used when initializing InternVLChatModel.

[INFO|modeling_utils.py:4358] 2025-09-24 19:46:04,187 >> All the weights of InternVLChatModel were initialized from the model checkpoint at OpenGVLab/InternVL3-8B.
If your task is similar to the task the model of the checkpoint was trained on, you can already use InternVLChatModel for predictions without further training.
[INFO|configuration_utils.py:781] 2025-09-24 19:46:04,283 >> loading configuration file generation_config.json from cache at /home/ashmal/.cache/huggingface/hub/models--OpenGVLab--InternVL3-8B/snapshots/853e3a797a661694b1b8ece0cb72dc2b23e3dac9/generation_config.json
[INFO|configuration_utils.py:826] 2025-09-24 19:46:04,284 >> Generate config GenerationConfig {}

09/24/2025 19:46:04 - INFO - __main__ - Finished
09/24/2025 19:46:04 - INFO - __main__ - model.config.force_image_size: 448
09/24/2025 19:46:04 - INFO - __main__ - data_args.force_image_size: 448
09/24/2025 19:46:04 - INFO - __main__ - model.config.vision_config.image_size: 448
09/24/2025 19:46:04 - INFO - __main__ - max_dynamic_patch is set to 12 according to the meta file
09/24/2025 19:46:04 - INFO - __main__ - [Dataset] num_image_token: 256
09/24/2025 19:46:04 - INFO - __main__ - [Dataset] dynamic_image_size: True
09/24/2025 19:46:04 - INFO - __main__ - [Dataset] use_thumbnail: True
09/24/2025 19:46:04 - INFO - __main__ - [Dataset] min_dynamic_patch: 1, max_dynamic_patch: 12
09/24/2025 19:46:04 - INFO - __main__ - Formatting inputs...Skip in lazy mode
09/24/2025 19:46:04 - INFO - __main__ - Add dataset: mathvista_testmini with length: 1000
trainable params: 40,370,176 || all params: 7,653,191,168 || trainable%: 0.5274946765840411
09/24/2025 19:46:05 - INFO - __main__ - language_model.base_model.model.model.layers.0.self_attn.q_proj.lora_A.default.weight
09/24/2025 19:46:05 - INFO - __main__ - language_model.base_model.model.model.layers.0.self_attn.q_proj.lora_B.default.weight
09/24/2025 19:46:05 - INFO - __main__ - language_model.base_model.model.model.layers.0.self_attn.k_proj.lora_A.default.weight
09/24/2025 19:46:05 - INFO - __main__ - language_model.base_model.model.model.layers.0.self_attn.k_proj.lora_B.default.weight
09/24/2025 19:46:05 - INFO - __main__ - language_model.base_model.model.model.layers.0.self_attn.v_proj.lora_A.default.weight
09/24/2025 19:46:05 - INFO - __main__ - language_model.base_model.model.model.layers.0.self_attn.v_proj.lora_B.default.weight
09/24/2025 19:46:05 - INFO - __main__ - language_model.base_model.model.model.layers.0.self_attn.o_proj.lora_A.default.weight
09/24/2025 19:46:05 - INFO - __main__ - language_model.base_model.model.model.layers.0.self_attn.o_proj.lora_B.default.weight
09/24/2025 19:46:05 - INFO - __main__ - language_model.base_model.model.model.layers.0.mlp.gate_proj.lora_A.default.weight
09/24/2025 19:46:05 - INFO - __main__ - language_model.base_model.model.model.layers.0.mlp.gate_proj.lora_B.default.weight
09/24/2025 19:46:05 - INFO - __main__ - language_model.base_model.model.model.layers.0.mlp.up_proj.lora_A.default.weight
09/24/2025 19:46:05 - INFO - __main__ - language_model.base_model.model.model.layers.0.mlp.up_proj.lora_B.default.weight
09/24/2025 19:46:05 - INFO - __main__ - language_model.base_model.model.model.layers.0.mlp.down_proj.lora_A.default.weight
09/24/2025 19:46:05 - INFO - __main__ - language_model.base_model.model.model.layers.0.mlp.down_proj.lora_B.default.weight
09/24/2025 19:46:05 - INFO - __main__ - language_model.base_model.model.model.layers.1.self_attn.q_proj.lora_A.default.weight
09/24/2025 19:46:05 - INFO - __main__ - language_model.base_model.model.model.layers.1.self_attn.q_proj.lora_B.default.weight
09/24/2025 19:46:05 - INFO - __main__ - language_model.base_model.model.model.layers.1.self_attn.k_proj.lora_A.default.weight
09/24/2025 19:46:05 - INFO - __main__ - language_model.base_model.model.model.layers.1.self_attn.k_proj.lora_B.default.weight
09/24/2025 19:46:05 - INFO - __main__ - language_model.base_model.model.model.layers.1.self_attn.v_proj.lora_A.default.weight
09/24/2025 19:46:05 - INFO - __main__ - language_model.base_model.model.model.layers.1.self_attn.v_proj.lora_B.default.weight
09/24/2025 19:46:05 - INFO - __main__ - language_model.base_model.model.model.layers.1.self_attn.o_proj.lora_A.default.weight
09/24/2025 19:46:05 - INFO - __main__ - language_model.base_model.model.model.layers.1.self_attn.o_proj.lora_B.default.weight
09/24/2025 19:46:05 - INFO - __main__ - language_model.base_model.model.model.layers.1.mlp.gate_proj.lora_A.default.weight
09/24/2025 19:46:05 - INFO - __main__ - language_model.base_model.model.model.layers.1.mlp.gate_proj.lora_B.default.weight
09/24/2025 19:46:05 - INFO - __main__ - language_model.base_model.model.model.layers.1.mlp.up_proj.lora_A.default.weight
09/24/2025 19:46:05 - INFO - __main__ - language_model.base_model.model.model.layers.1.mlp.up_proj.lora_B.default.weight
09/24/2025 19:46:05 - INFO - __main__ - language_model.base_model.model.model.layers.1.mlp.down_proj.lora_A.default.weight
09/24/2025 19:46:05 - INFO - __main__ - language_model.base_model.model.model.layers.1.mlp.down_proj.lora_B.default.weight
09/24/2025 19:46:05 - INFO - __main__ - language_model.base_model.model.model.layers.2.self_attn.q_proj.lora_A.default.weight
09/24/2025 19:46:05 - INFO - __main__ - language_model.base_model.model.model.layers.2.self_attn.q_proj.lora_B.default.weight
09/24/2025 19:46:05 - INFO - __main__ - language_model.base_model.model.model.layers.2.self_attn.k_proj.lora_A.default.weight
09/24/2025 19:46:05 - INFO - __main__ - language_model.base_model.model.model.layers.2.self_attn.k_proj.lora_B.default.weight
09/24/2025 19:46:05 - INFO - __main__ - language_model.base_model.model.model.layers.2.self_attn.v_proj.lora_A.default.weight
09/24/2025 19:46:05 - INFO - __main__ - language_model.base_model.model.model.layers.2.self_attn.v_proj.lora_B.default.weight
09/24/2025 19:46:05 - INFO - __main__ - language_model.base_model.model.model.layers.2.self_attn.o_proj.lora_A.default.weight
09/24/2025 19:46:05 - INFO - __main__ - language_model.base_model.model.model.layers.2.self_attn.o_proj.lora_B.default.weight
09/24/2025 19:46:05 - INFO - __main__ - language_model.base_model.model.model.layers.2.mlp.gate_proj.lora_A.default.weight
09/24/2025 19:46:05 - INFO - __main__ - language_model.base_model.model.model.layers.2.mlp.gate_proj.lora_B.default.weight
09/24/2025 19:46:05 - INFO - __main__ - language_model.base_model.model.model.layers.2.mlp.up_proj.lora_A.default.weight
09/24/2025 19:46:05 - INFO - __main__ - language_model.base_model.model.model.layers.2.mlp.up_proj.lora_B.default.weight
09/24/2025 19:46:05 - INFO - __main__ - language_model.base_model.model.model.layers.2.mlp.down_proj.lora_A.default.weight
09/24/2025 19:46:05 - INFO - __main__ - language_model.base_model.model.model.layers.2.mlp.down_proj.lora_B.default.weight
09/24/2025 19:46:05 - INFO - __main__ - language_model.base_model.model.model.layers.3.self_attn.q_proj.lora_A.default.weight
09/24/2025 19:46:05 - INFO - __main__ - language_model.base_model.model.model.layers.3.self_attn.q_proj.lora_B.default.weight
09/24/2025 19:46:05 - INFO - __main__ - language_model.base_model.model.model.layers.3.self_attn.k_proj.lora_A.default.weight
09/24/2025 19:46:05 - INFO - __main__ - language_model.base_model.model.model.layers.3.self_attn.k_proj.lora_B.default.weight
09/24/2025 19:46:05 - INFO - __main__ - language_model.base_model.model.model.layers.3.self_attn.v_proj.lora_A.default.weight
09/24/2025 19:46:05 - INFO - __main__ - language_model.base_model.model.model.layers.3.self_attn.v_proj.lora_B.default.weight
09/24/2025 19:46:05 - INFO - __main__ - language_model.base_model.model.model.layers.3.self_attn.o_proj.lora_A.default.weight
09/24/2025 19:46:05 - INFO - __main__ - language_model.base_model.model.model.layers.3.self_attn.o_proj.lora_B.default.weight
09/24/2025 19:46:05 - INFO - __main__ - language_model.base_model.model.model.layers.3.mlp.gate_proj.lora_A.default.weight
09/24/2025 19:46:05 - INFO - __main__ - language_model.base_model.model.model.layers.3.mlp.gate_proj.lora_B.default.weight
09/24/2025 19:46:05 - INFO - __main__ - language_model.base_model.model.model.layers.3.mlp.up_proj.lora_A.default.weight
09/24/2025 19:46:05 - INFO - __main__ - language_model.base_model.model.model.layers.3.mlp.up_proj.lora_B.default.weight
09/24/2025 19:46:05 - INFO - __main__ - language_model.base_model.model.model.layers.3.mlp.down_proj.lora_A.default.weight
09/24/2025 19:46:05 - INFO - __main__ - language_model.base_model.model.model.layers.3.mlp.down_proj.lora_B.default.weight
09/24/2025 19:46:05 - INFO - __main__ - language_model.base_model.model.model.layers.4.self_attn.q_proj.lora_A.default.weight
09/24/2025 19:46:05 - INFO - __main__ - language_model.base_model.model.model.layers.4.self_attn.q_proj.lora_B.default.weight
09/24/2025 19:46:05 - INFO - __main__ - language_model.base_model.model.model.layers.4.self_attn.k_proj.lora_A.default.weight
09/24/2025 19:46:05 - INFO - __main__ - language_model.base_model.model.model.layers.4.self_attn.k_proj.lora_B.default.weight
09/24/2025 19:46:05 - INFO - __main__ - language_model.base_model.model.model.layers.4.self_attn.v_proj.lora_A.default.weight
09/24/2025 19:46:05 - INFO - __main__ - language_model.base_model.model.model.layers.4.self_attn.v_proj.lora_B.default.weight
09/24/2025 19:46:05 - INFO - __main__ - language_model.base_model.model.model.layers.4.self_attn.o_proj.lora_A.default.weight
09/24/2025 19:46:05 - INFO - __main__ - language_model.base_model.model.model.layers.4.self_attn.o_proj.lora_B.default.weight
09/24/2025 19:46:05 - INFO - __main__ - language_model.base_model.model.model.layers.4.mlp.gate_proj.lora_A.default.weight
09/24/2025 19:46:05 - INFO - __main__ - language_model.base_model.model.model.layers.4.mlp.gate_proj.lora_B.default.weight
09/24/2025 19:46:05 - INFO - __main__ - language_model.base_model.model.model.layers.4.mlp.up_proj.lora_A.default.weight
09/24/2025 19:46:05 - INFO - __main__ - language_model.base_model.model.model.layers.4.mlp.up_proj.lora_B.default.weight
09/24/2025 19:46:05 - INFO - __main__ - language_model.base_model.model.model.layers.4.mlp.down_proj.lora_A.default.weight
09/24/2025 19:46:05 - INFO - __main__ - language_model.base_model.model.model.layers.4.mlp.down_proj.lora_B.default.weight
09/24/2025 19:46:05 - INFO - __main__ - language_model.base_model.model.model.layers.5.self_attn.q_proj.lora_A.default.weight
09/24/2025 19:46:05 - INFO - __main__ - language_model.base_model.model.model.layers.5.self_attn.q_proj.lora_B.default.weight
09/24/2025 19:46:05 - INFO - __main__ - language_model.base_model.model.model.layers.5.self_attn.k_proj.lora_A.default.weight
09/24/2025 19:46:05 - INFO - __main__ - language_model.base_model.model.model.layers.5.self_attn.k_proj.lora_B.default.weight
09/24/2025 19:46:05 - INFO - __main__ - language_model.base_model.model.model.layers.5.self_attn.v_proj.lora_A.default.weight
09/24/2025 19:46:05 - INFO - __main__ - language_model.base_model.model.model.layers.5.self_attn.v_proj.lora_B.default.weight
09/24/2025 19:46:05 - INFO - __main__ - language_model.base_model.model.model.layers.5.self_attn.o_proj.lora_A.default.weight
09/24/2025 19:46:05 - INFO - __main__ - language_model.base_model.model.model.layers.5.self_attn.o_proj.lora_B.default.weight
09/24/2025 19:46:05 - INFO - __main__ - language_model.base_model.model.model.layers.5.mlp.gate_proj.lora_A.default.weight
09/24/2025 19:46:05 - INFO - __main__ - language_model.base_model.model.model.layers.5.mlp.gate_proj.lora_B.default.weight
09/24/2025 19:46:05 - INFO - __main__ - language_model.base_model.model.model.layers.5.mlp.up_proj.lora_A.default.weight
09/24/2025 19:46:05 - INFO - __main__ - language_model.base_model.model.model.layers.5.mlp.up_proj.lora_B.default.weight
09/24/2025 19:46:05 - INFO - __main__ - language_model.base_model.model.model.layers.5.mlp.down_proj.lora_A.default.weight
09/24/2025 19:46:05 - INFO - __main__ - language_model.base_model.model.model.layers.5.mlp.down_proj.lora_B.default.weight
09/24/2025 19:46:05 - INFO - __main__ - language_model.base_model.model.model.layers.6.self_attn.q_proj.lora_A.default.weight
09/24/2025 19:46:05 - INFO - __main__ - language_model.base_model.model.model.layers.6.self_attn.q_proj.lora_B.default.weight
09/24/2025 19:46:05 - INFO - __main__ - language_model.base_model.model.model.layers.6.self_attn.k_proj.lora_A.default.weight
09/24/2025 19:46:05 - INFO - __main__ - language_model.base_model.model.model.layers.6.self_attn.k_proj.lora_B.default.weight
09/24/2025 19:46:05 - INFO - __main__ - language_model.base_model.model.model.layers.6.self_attn.v_proj.lora_A.default.weight
09/24/2025 19:46:05 - INFO - __main__ - language_model.base_model.model.model.layers.6.self_attn.v_proj.lora_B.default.weight
09/24/2025 19:46:05 - INFO - __main__ - language_model.base_model.model.model.layers.6.self_attn.o_proj.lora_A.default.weight
09/24/2025 19:46:05 - INFO - __main__ - language_model.base_model.model.model.layers.6.self_attn.o_proj.lora_B.default.weight
09/24/2025 19:46:05 - INFO - __main__ - language_model.base_model.model.model.layers.6.mlp.gate_proj.lora_A.default.weight
09/24/2025 19:46:05 - INFO - __main__ - language_model.base_model.model.model.layers.6.mlp.gate_proj.lora_B.default.weight
09/24/2025 19:46:05 - INFO - __main__ - language_model.base_model.model.model.layers.6.mlp.up_proj.lora_A.default.weight
09/24/2025 19:46:05 - INFO - __main__ - language_model.base_model.model.model.layers.6.mlp.up_proj.lora_B.default.weight
09/24/2025 19:46:05 - INFO - __main__ - language_model.base_model.model.model.layers.6.mlp.down_proj.lora_A.default.weight
09/24/2025 19:46:05 - INFO - __main__ - language_model.base_model.model.model.layers.6.mlp.down_proj.lora_B.default.weight
09/24/2025 19:46:05 - INFO - __main__ - language_model.base_model.model.model.layers.7.self_attn.q_proj.lora_A.default.weight
09/24/2025 19:46:05 - INFO - __main__ - language_model.base_model.model.model.layers.7.self_attn.q_proj.lora_B.default.weight
09/24/2025 19:46:05 - INFO - __main__ - language_model.base_model.model.model.layers.7.self_attn.k_proj.lora_A.default.weight
09/24/2025 19:46:05 - INFO - __main__ - language_model.base_model.model.model.layers.7.self_attn.k_proj.lora_B.default.weight
09/24/2025 19:46:05 - INFO - __main__ - language_model.base_model.model.model.layers.7.self_attn.v_proj.lora_A.default.weight
09/24/2025 19:46:05 - INFO - __main__ - language_model.base_model.model.model.layers.7.self_attn.v_proj.lora_B.default.weight
09/24/2025 19:46:05 - INFO - __main__ - language_model.base_model.model.model.layers.7.self_attn.o_proj.lora_A.default.weight
09/24/2025 19:46:05 - INFO - __main__ - language_model.base_model.model.model.layers.7.self_attn.o_proj.lora_B.default.weight
09/24/2025 19:46:05 - INFO - __main__ - language_model.base_model.model.model.layers.7.mlp.gate_proj.lora_A.default.weight
09/24/2025 19:46:05 - INFO - __main__ - language_model.base_model.model.model.layers.7.mlp.gate_proj.lora_B.default.weight
09/24/2025 19:46:05 - INFO - __main__ - language_model.base_model.model.model.layers.7.mlp.up_proj.lora_A.default.weight
09/24/2025 19:46:05 - INFO - __main__ - language_model.base_model.model.model.layers.7.mlp.up_proj.lora_B.default.weight
09/24/2025 19:46:05 - INFO - __main__ - language_model.base_model.model.model.layers.7.mlp.down_proj.lora_A.default.weight
09/24/2025 19:46:05 - INFO - __main__ - language_model.base_model.model.model.layers.7.mlp.down_proj.lora_B.default.weight
09/24/2025 19:46:05 - INFO - __main__ - language_model.base_model.model.model.layers.8.self_attn.q_proj.lora_A.default.weight
09/24/2025 19:46:05 - INFO - __main__ - language_model.base_model.model.model.layers.8.self_attn.q_proj.lora_B.default.weight
09/24/2025 19:46:05 - INFO - __main__ - language_model.base_model.model.model.layers.8.self_attn.k_proj.lora_A.default.weight
09/24/2025 19:46:05 - INFO - __main__ - language_model.base_model.model.model.layers.8.self_attn.k_proj.lora_B.default.weight
09/24/2025 19:46:05 - INFO - __main__ - language_model.base_model.model.model.layers.8.self_attn.v_proj.lora_A.default.weight
09/24/2025 19:46:05 - INFO - __main__ - language_model.base_model.model.model.layers.8.self_attn.v_proj.lora_B.default.weight
09/24/2025 19:46:05 - INFO - __main__ - language_model.base_model.model.model.layers.8.self_attn.o_proj.lora_A.default.weight
09/24/2025 19:46:05 - INFO - __main__ - language_model.base_model.model.model.layers.8.self_attn.o_proj.lora_B.default.weight
09/24/2025 19:46:05 - INFO - __main__ - language_model.base_model.model.model.layers.8.mlp.gate_proj.lora_A.default.weight
09/24/2025 19:46:05 - INFO - __main__ - language_model.base_model.model.model.layers.8.mlp.gate_proj.lora_B.default.weight
09/24/2025 19:46:05 - INFO - __main__ - language_model.base_model.model.model.layers.8.mlp.up_proj.lora_A.default.weight
09/24/2025 19:46:05 - INFO - __main__ - language_model.base_model.model.model.layers.8.mlp.up_proj.lora_B.default.weight
09/24/2025 19:46:05 - INFO - __main__ - language_model.base_model.model.model.layers.8.mlp.down_proj.lora_A.default.weight
09/24/2025 19:46:05 - INFO - __main__ - language_model.base_model.model.model.layers.8.mlp.down_proj.lora_B.default.weight
09/24/2025 19:46:05 - INFO - __main__ - language_model.base_model.model.model.layers.9.self_attn.q_proj.lora_A.default.weight
09/24/2025 19:46:05 - INFO - __main__ - language_model.base_model.model.model.layers.9.self_attn.q_proj.lora_B.default.weight
09/24/2025 19:46:05 - INFO - __main__ - language_model.base_model.model.model.layers.9.self_attn.k_proj.lora_A.default.weight
09/24/2025 19:46:05 - INFO - __main__ - language_model.base_model.model.model.layers.9.self_attn.k_proj.lora_B.default.weight
09/24/2025 19:46:05 - INFO - __main__ - language_model.base_model.model.model.layers.9.self_attn.v_proj.lora_A.default.weight
09/24/2025 19:46:05 - INFO - __main__ - language_model.base_model.model.model.layers.9.self_attn.v_proj.lora_B.default.weight
09/24/2025 19:46:05 - INFO - __main__ - language_model.base_model.model.model.layers.9.self_attn.o_proj.lora_A.default.weight
09/24/2025 19:46:05 - INFO - __main__ - language_model.base_model.model.model.layers.9.self_attn.o_proj.lora_B.default.weight
09/24/2025 19:46:05 - INFO - __main__ - language_model.base_model.model.model.layers.9.mlp.gate_proj.lora_A.default.weight
09/24/2025 19:46:05 - INFO - __main__ - language_model.base_model.model.model.layers.9.mlp.gate_proj.lora_B.default.weight
09/24/2025 19:46:05 - INFO - __main__ - language_model.base_model.model.model.layers.9.mlp.up_proj.lora_A.default.weight
09/24/2025 19:46:05 - INFO - __main__ - language_model.base_model.model.model.layers.9.mlp.up_proj.lora_B.default.weight
09/24/2025 19:46:05 - INFO - __main__ - language_model.base_model.model.model.layers.9.mlp.down_proj.lora_A.default.weight
09/24/2025 19:46:05 - INFO - __main__ - language_model.base_model.model.model.layers.9.mlp.down_proj.lora_B.default.weight
09/24/2025 19:46:05 - INFO - __main__ - language_model.base_model.model.model.layers.10.self_attn.q_proj.lora_A.default.weight
09/24/2025 19:46:05 - INFO - __main__ - language_model.base_model.model.model.layers.10.self_attn.q_proj.lora_B.default.weight
09/24/2025 19:46:05 - INFO - __main__ - language_model.base_model.model.model.layers.10.self_attn.k_proj.lora_A.default.weight
09/24/2025 19:46:05 - INFO - __main__ - language_model.base_model.model.model.layers.10.self_attn.k_proj.lora_B.default.weight
09/24/2025 19:46:05 - INFO - __main__ - language_model.base_model.model.model.layers.10.self_attn.v_proj.lora_A.default.weight
09/24/2025 19:46:05 - INFO - __main__ - language_model.base_model.model.model.layers.10.self_attn.v_proj.lora_B.default.weight
09/24/2025 19:46:05 - INFO - __main__ - language_model.base_model.model.model.layers.10.self_attn.o_proj.lora_A.default.weight
09/24/2025 19:46:05 - INFO - __main__ - language_model.base_model.model.model.layers.10.self_attn.o_proj.lora_B.default.weight
09/24/2025 19:46:05 - INFO - __main__ - language_model.base_model.model.model.layers.10.mlp.gate_proj.lora_A.default.weight
09/24/2025 19:46:05 - INFO - __main__ - language_model.base_model.model.model.layers.10.mlp.gate_proj.lora_B.default.weight
09/24/2025 19:46:05 - INFO - __main__ - language_model.base_model.model.model.layers.10.mlp.up_proj.lora_A.default.weight
09/24/2025 19:46:05 - INFO - __main__ - language_model.base_model.model.model.layers.10.mlp.up_proj.lora_B.default.weight
09/24/2025 19:46:05 - INFO - __main__ - language_model.base_model.model.model.layers.10.mlp.down_proj.lora_A.default.weight
09/24/2025 19:46:05 - INFO - __main__ - language_model.base_model.model.model.layers.10.mlp.down_proj.lora_B.default.weight
09/24/2025 19:46:05 - INFO - __main__ - language_model.base_model.model.model.layers.11.self_attn.q_proj.lora_A.default.weight
09/24/2025 19:46:05 - INFO - __main__ - language_model.base_model.model.model.layers.11.self_attn.q_proj.lora_B.default.weight
09/24/2025 19:46:05 - INFO - __main__ - language_model.base_model.model.model.layers.11.self_attn.k_proj.lora_A.default.weight
09/24/2025 19:46:05 - INFO - __main__ - language_model.base_model.model.model.layers.11.self_attn.k_proj.lora_B.default.weight
09/24/2025 19:46:05 - INFO - __main__ - language_model.base_model.model.model.layers.11.self_attn.v_proj.lora_A.default.weight
09/24/2025 19:46:05 - INFO - __main__ - language_model.base_model.model.model.layers.11.self_attn.v_proj.lora_B.default.weight
09/24/2025 19:46:05 - INFO - __main__ - language_model.base_model.model.model.layers.11.self_attn.o_proj.lora_A.default.weight
09/24/2025 19:46:05 - INFO - __main__ - language_model.base_model.model.model.layers.11.self_attn.o_proj.lora_B.default.weight
09/24/2025 19:46:05 - INFO - __main__ - language_model.base_model.model.model.layers.11.mlp.gate_proj.lora_A.default.weight
09/24/2025 19:46:05 - INFO - __main__ - language_model.base_model.model.model.layers.11.mlp.gate_proj.lora_B.default.weight
09/24/2025 19:46:05 - INFO - __main__ - language_model.base_model.model.model.layers.11.mlp.up_proj.lora_A.default.weight
09/24/2025 19:46:05 - INFO - __main__ - language_model.base_model.model.model.layers.11.mlp.up_proj.lora_B.default.weight
09/24/2025 19:46:05 - INFO - __main__ - language_model.base_model.model.model.layers.11.mlp.down_proj.lora_A.default.weight
09/24/2025 19:46:05 - INFO - __main__ - language_model.base_model.model.model.layers.11.mlp.down_proj.lora_B.default.weight
09/24/2025 19:46:05 - INFO - __main__ - language_model.base_model.model.model.layers.12.self_attn.q_proj.lora_A.default.weight
09/24/2025 19:46:05 - INFO - __main__ - language_model.base_model.model.model.layers.12.self_attn.q_proj.lora_B.default.weight
09/24/2025 19:46:05 - INFO - __main__ - language_model.base_model.model.model.layers.12.self_attn.k_proj.lora_A.default.weight
09/24/2025 19:46:05 - INFO - __main__ - language_model.base_model.model.model.layers.12.self_attn.k_proj.lora_B.default.weight
09/24/2025 19:46:05 - INFO - __main__ - language_model.base_model.model.model.layers.12.self_attn.v_proj.lora_A.default.weight
09/24/2025 19:46:05 - INFO - __main__ - language_model.base_model.model.model.layers.12.self_attn.v_proj.lora_B.default.weight
09/24/2025 19:46:05 - INFO - __main__ - language_model.base_model.model.model.layers.12.self_attn.o_proj.lora_A.default.weight
09/24/2025 19:46:05 - INFO - __main__ - language_model.base_model.model.model.layers.12.self_attn.o_proj.lora_B.default.weight
09/24/2025 19:46:05 - INFO - __main__ - language_model.base_model.model.model.layers.12.mlp.gate_proj.lora_A.default.weight
09/24/2025 19:46:05 - INFO - __main__ - language_model.base_model.model.model.layers.12.mlp.gate_proj.lora_B.default.weight
09/24/2025 19:46:05 - INFO - __main__ - language_model.base_model.model.model.layers.12.mlp.up_proj.lora_A.default.weight
09/24/2025 19:46:05 - INFO - __main__ - language_model.base_model.model.model.layers.12.mlp.up_proj.lora_B.default.weight
09/24/2025 19:46:05 - INFO - __main__ - language_model.base_model.model.model.layers.12.mlp.down_proj.lora_A.default.weight
09/24/2025 19:46:05 - INFO - __main__ - language_model.base_model.model.model.layers.12.mlp.down_proj.lora_B.default.weight
09/24/2025 19:46:05 - INFO - __main__ - language_model.base_model.model.model.layers.13.self_attn.q_proj.lora_A.default.weight
09/24/2025 19:46:05 - INFO - __main__ - language_model.base_model.model.model.layers.13.self_attn.q_proj.lora_B.default.weight
09/24/2025 19:46:05 - INFO - __main__ - language_model.base_model.model.model.layers.13.self_attn.k_proj.lora_A.default.weight
09/24/2025 19:46:05 - INFO - __main__ - language_model.base_model.model.model.layers.13.self_attn.k_proj.lora_B.default.weight
09/24/2025 19:46:05 - INFO - __main__ - language_model.base_model.model.model.layers.13.self_attn.v_proj.lora_A.default.weight
09/24/2025 19:46:05 - INFO - __main__ - language_model.base_model.model.model.layers.13.self_attn.v_proj.lora_B.default.weight
09/24/2025 19:46:05 - INFO - __main__ - language_model.base_model.model.model.layers.13.self_attn.o_proj.lora_A.default.weight
09/24/2025 19:46:05 - INFO - __main__ - language_model.base_model.model.model.layers.13.self_attn.o_proj.lora_B.default.weight
09/24/2025 19:46:05 - INFO - __main__ - language_model.base_model.model.model.layers.13.mlp.gate_proj.lora_A.default.weight
09/24/2025 19:46:05 - INFO - __main__ - language_model.base_model.model.model.layers.13.mlp.gate_proj.lora_B.default.weight
09/24/2025 19:46:05 - INFO - __main__ - language_model.base_model.model.model.layers.13.mlp.up_proj.lora_A.default.weight
09/24/2025 19:46:05 - INFO - __main__ - language_model.base_model.model.model.layers.13.mlp.up_proj.lora_B.default.weight
09/24/2025 19:46:05 - INFO - __main__ - language_model.base_model.model.model.layers.13.mlp.down_proj.lora_A.default.weight
09/24/2025 19:46:05 - INFO - __main__ - language_model.base_model.model.model.layers.13.mlp.down_proj.lora_B.default.weight
09/24/2025 19:46:05 - INFO - __main__ - language_model.base_model.model.model.layers.14.self_attn.q_proj.lora_A.default.weight
09/24/2025 19:46:05 - INFO - __main__ - language_model.base_model.model.model.layers.14.self_attn.q_proj.lora_B.default.weight
09/24/2025 19:46:05 - INFO - __main__ - language_model.base_model.model.model.layers.14.self_attn.k_proj.lora_A.default.weight
09/24/2025 19:46:05 - INFO - __main__ - language_model.base_model.model.model.layers.14.self_attn.k_proj.lora_B.default.weight
09/24/2025 19:46:05 - INFO - __main__ - language_model.base_model.model.model.layers.14.self_attn.v_proj.lora_A.default.weight
09/24/2025 19:46:05 - INFO - __main__ - language_model.base_model.model.model.layers.14.self_attn.v_proj.lora_B.default.weight
09/24/2025 19:46:05 - INFO - __main__ - language_model.base_model.model.model.layers.14.self_attn.o_proj.lora_A.default.weight
09/24/2025 19:46:05 - INFO - __main__ - language_model.base_model.model.model.layers.14.self_attn.o_proj.lora_B.default.weight
09/24/2025 19:46:05 - INFO - __main__ - language_model.base_model.model.model.layers.14.mlp.gate_proj.lora_A.default.weight
09/24/2025 19:46:05 - INFO - __main__ - language_model.base_model.model.model.layers.14.mlp.gate_proj.lora_B.default.weight
09/24/2025 19:46:05 - INFO - __main__ - language_model.base_model.model.model.layers.14.mlp.up_proj.lora_A.default.weight
09/24/2025 19:46:05 - INFO - __main__ - language_model.base_model.model.model.layers.14.mlp.up_proj.lora_B.default.weight
09/24/2025 19:46:05 - INFO - __main__ - language_model.base_model.model.model.layers.14.mlp.down_proj.lora_A.default.weight
09/24/2025 19:46:05 - INFO - __main__ - language_model.base_model.model.model.layers.14.mlp.down_proj.lora_B.default.weight
09/24/2025 19:46:05 - INFO - __main__ - language_model.base_model.model.model.layers.15.self_attn.q_proj.lora_A.default.weight
09/24/2025 19:46:05 - INFO - __main__ - language_model.base_model.model.model.layers.15.self_attn.q_proj.lora_B.default.weight
09/24/2025 19:46:05 - INFO - __main__ - language_model.base_model.model.model.layers.15.self_attn.k_proj.lora_A.default.weight
09/24/2025 19:46:05 - INFO - __main__ - language_model.base_model.model.model.layers.15.self_attn.k_proj.lora_B.default.weight
09/24/2025 19:46:05 - INFO - __main__ - language_model.base_model.model.model.layers.15.self_attn.v_proj.lora_A.default.weight
09/24/2025 19:46:05 - INFO - __main__ - language_model.base_model.model.model.layers.15.self_attn.v_proj.lora_B.default.weight
09/24/2025 19:46:05 - INFO - __main__ - language_model.base_model.model.model.layers.15.self_attn.o_proj.lora_A.default.weight
09/24/2025 19:46:05 - INFO - __main__ - language_model.base_model.model.model.layers.15.self_attn.o_proj.lora_B.default.weight
09/24/2025 19:46:05 - INFO - __main__ - language_model.base_model.model.model.layers.15.mlp.gate_proj.lora_A.default.weight
09/24/2025 19:46:05 - INFO - __main__ - language_model.base_model.model.model.layers.15.mlp.gate_proj.lora_B.default.weight
09/24/2025 19:46:05 - INFO - __main__ - language_model.base_model.model.model.layers.15.mlp.up_proj.lora_A.default.weight
09/24/2025 19:46:05 - INFO - __main__ - language_model.base_model.model.model.layers.15.mlp.up_proj.lora_B.default.weight
09/24/2025 19:46:05 - INFO - __main__ - language_model.base_model.model.model.layers.15.mlp.down_proj.lora_A.default.weight
09/24/2025 19:46:05 - INFO - __main__ - language_model.base_model.model.model.layers.15.mlp.down_proj.lora_B.default.weight
09/24/2025 19:46:05 - INFO - __main__ - language_model.base_model.model.model.layers.16.self_attn.q_proj.lora_A.default.weight
09/24/2025 19:46:05 - INFO - __main__ - language_model.base_model.model.model.layers.16.self_attn.q_proj.lora_B.default.weight
09/24/2025 19:46:05 - INFO - __main__ - language_model.base_model.model.model.layers.16.self_attn.k_proj.lora_A.default.weight
09/24/2025 19:46:05 - INFO - __main__ - language_model.base_model.model.model.layers.16.self_attn.k_proj.lora_B.default.weight
09/24/2025 19:46:05 - INFO - __main__ - language_model.base_model.model.model.layers.16.self_attn.v_proj.lora_A.default.weight
09/24/2025 19:46:05 - INFO - __main__ - language_model.base_model.model.model.layers.16.self_attn.v_proj.lora_B.default.weight
09/24/2025 19:46:05 - INFO - __main__ - language_model.base_model.model.model.layers.16.self_attn.o_proj.lora_A.default.weight
09/24/2025 19:46:05 - INFO - __main__ - language_model.base_model.model.model.layers.16.self_attn.o_proj.lora_B.default.weight
09/24/2025 19:46:05 - INFO - __main__ - language_model.base_model.model.model.layers.16.mlp.gate_proj.lora_A.default.weight
09/24/2025 19:46:05 - INFO - __main__ - language_model.base_model.model.model.layers.16.mlp.gate_proj.lora_B.default.weight
09/24/2025 19:46:05 - INFO - __main__ - language_model.base_model.model.model.layers.16.mlp.up_proj.lora_A.default.weight
09/24/2025 19:46:05 - INFO - __main__ - language_model.base_model.model.model.layers.16.mlp.up_proj.lora_B.default.weight
09/24/2025 19:46:05 - INFO - __main__ - language_model.base_model.model.model.layers.16.mlp.down_proj.lora_A.default.weight
09/24/2025 19:46:05 - INFO - __main__ - language_model.base_model.model.model.layers.16.mlp.down_proj.lora_B.default.weight
09/24/2025 19:46:05 - INFO - __main__ - language_model.base_model.model.model.layers.17.self_attn.q_proj.lora_A.default.weight
09/24/2025 19:46:05 - INFO - __main__ - language_model.base_model.model.model.layers.17.self_attn.q_proj.lora_B.default.weight
09/24/2025 19:46:05 - INFO - __main__ - language_model.base_model.model.model.layers.17.self_attn.k_proj.lora_A.default.weight
09/24/2025 19:46:05 - INFO - __main__ - language_model.base_model.model.model.layers.17.self_attn.k_proj.lora_B.default.weight
09/24/2025 19:46:05 - INFO - __main__ - language_model.base_model.model.model.layers.17.self_attn.v_proj.lora_A.default.weight
09/24/2025 19:46:05 - INFO - __main__ - language_model.base_model.model.model.layers.17.self_attn.v_proj.lora_B.default.weight
09/24/2025 19:46:05 - INFO - __main__ - language_model.base_model.model.model.layers.17.self_attn.o_proj.lora_A.default.weight
09/24/2025 19:46:05 - INFO - __main__ - language_model.base_model.model.model.layers.17.self_attn.o_proj.lora_B.default.weight
09/24/2025 19:46:05 - INFO - __main__ - language_model.base_model.model.model.layers.17.mlp.gate_proj.lora_A.default.weight
09/24/2025 19:46:05 - INFO - __main__ - language_model.base_model.model.model.layers.17.mlp.gate_proj.lora_B.default.weight
09/24/2025 19:46:05 - INFO - __main__ - language_model.base_model.model.model.layers.17.mlp.up_proj.lora_A.default.weight
09/24/2025 19:46:05 - INFO - __main__ - language_model.base_model.model.model.layers.17.mlp.up_proj.lora_B.default.weight
09/24/2025 19:46:05 - INFO - __main__ - language_model.base_model.model.model.layers.17.mlp.down_proj.lora_A.default.weight
09/24/2025 19:46:05 - INFO - __main__ - language_model.base_model.model.model.layers.17.mlp.down_proj.lora_B.default.weight
09/24/2025 19:46:05 - INFO - __main__ - language_model.base_model.model.model.layers.18.self_attn.q_proj.lora_A.default.weight
09/24/2025 19:46:05 - INFO - __main__ - language_model.base_model.model.model.layers.18.self_attn.q_proj.lora_B.default.weight
09/24/2025 19:46:05 - INFO - __main__ - language_model.base_model.model.model.layers.18.self_attn.k_proj.lora_A.default.weight
09/24/2025 19:46:05 - INFO - __main__ - language_model.base_model.model.model.layers.18.self_attn.k_proj.lora_B.default.weight
09/24/2025 19:46:05 - INFO - __main__ - language_model.base_model.model.model.layers.18.self_attn.v_proj.lora_A.default.weight
09/24/2025 19:46:05 - INFO - __main__ - language_model.base_model.model.model.layers.18.self_attn.v_proj.lora_B.default.weight
09/24/2025 19:46:05 - INFO - __main__ - language_model.base_model.model.model.layers.18.self_attn.o_proj.lora_A.default.weight
09/24/2025 19:46:05 - INFO - __main__ - language_model.base_model.model.model.layers.18.self_attn.o_proj.lora_B.default.weight
09/24/2025 19:46:05 - INFO - __main__ - language_model.base_model.model.model.layers.18.mlp.gate_proj.lora_A.default.weight
09/24/2025 19:46:05 - INFO - __main__ - language_model.base_model.model.model.layers.18.mlp.gate_proj.lora_B.default.weight
09/24/2025 19:46:05 - INFO - __main__ - language_model.base_model.model.model.layers.18.mlp.up_proj.lora_A.default.weight
09/24/2025 19:46:05 - INFO - __main__ - language_model.base_model.model.model.layers.18.mlp.up_proj.lora_B.default.weight
09/24/2025 19:46:05 - INFO - __main__ - language_model.base_model.model.model.layers.18.mlp.down_proj.lora_A.default.weight
09/24/2025 19:46:05 - INFO - __main__ - language_model.base_model.model.model.layers.18.mlp.down_proj.lora_B.default.weight
09/24/2025 19:46:05 - INFO - __main__ - language_model.base_model.model.model.layers.19.self_attn.q_proj.lora_A.default.weight
09/24/2025 19:46:05 - INFO - __main__ - language_model.base_model.model.model.layers.19.self_attn.q_proj.lora_B.default.weight
09/24/2025 19:46:05 - INFO - __main__ - language_model.base_model.model.model.layers.19.self_attn.k_proj.lora_A.default.weight
09/24/2025 19:46:05 - INFO - __main__ - language_model.base_model.model.model.layers.19.self_attn.k_proj.lora_B.default.weight
09/24/2025 19:46:05 - INFO - __main__ - language_model.base_model.model.model.layers.19.self_attn.v_proj.lora_A.default.weight
09/24/2025 19:46:05 - INFO - __main__ - language_model.base_model.model.model.layers.19.self_attn.v_proj.lora_B.default.weight
09/24/2025 19:46:05 - INFO - __main__ - language_model.base_model.model.model.layers.19.self_attn.o_proj.lora_A.default.weight
09/24/2025 19:46:05 - INFO - __main__ - language_model.base_model.model.model.layers.19.self_attn.o_proj.lora_B.default.weight
09/24/2025 19:46:05 - INFO - __main__ - language_model.base_model.model.model.layers.19.mlp.gate_proj.lora_A.default.weight
09/24/2025 19:46:05 - INFO - __main__ - language_model.base_model.model.model.layers.19.mlp.gate_proj.lora_B.default.weight
09/24/2025 19:46:05 - INFO - __main__ - language_model.base_model.model.model.layers.19.mlp.up_proj.lora_A.default.weight
09/24/2025 19:46:05 - INFO - __main__ - language_model.base_model.model.model.layers.19.mlp.up_proj.lora_B.default.weight
09/24/2025 19:46:05 - INFO - __main__ - language_model.base_model.model.model.layers.19.mlp.down_proj.lora_A.default.weight
09/24/2025 19:46:05 - INFO - __main__ - language_model.base_model.model.model.layers.19.mlp.down_proj.lora_B.default.weight
09/24/2025 19:46:05 - INFO - __main__ - language_model.base_model.model.model.layers.20.self_attn.q_proj.lora_A.default.weight
09/24/2025 19:46:05 - INFO - __main__ - language_model.base_model.model.model.layers.20.self_attn.q_proj.lora_B.default.weight
09/24/2025 19:46:05 - INFO - __main__ - language_model.base_model.model.model.layers.20.self_attn.k_proj.lora_A.default.weight
09/24/2025 19:46:05 - INFO - __main__ - language_model.base_model.model.model.layers.20.self_attn.k_proj.lora_B.default.weight
09/24/2025 19:46:05 - INFO - __main__ - language_model.base_model.model.model.layers.20.self_attn.v_proj.lora_A.default.weight
09/24/2025 19:46:05 - INFO - __main__ - language_model.base_model.model.model.layers.20.self_attn.v_proj.lora_B.default.weight
09/24/2025 19:46:05 - INFO - __main__ - language_model.base_model.model.model.layers.20.self_attn.o_proj.lora_A.default.weight
09/24/2025 19:46:05 - INFO - __main__ - language_model.base_model.model.model.layers.20.self_attn.o_proj.lora_B.default.weight
09/24/2025 19:46:05 - INFO - __main__ - language_model.base_model.model.model.layers.20.mlp.gate_proj.lora_A.default.weight
09/24/2025 19:46:05 - INFO - __main__ - language_model.base_model.model.model.layers.20.mlp.gate_proj.lora_B.default.weight
09/24/2025 19:46:05 - INFO - __main__ - language_model.base_model.model.model.layers.20.mlp.up_proj.lora_A.default.weight
09/24/2025 19:46:05 - INFO - __main__ - language_model.base_model.model.model.layers.20.mlp.up_proj.lora_B.default.weight
09/24/2025 19:46:05 - INFO - __main__ - language_model.base_model.model.model.layers.20.mlp.down_proj.lora_A.default.weight
09/24/2025 19:46:05 - INFO - __main__ - language_model.base_model.model.model.layers.20.mlp.down_proj.lora_B.default.weight
09/24/2025 19:46:05 - INFO - __main__ - language_model.base_model.model.model.layers.21.self_attn.q_proj.lora_A.default.weight
09/24/2025 19:46:05 - INFO - __main__ - language_model.base_model.model.model.layers.21.self_attn.q_proj.lora_B.default.weight
09/24/2025 19:46:05 - INFO - __main__ - language_model.base_model.model.model.layers.21.self_attn.k_proj.lora_A.default.weight
09/24/2025 19:46:05 - INFO - __main__ - language_model.base_model.model.model.layers.21.self_attn.k_proj.lora_B.default.weight
09/24/2025 19:46:05 - INFO - __main__ - language_model.base_model.model.model.layers.21.self_attn.v_proj.lora_A.default.weight
09/24/2025 19:46:05 - INFO - __main__ - language_model.base_model.model.model.layers.21.self_attn.v_proj.lora_B.default.weight
09/24/2025 19:46:05 - INFO - __main__ - language_model.base_model.model.model.layers.21.self_attn.o_proj.lora_A.default.weight
09/24/2025 19:46:05 - INFO - __main__ - language_model.base_model.model.model.layers.21.self_attn.o_proj.lora_B.default.weight
09/24/2025 19:46:05 - INFO - __main__ - language_model.base_model.model.model.layers.21.mlp.gate_proj.lora_A.default.weight
09/24/2025 19:46:05 - INFO - __main__ - language_model.base_model.model.model.layers.21.mlp.gate_proj.lora_B.default.weight
09/24/2025 19:46:05 - INFO - __main__ - language_model.base_model.model.model.layers.21.mlp.up_proj.lora_A.default.weight
09/24/2025 19:46:05 - INFO - __main__ - language_model.base_model.model.model.layers.21.mlp.up_proj.lora_B.default.weight
09/24/2025 19:46:05 - INFO - __main__ - language_model.base_model.model.model.layers.21.mlp.down_proj.lora_A.default.weight
09/24/2025 19:46:05 - INFO - __main__ - language_model.base_model.model.model.layers.21.mlp.down_proj.lora_B.default.weight
09/24/2025 19:46:05 - INFO - __main__ - language_model.base_model.model.model.layers.22.self_attn.q_proj.lora_A.default.weight
09/24/2025 19:46:05 - INFO - __main__ - language_model.base_model.model.model.layers.22.self_attn.q_proj.lora_B.default.weight
09/24/2025 19:46:05 - INFO - __main__ - language_model.base_model.model.model.layers.22.self_attn.k_proj.lora_A.default.weight
09/24/2025 19:46:05 - INFO - __main__ - language_model.base_model.model.model.layers.22.self_attn.k_proj.lora_B.default.weight
09/24/2025 19:46:05 - INFO - __main__ - language_model.base_model.model.model.layers.22.self_attn.v_proj.lora_A.default.weight
09/24/2025 19:46:05 - INFO - __main__ - language_model.base_model.model.model.layers.22.self_attn.v_proj.lora_B.default.weight
09/24/2025 19:46:05 - INFO - __main__ - language_model.base_model.model.model.layers.22.self_attn.o_proj.lora_A.default.weight
09/24/2025 19:46:05 - INFO - __main__ - language_model.base_model.model.model.layers.22.self_attn.o_proj.lora_B.default.weight
09/24/2025 19:46:05 - INFO - __main__ - language_model.base_model.model.model.layers.22.mlp.gate_proj.lora_A.default.weight
09/24/2025 19:46:05 - INFO - __main__ - language_model.base_model.model.model.layers.22.mlp.gate_proj.lora_B.default.weight
09/24/2025 19:46:05 - INFO - __main__ - language_model.base_model.model.model.layers.22.mlp.up_proj.lora_A.default.weight
09/24/2025 19:46:05 - INFO - __main__ - language_model.base_model.model.model.layers.22.mlp.up_proj.lora_B.default.weight
09/24/2025 19:46:05 - INFO - __main__ - language_model.base_model.model.model.layers.22.mlp.down_proj.lora_A.default.weight
09/24/2025 19:46:05 - INFO - __main__ - language_model.base_model.model.model.layers.22.mlp.down_proj.lora_B.default.weight
09/24/2025 19:46:05 - INFO - __main__ - language_model.base_model.model.model.layers.23.self_attn.q_proj.lora_A.default.weight
09/24/2025 19:46:05 - INFO - __main__ - language_model.base_model.model.model.layers.23.self_attn.q_proj.lora_B.default.weight
09/24/2025 19:46:05 - INFO - __main__ - language_model.base_model.model.model.layers.23.self_attn.k_proj.lora_A.default.weight
09/24/2025 19:46:05 - INFO - __main__ - language_model.base_model.model.model.layers.23.self_attn.k_proj.lora_B.default.weight
09/24/2025 19:46:05 - INFO - __main__ - language_model.base_model.model.model.layers.23.self_attn.v_proj.lora_A.default.weight
09/24/2025 19:46:05 - INFO - __main__ - language_model.base_model.model.model.layers.23.self_attn.v_proj.lora_B.default.weight
09/24/2025 19:46:05 - INFO - __main__ - language_model.base_model.model.model.layers.23.self_attn.o_proj.lora_A.default.weight
09/24/2025 19:46:05 - INFO - __main__ - language_model.base_model.model.model.layers.23.self_attn.o_proj.lora_B.default.weight
09/24/2025 19:46:05 - INFO - __main__ - language_model.base_model.model.model.layers.23.mlp.gate_proj.lora_A.default.weight
09/24/2025 19:46:05 - INFO - __main__ - language_model.base_model.model.model.layers.23.mlp.gate_proj.lora_B.default.weight
09/24/2025 19:46:05 - INFO - __main__ - language_model.base_model.model.model.layers.23.mlp.up_proj.lora_A.default.weight
09/24/2025 19:46:05 - INFO - __main__ - language_model.base_model.model.model.layers.23.mlp.up_proj.lora_B.default.weight
09/24/2025 19:46:05 - INFO - __main__ - language_model.base_model.model.model.layers.23.mlp.down_proj.lora_A.default.weight
09/24/2025 19:46:05 - INFO - __main__ - language_model.base_model.model.model.layers.23.mlp.down_proj.lora_B.default.weight
09/24/2025 19:46:05 - INFO - __main__ - language_model.base_model.model.model.layers.24.self_attn.q_proj.lora_A.default.weight
09/24/2025 19:46:05 - INFO - __main__ - language_model.base_model.model.model.layers.24.self_attn.q_proj.lora_B.default.weight
09/24/2025 19:46:05 - INFO - __main__ - language_model.base_model.model.model.layers.24.self_attn.k_proj.lora_A.default.weight
09/24/2025 19:46:05 - INFO - __main__ - language_model.base_model.model.model.layers.24.self_attn.k_proj.lora_B.default.weight
09/24/2025 19:46:05 - INFO - __main__ - language_model.base_model.model.model.layers.24.self_attn.v_proj.lora_A.default.weight
09/24/2025 19:46:05 - INFO - __main__ - language_model.base_model.model.model.layers.24.self_attn.v_proj.lora_B.default.weight
09/24/2025 19:46:05 - INFO - __main__ - language_model.base_model.model.model.layers.24.self_attn.o_proj.lora_A.default.weight
09/24/2025 19:46:05 - INFO - __main__ - language_model.base_model.model.model.layers.24.self_attn.o_proj.lora_B.default.weight
09/24/2025 19:46:05 - INFO - __main__ - language_model.base_model.model.model.layers.24.mlp.gate_proj.lora_A.default.weight
09/24/2025 19:46:05 - INFO - __main__ - language_model.base_model.model.model.layers.24.mlp.gate_proj.lora_B.default.weight
09/24/2025 19:46:05 - INFO - __main__ - language_model.base_model.model.model.layers.24.mlp.up_proj.lora_A.default.weight
09/24/2025 19:46:05 - INFO - __main__ - language_model.base_model.model.model.layers.24.mlp.up_proj.lora_B.default.weight
09/24/2025 19:46:05 - INFO - __main__ - language_model.base_model.model.model.layers.24.mlp.down_proj.lora_A.default.weight
09/24/2025 19:46:05 - INFO - __main__ - language_model.base_model.model.model.layers.24.mlp.down_proj.lora_B.default.weight
09/24/2025 19:46:05 - INFO - __main__ - language_model.base_model.model.model.layers.25.self_attn.q_proj.lora_A.default.weight
09/24/2025 19:46:05 - INFO - __main__ - language_model.base_model.model.model.layers.25.self_attn.q_proj.lora_B.default.weight
09/24/2025 19:46:05 - INFO - __main__ - language_model.base_model.model.model.layers.25.self_attn.k_proj.lora_A.default.weight
09/24/2025 19:46:05 - INFO - __main__ - language_model.base_model.model.model.layers.25.self_attn.k_proj.lora_B.default.weight
09/24/2025 19:46:05 - INFO - __main__ - language_model.base_model.model.model.layers.25.self_attn.v_proj.lora_A.default.weight
09/24/2025 19:46:05 - INFO - __main__ - language_model.base_model.model.model.layers.25.self_attn.v_proj.lora_B.default.weight
09/24/2025 19:46:05 - INFO - __main__ - language_model.base_model.model.model.layers.25.self_attn.o_proj.lora_A.default.weight
09/24/2025 19:46:05 - INFO - __main__ - language_model.base_model.model.model.layers.25.self_attn.o_proj.lora_B.default.weight
09/24/2025 19:46:05 - INFO - __main__ - language_model.base_model.model.model.layers.25.mlp.gate_proj.lora_A.default.weight
09/24/2025 19:46:05 - INFO - __main__ - language_model.base_model.model.model.layers.25.mlp.gate_proj.lora_B.default.weight
09/24/2025 19:46:05 - INFO - __main__ - language_model.base_model.model.model.layers.25.mlp.up_proj.lora_A.default.weight
09/24/2025 19:46:05 - INFO - __main__ - language_model.base_model.model.model.layers.25.mlp.up_proj.lora_B.default.weight
09/24/2025 19:46:05 - INFO - __main__ - language_model.base_model.model.model.layers.25.mlp.down_proj.lora_A.default.weight
09/24/2025 19:46:05 - INFO - __main__ - language_model.base_model.model.model.layers.25.mlp.down_proj.lora_B.default.weight
09/24/2025 19:46:05 - INFO - __main__ - language_model.base_model.model.model.layers.26.self_attn.q_proj.lora_A.default.weight
09/24/2025 19:46:05 - INFO - __main__ - language_model.base_model.model.model.layers.26.self_attn.q_proj.lora_B.default.weight
09/24/2025 19:46:05 - INFO - __main__ - language_model.base_model.model.model.layers.26.self_attn.k_proj.lora_A.default.weight
09/24/2025 19:46:05 - INFO - __main__ - language_model.base_model.model.model.layers.26.self_attn.k_proj.lora_B.default.weight
09/24/2025 19:46:05 - INFO - __main__ - language_model.base_model.model.model.layers.26.self_attn.v_proj.lora_A.default.weight
09/24/2025 19:46:05 - INFO - __main__ - language_model.base_model.model.model.layers.26.self_attn.v_proj.lora_B.default.weight
09/24/2025 19:46:05 - INFO - __main__ - language_model.base_model.model.model.layers.26.self_attn.o_proj.lora_A.default.weight
09/24/2025 19:46:05 - INFO - __main__ - language_model.base_model.model.model.layers.26.self_attn.o_proj.lora_B.default.weight
09/24/2025 19:46:05 - INFO - __main__ - language_model.base_model.model.model.layers.26.mlp.gate_proj.lora_A.default.weight
09/24/2025 19:46:05 - INFO - __main__ - language_model.base_model.model.model.layers.26.mlp.gate_proj.lora_B.default.weight
09/24/2025 19:46:05 - INFO - __main__ - language_model.base_model.model.model.layers.26.mlp.up_proj.lora_A.default.weight
09/24/2025 19:46:05 - INFO - __main__ - language_model.base_model.model.model.layers.26.mlp.up_proj.lora_B.default.weight
09/24/2025 19:46:05 - INFO - __main__ - language_model.base_model.model.model.layers.26.mlp.down_proj.lora_A.default.weight
09/24/2025 19:46:05 - INFO - __main__ - language_model.base_model.model.model.layers.26.mlp.down_proj.lora_B.default.weight
09/24/2025 19:46:05 - INFO - __main__ - language_model.base_model.model.model.layers.27.self_attn.q_proj.lora_A.default.weight
09/24/2025 19:46:05 - INFO - __main__ - language_model.base_model.model.model.layers.27.self_attn.q_proj.lora_B.default.weight
09/24/2025 19:46:05 - INFO - __main__ - language_model.base_model.model.model.layers.27.self_attn.k_proj.lora_A.default.weight
09/24/2025 19:46:05 - INFO - __main__ - language_model.base_model.model.model.layers.27.self_attn.k_proj.lora_B.default.weight
09/24/2025 19:46:05 - INFO - __main__ - language_model.base_model.model.model.layers.27.self_attn.v_proj.lora_A.default.weight
09/24/2025 19:46:05 - INFO - __main__ - language_model.base_model.model.model.layers.27.self_attn.v_proj.lora_B.default.weight
09/24/2025 19:46:05 - INFO - __main__ - language_model.base_model.model.model.layers.27.self_attn.o_proj.lora_A.default.weight
09/24/2025 19:46:05 - INFO - __main__ - language_model.base_model.model.model.layers.27.self_attn.o_proj.lora_B.default.weight
09/24/2025 19:46:05 - INFO - __main__ - language_model.base_model.model.model.layers.27.mlp.gate_proj.lora_A.default.weight
09/24/2025 19:46:05 - INFO - __main__ - language_model.base_model.model.model.layers.27.mlp.gate_proj.lora_B.default.weight
09/24/2025 19:46:05 - INFO - __main__ - language_model.base_model.model.model.layers.27.mlp.up_proj.lora_A.default.weight
09/24/2025 19:46:05 - INFO - __main__ - language_model.base_model.model.model.layers.27.mlp.up_proj.lora_B.default.weight
09/24/2025 19:46:05 - INFO - __main__ - language_model.base_model.model.model.layers.27.mlp.down_proj.lora_A.default.weight
09/24/2025 19:46:05 - INFO - __main__ - language_model.base_model.model.model.layers.27.mlp.down_proj.lora_B.default.weight
09/24/2025 19:46:05 - INFO - __main__ - mlp1.0.weight
09/24/2025 19:46:05 - INFO - __main__ - mlp1.0.bias
09/24/2025 19:46:05 - INFO - __main__ - mlp1.1.weight
09/24/2025 19:46:05 - INFO - __main__ - mlp1.1.bias
09/24/2025 19:46:05 - INFO - __main__ - mlp1.3.weight
09/24/2025 19:46:05 - INFO - __main__ - mlp1.3.bias
trainable params: 40,370,176 || all params: 7,653,191,168 || trainable%: 0.5274946765840411
[INFO|trainer.py:571] 2025-09-24 19:46:05,447 >> Using auto half precision backend
[2025-09-24 19:46:05,712] [INFO] [logging.py:96:log_dist] [Rank 0] DeepSpeed info: version=0.14.4, git-hash=unknown, git-branch=unknown
[2025-09-24 19:46:12,964] [INFO] [logging.py:96:log_dist] [Rank 0] DeepSpeed Flops Profiler Enabled: False
[rank1]:W0924 19:46:13.173516 570945 site-packages/torch/utils/cpp_extension.py:2425] TORCH_CUDA_ARCH_LIST is not set, all archs for visible cards are included for compilation. 
[rank1]:W0924 19:46:13.173516 570945 site-packages/torch/utils/cpp_extension.py:2425] If this is not desired, please set os.environ['TORCH_CUDA_ARCH_LIST'] to specific architectures.
ninja: no work to do.
Time to load fused_adam op: 1.7951078414916992 seconds
Time to load fused_adam op: 1.810344934463501 seconds
[2025-09-24 19:46:14,788] [INFO] [logging.py:96:log_dist] [Rank 0] Using DeepSpeed Optimizer param name adamw as basic optimizer
[2025-09-24 19:46:14,788] [INFO] [logging.py:96:log_dist] [Rank 0] Removing param_group that has no 'params' in the basic Optimizer
[2025-09-24 19:46:14,904] [INFO] [logging.py:96:log_dist] [Rank 0] DeepSpeed Basic Optimizer = FusedAdam
[2025-09-24 19:46:14,904] [INFO] [utils.py:56:is_zero_supported_optimizer] Checking ZeRO support for optimizer=FusedAdam type=<class 'deepspeed.ops.adam.fused_adam.FusedAdam'>
[2025-09-24 19:46:14,904] [INFO] [logging.py:96:log_dist] [Rank 0] Creating torch.bfloat16 ZeRO stage 1 optimizer
[2025-09-24 19:46:14,905] [INFO] [stage_1_and_2.py:148:__init__] Reduce bucket size 1000000000
[2025-09-24 19:46:14,905] [INFO] [stage_1_and_2.py:149:__init__] Allgather bucket size 1000000000
[2025-09-24 19:46:14,905] [INFO] [stage_1_and_2.py:150:__init__] CPU Offload: False
[2025-09-24 19:46:14,905] [INFO] [stage_1_and_2.py:151:__init__] Round robin gradient partitioning: False
[2025-09-24 19:46:15,569] [INFO] [utils.py:781:see_memory_usage] Before initializing optimizer states
[2025-09-24 19:46:15,570] [INFO] [utils.py:782:see_memory_usage] MA 15.49 GB         Max_MA 15.56 GB         CA 15.71 GB         Max_CA 16 GB 
[2025-09-24 19:46:15,570] [INFO] [utils.py:789:see_memory_usage] CPU Virtual Memory:  used = 32.63 GB, percent = 17.4%
[2025-09-24 19:46:15,791] [INFO] [utils.py:781:see_memory_usage] After initializing optimizer states
[2025-09-24 19:46:15,792] [INFO] [utils.py:782:see_memory_usage] MA 15.49 GB         Max_MA 15.62 GB         CA 15.84 GB         Max_CA 16 GB 
[2025-09-24 19:46:15,792] [INFO] [utils.py:789:see_memory_usage] CPU Virtual Memory:  used = 32.86 GB, percent = 17.5%
[2025-09-24 19:46:15,792] [INFO] [stage_1_and_2.py:543:__init__] optimizer state initialized
[2025-09-24 19:46:16,005] [INFO] [utils.py:781:see_memory_usage] After initializing ZeRO optimizer
[2025-09-24 19:46:16,006] [INFO] [utils.py:782:see_memory_usage] MA 15.49 GB         Max_MA 15.49 GB         CA 15.84 GB         Max_CA 16 GB 
[2025-09-24 19:46:16,006] [INFO] [utils.py:789:see_memory_usage] CPU Virtual Memory:  used = 33.07 GB, percent = 17.6%
[2025-09-24 19:46:16,013] [INFO] [logging.py:96:log_dist] [Rank 0] DeepSpeed Final Optimizer = DeepSpeedZeroOptimizer
[2025-09-24 19:46:16,014] [INFO] [logging.py:96:log_dist] [Rank 0] DeepSpeed using client callable to create LR scheduler
[2025-09-24 19:46:16,014] [INFO] [logging.py:96:log_dist] [Rank 0] DeepSpeed LR Scheduler = <torch.optim.lr_scheduler.LambdaLR object at 0x11c665b20fa0>
[2025-09-24 19:46:16,014] [INFO] [logging.py:96:log_dist] [Rank 0] step=0, skipped=0, lr=[0.0], mom=[[0.9, 0.999]]
[2025-09-24 19:46:16,019] [INFO] [config.py:997:print] DeepSpeedEngine configuration:
[2025-09-24 19:46:16,019] [INFO] [config.py:1001:print]   activation_checkpointing_config  {
    "partition_activations": false, 
    "contiguous_memory_optimization": false, 
    "cpu_checkpointing": false, 
    "number_checkpoints": null, 
    "synchronize_checkpoint_boundary": false, 
    "profile": false
}
[2025-09-24 19:46:16,019] [INFO] [config.py:1001:print]   aio_config ................... {'block_size': 1048576, 'queue_depth': 8, 'thread_count': 1, 'single_submit': False, 'overlap_events': True}
[2025-09-24 19:46:16,019] [INFO] [config.py:1001:print]   amp_enabled .................. False
[2025-09-24 19:46:16,019] [INFO] [config.py:1001:print]   amp_params ................... False
[2025-09-24 19:46:16,019] [INFO] [config.py:1001:print]   autotuning_config ............ {
    "enabled": false, 
    "start_step": null, 
    "end_step": null, 
    "metric_path": null, 
    "arg_mappings": null, 
    "metric": "throughput", 
    "model_info": null, 
    "results_dir": "autotuning_results", 
    "exps_dir": "autotuning_exps", 
    "overwrite": true, 
    "fast": true, 
    "start_profile_step": 3, 
    "end_profile_step": 5, 
    "tuner_type": "gridsearch", 
    "tuner_early_stopping": 5, 
    "tuner_num_trials": 50, 
    "model_info_path": null, 
    "mp_size": 1, 
    "max_train_batch_size": null, 
    "min_train_batch_size": 1, 
    "max_train_micro_batch_size_per_gpu": 1.024000e+03, 
    "min_train_micro_batch_size_per_gpu": 1, 
    "num_tuning_micro_batch_sizes": 3
}
[2025-09-24 19:46:16,019] [INFO] [config.py:1001:print]   bfloat16_enabled ............. True
[2025-09-24 19:46:16,019] [INFO] [config.py:1001:print]   bfloat16_immediate_grad_update  False
[2025-09-24 19:46:16,019] [INFO] [config.py:1001:print]   checkpoint_parallel_write_pipeline  False
[2025-09-24 19:46:16,019] [INFO] [config.py:1001:print]   checkpoint_tag_validation_enabled  True
[2025-09-24 19:46:16,020] [INFO] [config.py:1001:print]   checkpoint_tag_validation_fail  False
[2025-09-24 19:46:16,020] [INFO] [config.py:1001:print]   comms_config ................. <deepspeed.comm.config.DeepSpeedCommsConfig object at 0x11c665dcee80>
[2025-09-24 19:46:16,020] [INFO] [config.py:1001:print]   communication_data_type ...... None
[2025-09-24 19:46:16,020] [INFO] [config.py:1001:print]   compression_config ........... {'weight_quantization': {'shared_parameters': {'enabled': False, 'quantizer_kernel': False, 'schedule_offset': 0, 'quantize_groups': 1, 'quantize_verbose': False, 'quantization_type': 'symmetric', 'quantize_weight_in_forward': False, 'rounding': 'nearest', 'fp16_mixed_quantize': False, 'quantize_change_ratio': 0.001}, 'different_groups': {}}, 'activation_quantization': {'shared_parameters': {'enabled': False, 'quantization_type': 'symmetric', 'range_calibration': 'dynamic', 'schedule_offset': 1000}, 'different_groups': {}}, 'sparse_pruning': {'shared_parameters': {'enabled': False, 'method': 'l1', 'schedule_offset': 1000}, 'different_groups': {}}, 'row_pruning': {'shared_parameters': {'enabled': False, 'method': 'l1', 'schedule_offset': 1000}, 'different_groups': {}}, 'head_pruning': {'shared_parameters': {'enabled': False, 'method': 'topk', 'schedule_offset': 1000}, 'different_groups': {}}, 'channel_pruning': {'shared_parameters': {'enabled': False, 'method': 'l1', 'schedule_offset': 1000}, 'different_groups': {}}, 'layer_reduction': {'enabled': False}}
[2025-09-24 19:46:16,020] [INFO] [config.py:1001:print]   curriculum_enabled_legacy .... False
[2025-09-24 19:46:16,020] [INFO] [config.py:1001:print]   curriculum_params_legacy ..... False
[2025-09-24 19:46:16,020] [INFO] [config.py:1001:print]   data_efficiency_config ....... {'enabled': False, 'seed': 1234, 'data_sampling': {'enabled': False, 'num_epochs': 1000, 'num_workers': 0, 'curriculum_learning': {'enabled': False}}, 'data_routing': {'enabled': False, 'random_ltd': {'enabled': False, 'layer_token_lr_schedule': {'enabled': False}}}}
[2025-09-24 19:46:16,020] [INFO] [config.py:1001:print]   data_efficiency_enabled ...... False
[2025-09-24 19:46:16,020] [INFO] [config.py:1001:print]   dataloader_drop_last ......... False
[2025-09-24 19:46:16,020] [INFO] [config.py:1001:print]   disable_allgather ............ False
[2025-09-24 19:46:16,020] [INFO] [config.py:1001:print]   dump_state ................... False
[2025-09-24 19:46:16,020] [INFO] [config.py:1001:print]   dynamic_loss_scale_args ...... None
[2025-09-24 19:46:16,020] [INFO] [config.py:1001:print]   eigenvalue_enabled ........... False
[2025-09-24 19:46:16,020] [INFO] [config.py:1001:print]   eigenvalue_gas_boundary_resolution  1
[2025-09-24 19:46:16,020] [INFO] [config.py:1001:print]   eigenvalue_layer_name ........ bert.encoder.layer
[2025-09-24 19:46:16,020] [INFO] [config.py:1001:print]   eigenvalue_layer_num ......... 0
[2025-09-24 19:46:16,020] [INFO] [config.py:1001:print]   eigenvalue_max_iter .......... 100
[2025-09-24 19:46:16,020] [INFO] [config.py:1001:print]   eigenvalue_stability ......... 1e-06
[2025-09-24 19:46:16,020] [INFO] [config.py:1001:print]   eigenvalue_tol ............... 0.01
[2025-09-24 19:46:16,020] [INFO] [config.py:1001:print]   eigenvalue_verbose ........... False
[2025-09-24 19:46:16,020] [INFO] [config.py:1001:print]   elasticity_enabled ........... False
[2025-09-24 19:46:16,020] [INFO] [config.py:1001:print]   flops_profiler_config ........ {
    "enabled": false, 
    "recompute_fwd_factor": 0.0, 
    "profile_step": 1, 
    "module_depth": -1, 
    "top_modules": 1, 
    "detailed": true, 
    "output_file": null
}
[2025-09-24 19:46:16,020] [INFO] [config.py:1001:print]   fp16_auto_cast ............... None
[2025-09-24 19:46:16,020] [INFO] [config.py:1001:print]   fp16_enabled ................. False
[2025-09-24 19:46:16,020] [INFO] [config.py:1001:print]   fp16_master_weights_and_gradients  False
[2025-09-24 19:46:16,020] [INFO] [config.py:1001:print]   global_rank .................. 0
[2025-09-24 19:46:16,020] [INFO] [config.py:1001:print]   grad_accum_dtype ............. None
[2025-09-24 19:46:16,020] [INFO] [config.py:1001:print]   gradient_accumulation_steps .. 32
[2025-09-24 19:46:16,020] [INFO] [config.py:1001:print]   gradient_clipping ............ 1.0
[2025-09-24 19:46:16,020] [INFO] [config.py:1001:print]   gradient_predivide_factor .... 1.0
[2025-09-24 19:46:16,020] [INFO] [config.py:1001:print]   graph_harvesting ............. False
[2025-09-24 19:46:16,021] [INFO] [config.py:1001:print]   hybrid_engine ................ enabled=False max_out_tokens=512 inference_tp_size=1 release_inference_cache=False pin_parameters=True tp_gather_partition_size=8
[2025-09-24 19:46:16,021] [INFO] [config.py:1001:print]   initial_dynamic_scale ........ 1
[2025-09-24 19:46:16,021] [INFO] [config.py:1001:print]   load_universal_checkpoint .... False
[2025-09-24 19:46:16,021] [INFO] [config.py:1001:print]   loss_scale ................... 1.0
[2025-09-24 19:46:16,021] [INFO] [config.py:1001:print]   memory_breakdown ............. False
[2025-09-24 19:46:16,021] [INFO] [config.py:1001:print]   mics_hierarchial_params_gather  False
[2025-09-24 19:46:16,021] [INFO] [config.py:1001:print]   mics_shard_size .............. -1
[2025-09-24 19:46:16,021] [INFO] [config.py:1001:print]   monitor_config ............... tensorboard=TensorBoardConfig(enabled=False, output_path='', job_name='DeepSpeedJobName') comet=CometConfig(enabled=False, samples_log_interval=100, project=None, workspace=None, api_key=None, experiment_name=None, experiment_key=None, online=None, mode=None) wandb=WandbConfig(enabled=False, group=None, team=None, project='deepspeed') csv_monitor=CSVConfig(enabled=False, output_path='', job_name='DeepSpeedJobName') enabled=False
[2025-09-24 19:46:16,021] [INFO] [config.py:1001:print]   nebula_config ................ {
    "enabled": false, 
    "persistent_storage_path": null, 
    "persistent_time_interval": 100, 
    "num_of_version_in_retention": 2, 
    "enable_nebula_load": true, 
    "load_path": null
}
[2025-09-24 19:46:16,021] [INFO] [config.py:1001:print]   optimizer_legacy_fusion ...... False
[2025-09-24 19:46:16,021] [INFO] [config.py:1001:print]   optimizer_name ............... adamw
[2025-09-24 19:46:16,021] [INFO] [config.py:1001:print]   optimizer_params ............. {'lr': 2e-05, 'betas': [0.9, 0.999], 'eps': 1e-08, 'weight_decay': 0.05}
[2025-09-24 19:46:16,021] [INFO] [config.py:1001:print]   pipeline ..................... {'stages': 'auto', 'partition': 'best', 'seed_layers': False, 'activation_checkpoint_interval': 0, 'pipe_partitioned': True, 'grad_partitioned': True}
[2025-09-24 19:46:16,021] [INFO] [config.py:1001:print]   pld_enabled .................. False
[2025-09-24 19:46:16,021] [INFO] [config.py:1001:print]   pld_params ................... False
[2025-09-24 19:46:16,021] [INFO] [config.py:1001:print]   prescale_gradients ........... False
[2025-09-24 19:46:16,021] [INFO] [config.py:1001:print]   scheduler_name ............... None
[2025-09-24 19:46:16,021] [INFO] [config.py:1001:print]   scheduler_params ............. None
[2025-09-24 19:46:16,021] [INFO] [config.py:1001:print]   seq_parallel_communication_data_type  torch.float32
[2025-09-24 19:46:16,021] [INFO] [config.py:1001:print]   sparse_attention ............. None
[2025-09-24 19:46:16,021] [INFO] [config.py:1001:print]   sparse_gradients_enabled ..... False
[2025-09-24 19:46:16,021] [INFO] [config.py:1001:print]   steps_per_print .............. inf
[2025-09-24 19:46:16,021] [INFO] [config.py:1001:print]   timers_config ................ enabled=True synchronized=True
[2025-09-24 19:46:16,021] [INFO] [config.py:1001:print]   train_batch_size ............. 64
[2025-09-24 19:46:16,021] [INFO] [config.py:1001:print]   train_micro_batch_size_per_gpu  1
[2025-09-24 19:46:16,021] [INFO] [config.py:1001:print]   use_data_before_expert_parallel_  False
[2025-09-24 19:46:16,021] [INFO] [config.py:1001:print]   use_node_local_storage ....... False
[2025-09-24 19:46:16,021] [INFO] [config.py:1001:print]   wall_clock_breakdown ......... True
[2025-09-24 19:46:16,021] [INFO] [config.py:1001:print]   weight_quantization_config ... None
[2025-09-24 19:46:16,021] [INFO] [config.py:1001:print]   world_size ................... 2
[2025-09-24 19:46:16,021] [INFO] [config.py:1001:print]   zero_allow_untested_optimizer  False
[2025-09-24 19:46:16,021] [INFO] [config.py:1001:print]   zero_config .................. stage=1 contiguous_gradients=True reduce_scatter=True reduce_bucket_size=1000000000 use_multi_rank_bucket_allreduce=True allgather_partitions=True allgather_bucket_size=1000000000 overlap_comm=True load_from_fp32_weights=True elastic_checkpoint=False offload_param=None offload_optimizer=None sub_group_size=1,000,000,000 cpu_offload_param=None cpu_offload_use_pin_memory=None cpu_offload=None prefetch_bucket_size=50,000,000 param_persistence_threshold=100,000 model_persistence_threshold=sys.maxsize max_live_parameters=1,000,000,000 max_reuse_distance=1,000,000,000 gather_16bit_weights_on_model_save=False use_all_reduce_for_fetch_params=False stage3_gather_fp16_weights_on_model_save=False ignore_unused_parameters=True legacy_stage1=False round_robin_gradients=False zero_hpz_partition_size=1 zero_quantized_weights=False zero_quantized_nontrainable_weights=False zero_quantized_gradients=False mics_shard_size=-1 mics_hierarchical_params_gather=False memory_efficient_linear=True pipeline_loading_checkpoint=False override_module_apply=True
[2025-09-24 19:46:16,022] [INFO] [config.py:1001:print]   zero_enabled ................. True
[2025-09-24 19:46:16,022] [INFO] [config.py:1001:print]   zero_force_ds_cpu_optimizer .. True
[2025-09-24 19:46:16,022] [INFO] [config.py:1001:print]   zero_optimization_stage ...... 1
[2025-09-24 19:46:16,022] [INFO] [config.py:987:print_user_config]   json = {
    "zero_optimization": {
        "stage": 1, 
        "allgather_partitions": true, 
        "allgather_bucket_size": 1.000000e+09, 
        "overlap_comm": true, 
        "reduce_scatter": true, 
        "reduce_bucket_size": 1.000000e+09, 
        "contiguous_gradients": true
    }, 
    "fp16": {
        "enabled": false, 
        "auto_cast": true, 
        "loss_scale": 0, 
        "initial_scale_power": 32, 
        "loss_scale_window": 1000, 
        "hysteresis": 2, 
        "min_loss_scale": 1
    }, 
    "bf16": {
        "enabled": true
    }, 
    "optimizer": {
        "type": "AdamW", 
        "params": {
            "lr": 2e-05, 
            "betas": [0.9, 0.999], 
            "eps": 1e-08, 
            "weight_decay": 0.05
        }
    }, 
    "gradient_accumulation_steps": 32, 
    "gradient_clipping": 1.0, 
    "steps_per_print": inf, 
    "train_batch_size": 64, 
    "train_micro_batch_size_per_gpu": 1, 
    "wall_clock_breakdown": true
}
[INFO|trainer.py:1721] 2025-09-24 19:46:16,022 >> ***** Running training *****
[INFO|trainer.py:1722] 2025-09-24 19:46:16,022 >>   Num examples = 1,000
[INFO|trainer.py:1723] 2025-09-24 19:46:16,022 >>   Num Epochs = 1
[INFO|trainer.py:1724] 2025-09-24 19:46:16,022 >>   Instantaneous batch size per device = 1
[INFO|trainer.py:1727] 2025-09-24 19:46:16,022 >>   Total train batch size (w. parallel, distributed & accumulation) = 64
[INFO|trainer.py:1728] 2025-09-24 19:46:16,022 >>   Gradient Accumulation steps = 32
[INFO|trainer.py:1729] 2025-09-24 19:46:16,022 >>   Total optimization steps = 15
[INFO|trainer.py:1730] 2025-09-24 19:46:16,028 >>   Number of trainable parameters = 67,910,656
  0%|          | 0/15 [00:00<?, ?it/s][2025-09-24 19:46:21,311] [INFO] [real_accelerator.py:203:get_accelerator] Setting ds_accelerator to cuda (auto detect)
[2025-09-24 19:46:21,314] [INFO] [real_accelerator.py:203:get_accelerator] Setting ds_accelerator to cuda (auto detect)
/home/ashmal/anaconda3/envs/cvs_ass5_internvl/lib/python3.9/site-packages/deepspeed/runtime/zero/linear.py:49: FutureWarning: `torch.cuda.amp.custom_fwd(args...)` is deprecated. Please use `torch.amp.custom_fwd(args..., device_type='cuda')` instead.
  def forward(ctx, input, weight, bias=None):
/home/ashmal/anaconda3/envs/cvs_ass5_internvl/lib/python3.9/site-packages/deepspeed/runtime/zero/linear.py:67: FutureWarning: `torch.cuda.amp.custom_bwd(args...)` is deprecated. Please use `torch.amp.custom_bwd(args..., device_type='cuda')` instead.
  def backward(ctx, grad_output):
/home/ashmal/anaconda3/envs/cvs_ass5_internvl/lib/python3.9/site-packages/deepspeed/runtime/zero/linear.py:49: FutureWarning: `torch.cuda.amp.custom_fwd(args...)` is deprecated. Please use `torch.amp.custom_fwd(args..., device_type='cuda')` instead.
  def forward(ctx, input, weight, bias=None):
/home/ashmal/anaconda3/envs/cvs_ass5_internvl/lib/python3.9/site-packages/deepspeed/runtime/zero/linear.py:67: FutureWarning: `torch.cuda.amp.custom_bwd(args...)` is deprecated. Please use `torch.amp.custom_bwd(args..., device_type='cuda')` instead.
  def backward(ctx, grad_output):
[2025-09-24 19:46:37,152] [INFO] [real_accelerator.py:203:get_accelerator] Setting ds_accelerator to cuda (auto detect)
[2025-09-24 19:46:37,167] [INFO] [real_accelerator.py:203:get_accelerator] Setting ds_accelerator to cuda (auto detect)
/home/ashmal/anaconda3/envs/cvs_ass5_internvl/lib/python3.9/site-packages/deepspeed/runtime/zero/linear.py:49: FutureWarning: `torch.cuda.amp.custom_fwd(args...)` is deprecated. Please use `torch.amp.custom_fwd(args..., device_type='cuda')` instead.
  def forward(ctx, input, weight, bias=None):
/home/ashmal/anaconda3/envs/cvs_ass5_internvl/lib/python3.9/site-packages/deepspeed/runtime/zero/linear.py:67: FutureWarning: `torch.cuda.amp.custom_bwd(args...)` is deprecated. Please use `torch.amp.custom_bwd(args..., device_type='cuda')` instead.
  def backward(ctx, grad_output):
/home/ashmal/anaconda3/envs/cvs_ass5_internvl/lib/python3.9/site-packages/deepspeed/runtime/zero/linear.py:49: FutureWarning: `torch.cuda.amp.custom_fwd(args...)` is deprecated. Please use `torch.amp.custom_fwd(args..., device_type='cuda')` instead.
  def forward(ctx, input, weight, bias=None):
/home/ashmal/anaconda3/envs/cvs_ass5_internvl/lib/python3.9/site-packages/deepspeed/runtime/zero/linear.py:67: FutureWarning: `torch.cuda.amp.custom_bwd(args...)` is deprecated. Please use `torch.amp.custom_bwd(args..., device_type='cuda')` instead.
  def backward(ctx, grad_output):
[2025-09-24 19:46:49,735] [INFO] [real_accelerator.py:203:get_accelerator] Setting ds_accelerator to cuda (auto detect)
[2025-09-24 19:46:49,798] [INFO] [real_accelerator.py:203:get_accelerator] Setting ds_accelerator to cuda (auto detect)
/home/ashmal/anaconda3/envs/cvs_ass5_internvl/lib/python3.9/site-packages/deepspeed/runtime/zero/linear.py:49: FutureWarning: `torch.cuda.amp.custom_fwd(args...)` is deprecated. Please use `torch.amp.custom_fwd(args..., device_type='cuda')` instead.
  def forward(ctx, input, weight, bias=None):
/home/ashmal/anaconda3/envs/cvs_ass5_internvl/lib/python3.9/site-packages/deepspeed/runtime/zero/linear.py:67: FutureWarning: `torch.cuda.amp.custom_bwd(args...)` is deprecated. Please use `torch.amp.custom_bwd(args..., device_type='cuda')` instead.
  def backward(ctx, grad_output):
/home/ashmal/anaconda3/envs/cvs_ass5_internvl/lib/python3.9/site-packages/deepspeed/runtime/zero/linear.py:49: FutureWarning: `torch.cuda.amp.custom_fwd(args...)` is deprecated. Please use `torch.amp.custom_fwd(args..., device_type='cuda')` instead.
  def forward(ctx, input, weight, bias=None):
/home/ashmal/anaconda3/envs/cvs_ass5_internvl/lib/python3.9/site-packages/deepspeed/runtime/zero/linear.py:67: FutureWarning: `torch.cuda.amp.custom_bwd(args...)` is deprecated. Please use `torch.amp.custom_bwd(args..., device_type='cuda')` instead.
  def backward(ctx, grad_output):
[2025-09-24 19:47:01,306] [INFO] [real_accelerator.py:203:get_accelerator] Setting ds_accelerator to cuda (auto detect)
[2025-09-24 19:47:01,330] [INFO] [real_accelerator.py:203:get_accelerator] Setting ds_accelerator to cuda (auto detect)
/home/ashmal/anaconda3/envs/cvs_ass5_internvl/lib/python3.9/site-packages/deepspeed/runtime/zero/linear.py:49: FutureWarning: `torch.cuda.amp.custom_fwd(args...)` is deprecated. Please use `torch.amp.custom_fwd(args..., device_type='cuda')` instead.
  def forward(ctx, input, weight, bias=None):
/home/ashmal/anaconda3/envs/cvs_ass5_internvl/lib/python3.9/site-packages/deepspeed/runtime/zero/linear.py:67: FutureWarning: `torch.cuda.amp.custom_bwd(args...)` is deprecated. Please use `torch.amp.custom_bwd(args..., device_type='cuda')` instead.
  def backward(ctx, grad_output):
/home/ashmal/anaconda3/envs/cvs_ass5_internvl/lib/python3.9/site-packages/deepspeed/runtime/zero/linear.py:49: FutureWarning: `torch.cuda.amp.custom_fwd(args...)` is deprecated. Please use `torch.amp.custom_fwd(args..., device_type='cuda')` instead.
  def forward(ctx, input, weight, bias=None):
/home/ashmal/anaconda3/envs/cvs_ass5_internvl/lib/python3.9/site-packages/deepspeed/runtime/zero/linear.py:67: FutureWarning: `torch.cuda.amp.custom_bwd(args...)` is deprecated. Please use `torch.amp.custom_bwd(args..., device_type='cuda')` instead.
  def backward(ctx, grad_output):
dynamic ViT batch size: 4, images per sample: 4.0, dynamic token length: 1137
[2025-09-24 19:47:12,385] [INFO] [logging.py:96:log_dist] [Rank 0] time (ms) | fwd_microstep: 1720.61 | bwd_microstep: 759.82 | bwd_inner_microstep: 759.48 | bwd_allreduce_microstep: 0.11 | step_microstep: 0.08
dynamic ViT batch size: 3, images per sample: 3.0, dynamic token length: 850
[2025-09-24 19:47:13,102] [INFO] [logging.py:96:log_dist] [Rank 0] time (ms) | fwd_microstep: 220.13 | bwd_microstep: 423.79 | bwd_inner_microstep: 423.62 | bwd_allreduce_microstep: 0.07 | step_microstep: 0.07
dynamic ViT batch size: 1, images per sample: 1.0, dynamic token length: 422
[2025-09-24 19:47:13,561] [INFO] [logging.py:96:log_dist] [Rank 0] time (ms) | fwd_microstep: 146.58 | bwd_microstep: 289.33 | bwd_inner_microstep: 289.12 | bwd_allreduce_microstep: 0.09 | step_microstep: 0.07
dynamic ViT batch size: 13, images per sample: 13.0, dynamic token length: 3467
[2025-09-24 19:47:15,817] [INFO] [logging.py:96:log_dist] [Rank 0] time (ms) | fwd_microstep: 784.45 | bwd_microstep: 1440.97 | bwd_inner_microstep: 1440.96 | bwd_allreduce_microstep: 0.00 | step_microstep: 0.00
dynamic ViT batch size: 5, images per sample: 5.0, dynamic token length: 1380
[2025-09-24 19:47:16,741] [INFO] [logging.py:96:log_dist] [Rank 0] time (ms) | fwd_microstep: 321.98 | bwd_microstep: 575.33 | bwd_inner_microstep: 575.32 | bwd_allreduce_microstep: 0.00 | step_microstep: 0.08
dynamic ViT batch size: 13, images per sample: 13.0, dynamic token length: 3422
[2025-09-24 19:47:18,927] [INFO] [logging.py:96:log_dist] [Rank 0] time (ms) | fwd_microstep: 757.27 | bwd_microstep: 1397.17 | bwd_inner_microstep: 1397.16 | bwd_allreduce_microstep: 0.00 | step_microstep: 0.01
dynamic ViT batch size: 13, images per sample: 13.0, dynamic token length: 3406
[2025-09-24 19:47:21,100] [INFO] [logging.py:96:log_dist] [Rank 0] time (ms) | fwd_microstep: 752.95 | bwd_microstep: 1390.93 | bwd_inner_microstep: 1390.91 | bwd_allreduce_microstep: 0.00 | step_microstep: 0.00
dynamic ViT batch size: 13, images per sample: 13.0, dynamic token length: 3414
[2025-09-24 19:47:23,276] [INFO] [logging.py:96:log_dist] [Rank 0] time (ms) | fwd_microstep: 754.95 | bwd_microstep: 1393.73 | bwd_inner_microstep: 1393.71 | bwd_allreduce_microstep: 0.00 | step_microstep: 0.00
dynamic ViT batch size: 3, images per sample: 3.0, dynamic token length: 858
[2025-09-24 19:47:23,900] [INFO] [logging.py:96:log_dist] [Rank 0] time (ms) | fwd_microstep: 214.12 | bwd_microstep: 385.92 | bwd_inner_microstep: 385.91 | bwd_allreduce_microstep: 0.00 | step_microstep: 0.00
dynamic ViT batch size: 3, images per sample: 3.0, dynamic token length: 979
[2025-09-24 19:47:24,605] [INFO] [logging.py:96:log_dist] [Rank 0] time (ms) | fwd_microstep: 246.74 | bwd_microstep: 434.78 | bwd_inner_microstep: 434.77 | bwd_allreduce_microstep: 0.00 | step_microstep: 0.00
dynamic ViT batch size: 13, images per sample: 13.0, dynamic token length: 3420
[2025-09-24 19:47:26,782] [INFO] [logging.py:96:log_dist] [Rank 0] time (ms) | fwd_microstep: 754.62 | bwd_microstep: 1396.71 | bwd_inner_microstep: 1396.70 | bwd_allreduce_microstep: 0.00 | step_microstep: 0.00
dynamic ViT batch size: 13, images per sample: 13.0, dynamic token length: 3421
[2025-09-24 19:47:28,967] [INFO] [logging.py:96:log_dist] [Rank 0] time (ms) | fwd_microstep: 756.44 | bwd_microstep: 1400.91 | bwd_inner_microstep: 1400.90 | bwd_allreduce_microstep: 0.00 | step_microstep: 0.00
dynamic ViT batch size: 13, images per sample: 13.0, dynamic token length: 3405
[2025-09-24 19:47:31,161] [INFO] [logging.py:96:log_dist] [Rank 0] time (ms) | fwd_microstep: 759.18 | bwd_microstep: 1398.51 | bwd_inner_microstep: 1398.49 | bwd_allreduce_microstep: 0.00 | step_microstep: 0.00
dynamic ViT batch size: 3, images per sample: 3.0, dynamic token length: 844
[2025-09-24 19:47:31,803] [INFO] [logging.py:96:log_dist] [Rank 0] time (ms) | fwd_microstep: 224.85 | bwd_microstep: 390.25 | bwd_inner_microstep: 390.24 | bwd_allreduce_microstep: 0.00 | step_microstep: 0.06
dynamic ViT batch size: 3, images per sample: 3.0, dynamic token length: 860
[2025-09-24 19:47:32,427] [INFO] [logging.py:96:log_dist] [Rank 0] time (ms) | fwd_microstep: 214.86 | bwd_microstep: 383.93 | bwd_inner_microstep: 383.92 | bwd_allreduce_microstep: 0.00 | step_microstep: 0.00
dynamic ViT batch size: 13, images per sample: 13.0, dynamic token length: 3434
[2025-09-24 19:47:34,619] [INFO] [logging.py:96:log_dist] [Rank 0] time (ms) | fwd_microstep: 761.38 | bwd_microstep: 1405.14 | bwd_inner_microstep: 1405.13 | bwd_allreduce_microstep: 0.00 | step_microstep: 0.00
dynamic ViT batch size: 7, images per sample: 7.0, dynamic token length: 1874
[2025-09-24 19:47:35,874] [INFO] [logging.py:96:log_dist] [Rank 0] time (ms) | fwd_microstep: 432.80 | bwd_microstep: 796.01 | bwd_inner_microstep: 796.00 | bwd_allreduce_microstep: 0.00 | step_microstep: 0.00
dynamic ViT batch size: 1, images per sample: 1.0, dynamic token length: 352
[2025-09-24 19:47:36,366] [INFO] [logging.py:96:log_dist] [Rank 0] time (ms) | fwd_microstep: 156.05 | bwd_microstep: 303.41 | bwd_inner_microstep: 302.91 | bwd_allreduce_microstep: 0.18 | step_microstep: 0.20
dynamic ViT batch size: 1, images per sample: 1.0, dynamic token length: 324
[2025-09-24 19:47:36,827] [INFO] [logging.py:96:log_dist] [Rank 0] time (ms) | fwd_microstep: 131.04 | bwd_microstep: 292.30 | bwd_inner_microstep: 292.09 | bwd_allreduce_microstep: 0.09 | step_microstep: 0.07
dynamic ViT batch size: 13, images per sample: 13.0, dynamic token length: 3401
[2025-09-24 19:47:39,016] [INFO] [logging.py:96:log_dist] [Rank 0] time (ms) | fwd_microstep: 761.01 | bwd_microstep: 1398.37 | bwd_inner_microstep: 1398.35 | bwd_allreduce_microstep: 0.00 | step_microstep: 0.00
dynamic ViT batch size: 7, images per sample: 7.0, dynamic token length: 1867
[2025-09-24 19:47:40,265] [INFO] [logging.py:96:log_dist] [Rank 0] time (ms) | fwd_microstep: 429.71 | bwd_microstep: 794.39 | bwd_inner_microstep: 794.38 | bwd_allreduce_microstep: 0.00 | step_microstep: 0.00
dynamic ViT batch size: 7, images per sample: 7.0, dynamic token length: 1866
[2025-09-24 19:47:41,513] [INFO] [logging.py:96:log_dist] [Rank 0] time (ms) | fwd_microstep: 429.46 | bwd_microstep: 794.93 | bwd_inner_microstep: 794.92 | bwd_allreduce_microstep: 0.00 | step_microstep: 0.00
dynamic ViT batch size: 1, images per sample: 1.0, dynamic token length: 323
[2025-09-24 19:47:41,946] [INFO] [logging.py:96:log_dist] [Rank 0] time (ms) | fwd_microstep: 117.95 | bwd_microstep: 289.40 | bwd_inner_microstep: 289.09 | bwd_allreduce_microstep: 0.12 | step_microstep: 0.11
dynamic ViT batch size: 1, images per sample: 1.0, dynamic token length: 321
[2025-09-24 19:47:42,365] [INFO] [logging.py:96:log_dist] [Rank 0] time (ms) | fwd_microstep: 125.44 | bwd_microstep: 269.53 | bwd_inner_microstep: 269.23 | bwd_allreduce_microstep: 0.11 | step_microstep: 0.07
dynamic ViT batch size: 13, images per sample: 13.0, dynamic token length: 3586
[2025-09-24 19:47:44,724] [INFO] [logging.py:96:log_dist] [Rank 0] time (ms) | fwd_microstep: 804.19 | bwd_microstep: 1527.19 | bwd_inner_microstep: 1527.18 | bwd_allreduce_microstep: 0.00 | step_microstep: 0.00
dynamic ViT batch size: 3, images per sample: 3.0, dynamic token length: 939
[2025-09-24 19:47:45,439] [INFO] [logging.py:96:log_dist] [Rank 0] time (ms) | fwd_microstep: 252.65 | bwd_microstep: 427.23 | bwd_inner_microstep: 427.11 | bwd_allreduce_microstep: 0.00 | step_microstep: 0.14
dynamic ViT batch size: 1, images per sample: 1.0, dynamic token length: 417
[2025-09-24 19:47:45,942] [INFO] [logging.py:96:log_dist] [Rank 0] time (ms) | fwd_microstep: 144.48 | bwd_microstep: 333.09 | bwd_inner_microstep: 332.54 | bwd_allreduce_microstep: 0.20 | step_microstep: 0.17
dynamic ViT batch size: 1, images per sample: 1.0, dynamic token length: 391
[2025-09-24 19:47:46,400] [INFO] [logging.py:96:log_dist] [Rank 0] time (ms) | fwd_microstep: 144.20 | bwd_microstep: 287.23 | bwd_inner_microstep: 286.71 | bwd_allreduce_microstep: 0.18 | step_microstep: 0.14
dynamic ViT batch size: 3, images per sample: 3.0, dynamic token length: 883
[2025-09-24 19:47:47,094] [INFO] [logging.py:96:log_dist] [Rank 0] time (ms) | fwd_microstep: 234.35 | bwd_microstep: 428.04 | bwd_inner_microstep: 427.97 | bwd_allreduce_microstep: 0.00 | step_microstep: 0.07
dynamic ViT batch size: 13, images per sample: 13.0, dynamic token length: 3418
[2025-09-24 19:47:49,308] [INFO] [logging.py:96:log_dist] [Rank 0] time (ms) | fwd_microstep: 764.22 | bwd_microstep: 1410.33 | bwd_inner_microstep: 1410.32 | bwd_allreduce_microstep: 0.00 | step_microstep: 0.00
dynamic ViT batch size: 13, images per sample: 13.0, dynamic token length: 3402
[2025-09-24 19:47:51,505] [INFO] [logging.py:96:log_dist] [Rank 0] time (ms) | fwd_microstep: 762.61 | bwd_microstep: 1406.58 | bwd_inner_microstep: 1406.56 | bwd_allreduce_microstep: 0.00 | step_microstep: 0.00
dynamic ViT batch size: 13, images per sample: 13.0, dynamic token length: 3402
[2025-09-24 19:47:56,810] [INFO] [logging.py:96:log_dist] [Rank 0] time (ms) | optimizer_allgather: 13.72 | optimizer_gradients: 60.89 | optimizer_step: 6.94
[2025-09-24 19:47:56,811] [INFO] [logging.py:96:log_dist] [Rank 0] time (ms) | fwd_microstep: 763.40 | bwd_microstep: 4326.53 | bwd_inner_microstep: 1410.99 | bwd_allreduce_microstep: 2915.47 | step_microstep: 189.75
[2025-09-24 19:47:56,814] [INFO] [logging.py:96:log_dist] [Rank 0] time (ms) | fwd: 15843.77 | bwd: 29952.15 | bwd_inner: 27033.25 | bwd_allreduce: 2916.82 | step: 191.10
  7%|6         | 1/15 [01:40<23:31, 100.79s/it]                                               {'loss': 0.477, 'learning_rate': 2e-05, 'epoch': 0.06}
  7%|6         | 1/15 [01:40<23:31, 100.79s/it]dynamic ViT batch size: 13, images per sample: 13.0, dynamic token length: 3589
[2025-09-24 19:47:59,214] [INFO] [logging.py:96:log_dist] [Rank 0] time (ms) | fwd_microstep: 810.70 | bwd_microstep: 1537.21 | bwd_inner_microstep: 1537.20 | bwd_allreduce_microstep: 0.00 | step_microstep: 0.00
dynamic ViT batch size: 13, images per sample: 13.0, dynamic token length: 3430
[2025-09-24 19:48:01,444] [INFO] [logging.py:96:log_dist] [Rank 0] time (ms) | fwd_microstep: 770.88 | bwd_microstep: 1419.29 | bwd_inner_microstep: 1419.28 | bwd_allreduce_microstep: 0.00 | step_microstep: 0.00
dynamic ViT batch size: 11, images per sample: 11.0, dynamic token length: 2916
[2025-09-24 19:48:03,341] [INFO] [logging.py:96:log_dist] [Rank 0] time (ms) | fwd_microstep: 655.10 | bwd_microstep: 1210.96 | bwd_inner_microstep: 1210.95 | bwd_allreduce_microstep: 0.00 | step_microstep: 0.00
dynamic ViT batch size: 13, images per sample: 13.0, dynamic token length: 3461
[2025-09-24 19:48:05,620] [INFO] [logging.py:96:log_dist] [Rank 0] time (ms) | fwd_microstep: 783.39 | bwd_microstep: 1461.38 | bwd_inner_microstep: 1461.36 | bwd_allreduce_microstep: 0.00 | step_microstep: 0.00
dynamic ViT batch size: 5, images per sample: 5.0, dynamic token length: 1427
[2025-09-24 19:48:06,650] [INFO] [logging.py:96:log_dist] [Rank 0] time (ms) | fwd_microstep: 396.95 | bwd_microstep: 607.75 | bwd_inner_microstep: 607.74 | bwd_allreduce_microstep: 0.00 | step_microstep: 0.00
dynamic ViT batch size: 11, images per sample: 11.0, dynamic token length: 2926
[2025-09-24 19:48:08,544] [INFO] [logging.py:96:log_dist] [Rank 0] time (ms) | fwd_microstep: 655.15 | bwd_microstep: 1212.11 | bwd_inner_microstep: 1212.10 | bwd_allreduce_microstep: 0.00 | step_microstep: 0.00
dynamic ViT batch size: 13, images per sample: 13.0, dynamic token length: 3405
[2025-09-24 19:48:10,770] [INFO] [logging.py:96:log_dist] [Rank 0] time (ms) | fwd_microstep: 770.99 | bwd_microstep: 1418.78 | bwd_inner_microstep: 1418.77 | bwd_allreduce_microstep: 0.00 | step_microstep: 0.00
dynamic ViT batch size: 7, images per sample: 7.0, dynamic token length: 1889
[2025-09-24 19:48:12,053] [INFO] [logging.py:96:log_dist] [Rank 0] time (ms) | fwd_microstep: 443.46 | bwd_microstep: 808.09 | bwd_inner_microstep: 808.08 | bwd_allreduce_microstep: 0.00 | step_microstep: 0.00
dynamic ViT batch size: 13, images per sample: 13.0, dynamic token length: 3434
[2025-09-24 19:48:14,278] [INFO] [logging.py:96:log_dist] [Rank 0] time (ms) | fwd_microstep: 772.17 | bwd_microstep: 1425.65 | bwd_inner_microstep: 1425.64 | bwd_allreduce_microstep: 0.00 | step_microstep: 0.00
dynamic ViT batch size: 11, images per sample: 11.0, dynamic token length: 2896
[2025-09-24 19:48:16,174] [INFO] [logging.py:96:log_dist] [Rank 0] time (ms) | fwd_microstep: 657.44 | bwd_microstep: 1212.47 | bwd_inner_microstep: 1212.46 | bwd_allreduce_microstep: 0.00 | step_microstep: 0.00
dynamic ViT batch size: 13, images per sample: 13.0, dynamic token length: 3413
[2025-09-24 19:48:18,420] [INFO] [logging.py:96:log_dist] [Rank 0] time (ms) | fwd_microstep: 772.63 | bwd_microstep: 1427.64 | bwd_inner_microstep: 1427.62 | bwd_allreduce_microstep: 0.00 | step_microstep: 0.00
dynamic ViT batch size: 13, images per sample: 13.0, dynamic token length: 3409
[2025-09-24 19:48:20,669] [INFO] [logging.py:96:log_dist] [Rank 0] time (ms) | fwd_microstep: 776.15 | bwd_microstep: 1426.00 | bwd_inner_microstep: 1425.99 | bwd_allreduce_microstep: 0.00 | step_microstep: 0.00
dynamic ViT batch size: 13, images per sample: 13.0, dynamic token length: 3404
[2025-09-24 19:48:22,905] [INFO] [logging.py:96:log_dist] [Rank 0] time (ms) | fwd_microstep: 775.03 | bwd_microstep: 1428.19 | bwd_inner_microstep: 1428.18 | bwd_allreduce_microstep: 0.00 | step_microstep: 0.00
dynamic ViT batch size: 7, images per sample: 7.0, dynamic token length: 1865
[2025-09-24 19:48:24,202] [INFO] [logging.py:96:log_dist] [Rank 0] time (ms) | fwd_microstep: 448.14 | bwd_microstep: 809.59 | bwd_inner_microstep: 809.57 | bwd_allreduce_microstep: 0.00 | step_microstep: 0.00
dynamic ViT batch size: 3, images per sample: 3.0, dynamic token length: 855
[2025-09-24 19:48:24,842] [INFO] [logging.py:96:log_dist] [Rank 0] time (ms) | fwd_microstep: 220.56 | bwd_microstep: 394.64 | bwd_inner_microstep: 394.63 | bwd_allreduce_microstep: 0.00 | step_microstep: 0.00
dynamic ViT batch size: 1, images per sample: 1.0, dynamic token length: 347
[2025-09-24 19:48:25,250] [INFO] [logging.py:96:log_dist] [Rank 0] time (ms) | fwd_microstep: 130.18 | bwd_microstep: 253.09 | bwd_inner_microstep: 252.92 | bwd_allreduce_microstep: 0.07 | step_microstep: 0.06
dynamic ViT batch size: 7, images per sample: 7.0, dynamic token length: 1865
[2025-09-24 19:48:26,526] [INFO] [logging.py:96:log_dist] [Rank 0] time (ms) | fwd_microstep: 440.32 | bwd_microstep: 809.66 | bwd_inner_microstep: 809.65 | bwd_allreduce_microstep: 0.00 | step_microstep: 0.00
dynamic ViT batch size: 11, images per sample: 11.0, dynamic token length: 2889
[2025-09-24 19:48:28,431] [INFO] [logging.py:96:log_dist] [Rank 0] time (ms) | fwd_microstep: 664.26 | bwd_microstep: 1215.59 | bwd_inner_microstep: 1215.58 | bwd_allreduce_microstep: 0.00 | step_microstep: 0.00
dynamic ViT batch size: 9, images per sample: 9.0, dynamic token length: 2378
[2025-09-24 19:48:30,028] [INFO] [logging.py:96:log_dist] [Rank 0] time (ms) | fwd_microstep: 551.19 | bwd_microstep: 1021.25 | bwd_inner_microstep: 1021.24 | bwd_allreduce_microstep: 0.00 | step_microstep: 0.00
dynamic ViT batch size: 7, images per sample: 7.0, dynamic token length: 1857
[2025-09-24 19:48:31,305] [INFO] [logging.py:96:log_dist] [Rank 0] time (ms) | fwd_microstep: 440.86 | bwd_microstep: 810.98 | bwd_inner_microstep: 810.96 | bwd_allreduce_microstep: 0.00 | step_microstep: 0.00
dynamic ViT batch size: 13, images per sample: 13.0, dynamic token length: 3394
[2025-09-24 19:48:33,546] [INFO] [logging.py:96:log_dist] [Rank 0] time (ms) | fwd_microstep: 778.86 | bwd_microstep: 1434.68 | bwd_inner_microstep: 1434.67 | bwd_allreduce_microstep: 0.00 | step_microstep: 0.00
dynamic ViT batch size: 13, images per sample: 13.0, dynamic token length: 3627
[2025-09-24 19:48:35,980] [INFO] [logging.py:96:log_dist] [Rank 0] time (ms) | fwd_microstep: 830.70 | bwd_microstep: 1576.17 | bwd_inner_microstep: 1576.16 | bwd_allreduce_microstep: 0.00 | step_microstep: 0.00
dynamic ViT batch size: 9, images per sample: 9.0, dynamic token length: 2566
[2025-09-24 19:48:37,712] [INFO] [logging.py:96:log_dist] [Rank 0] time (ms) | fwd_microstep: 592.40 | bwd_microstep: 1114.86 | bwd_inner_microstep: 1114.85 | bwd_allreduce_microstep: 0.00 | step_microstep: 0.00
dynamic ViT batch size: 13, images per sample: 13.0, dynamic token length: 3489
[2025-09-24 19:48:40,038] [INFO] [logging.py:96:log_dist] [Rank 0] time (ms) | fwd_microstep: 800.61 | bwd_microstep: 1492.06 | bwd_inner_microstep: 1492.05 | bwd_allreduce_microstep: 0.00 | step_microstep: 0.00
dynamic ViT batch size: 13, images per sample: 13.0, dynamic token length: 3446
[2025-09-24 19:48:42,299] [INFO] [logging.py:96:log_dist] [Rank 0] time (ms) | fwd_microstep: 786.11 | bwd_microstep: 1446.95 | bwd_inner_microstep: 1446.94 | bwd_allreduce_microstep: 0.00 | step_microstep: 0.00
dynamic ViT batch size: 4, images per sample: 4.0, dynamic token length: 1122
[2025-09-24 19:48:43,119] [INFO] [logging.py:96:log_dist] [Rank 0] time (ms) | fwd_microstep: 277.58 | bwd_microstep: 504.55 | bwd_inner_microstep: 504.54 | bwd_allreduce_microstep: 0.00 | step_microstep: 0.00
dynamic ViT batch size: 13, images per sample: 13.0, dynamic token length: 3422
[2025-09-24 19:48:45,385] [INFO] [logging.py:96:log_dist] [Rank 0] time (ms) | fwd_microstep: 785.57 | bwd_microstep: 1447.05 | bwd_inner_microstep: 1447.04 | bwd_allreduce_microstep: 0.00 | step_microstep: 0.00
dynamic ViT batch size: 13, images per sample: 13.0, dynamic token length: 3406
[2025-09-24 19:48:47,647] [INFO] [logging.py:96:log_dist] [Rank 0] time (ms) | fwd_microstep: 785.06 | bwd_microstep: 1444.11 | bwd_inner_microstep: 1444.09 | bwd_allreduce_microstep: 0.00 | step_microstep: 0.00
dynamic ViT batch size: 9, images per sample: 9.0, dynamic token length: 2379
[2025-09-24 19:48:49,266] [INFO] [logging.py:96:log_dist] [Rank 0] time (ms) | fwd_microstep: 554.86 | bwd_microstep: 1031.37 | bwd_inner_microstep: 1031.36 | bwd_allreduce_microstep: 0.00 | step_microstep: 0.00
dynamic ViT batch size: 7, images per sample: 7.0, dynamic token length: 1865
[2025-09-24 19:48:50,574] [INFO] [logging.py:96:log_dist] [Rank 0] time (ms) | fwd_microstep: 452.82 | bwd_microstep: 817.07 | bwd_inner_microstep: 817.06 | bwd_allreduce_microstep: 0.00 | step_microstep: 0.00
dynamic ViT batch size: 3, images per sample: 3.0, dynamic token length: 835
[2025-09-24 19:48:51,229] [INFO] [logging.py:96:log_dist] [Rank 0] time (ms) | fwd_microstep: 231.39 | bwd_microstep: 393.31 | bwd_inner_microstep: 393.30 | bwd_allreduce_microstep: 0.00 | step_microstep: 0.00
dynamic ViT batch size: 1, images per sample: 1.0, dynamic token length: 322
[2025-09-24 19:48:51,760] [INFO] [logging.py:96:log_dist] [Rank 0] time (ms) | optimizer_allgather: 13.61 | optimizer_gradients: 1.59 | optimizer_step: 1.72
[2025-09-24 19:48:51,761] [INFO] [logging.py:96:log_dist] [Rank 0] time (ms) | fwd_microstep: 124.89 | bwd_microstep: 339.51 | bwd_inner_microstep: 304.39 | bwd_allreduce_microstep: 34.94 | step_microstep: 44.09
[2025-09-24 19:48:51,764] [INFO] [logging.py:96:log_dist] [Rank 0] time (ms) | fwd: 18935.39 | bwd: 34952.10 | bwd_inner: 34916.46 | bwd_allreduce: 35.12 | step: 44.24
 13%|#3        | 2/15 [02:35<15:59, 73.83s/it]                                               {'loss': 0.5504, 'learning_rate': 1.9749279121818235e-05, 'epoch': 0.13}
 13%|#3        | 2/15 [02:35<15:59, 73.83s/it]dynamic ViT batch size: 7, images per sample: 7.0, dynamic token length: 1892
[2025-09-24 19:48:53,075] [INFO] [logging.py:96:log_dist] [Rank 0] time (ms) | fwd_microstep: 449.10 | bwd_microstep: 825.80 | bwd_inner_microstep: 825.79 | bwd_allreduce_microstep: 0.00 | step_microstep: 0.07
dynamic ViT batch size: 1, images per sample: 1.0, dynamic token length: 341
[2025-09-24 19:48:53,503] [INFO] [logging.py:96:log_dist] [Rank 0] time (ms) | fwd_microstep: 135.56 | bwd_microstep: 259.42 | bwd_inner_microstep: 259.09 | bwd_allreduce_microstep: 0.13 | step_microstep: 0.16
dynamic ViT batch size: 13, images per sample: 13.0, dynamic token length: 3422
